[2025-08-26 12:52:16] Development.ERROR: Call to undefined relationship [ProductGroupCode] on model [App\Models\ProductsModel]. {"exception":"[object] (Illuminate\\Database\\Eloquent\\RelationNotFoundException(code: 0): Call to undefined relationship [ProductGroupCode] on model [App\\Models\\ProductsModel]. at E:\\iseng\\AgenToC\\vendor\\laravel\\framework\\src\\Illuminate\\Database\\Eloquent\\RelationNotFoundException.php:35)
[stacktrace]
#0 E:\\iseng\\AgenToC\\vendor\\laravel\\framework\\src\\Illuminate\\Database\\Eloquent\\Builder.php(939): Illuminate\\Database\\Eloquent\\RelationNotFoundException::make()
#1 E:\\iseng\\AgenToC\\vendor\\laravel\\framework\\src\\Illuminate\\Database\\Eloquent\\Relations\\Relation.php(119): Illuminate\\Database\\Eloquent\\Builder->{closure:Illuminate\\Database\\Eloquent\\Builder::getRelation():935}()
#2 E:\\iseng\\AgenToC\\vendor\\laravel\\framework\\src\\Illuminate\\Database\\Eloquent\\Builder.php(935): Illuminate\\Database\\Eloquent\\Relations\\Relation::noConstraints()
#3 E:\\iseng\\AgenToC\\vendor\\laravel\\framework\\src\\Illuminate\\Database\\Eloquent\\Builder.php(909): Illuminate\\Database\\Eloquent\\Builder->getRelation()
#4 E:\\iseng\\AgenToC\\vendor\\laravel\\framework\\src\\Illuminate\\Database\\Eloquent\\Builder.php(889): Illuminate\\Database\\Eloquent\\Builder->eagerLoadRelation()
#5 E:\\iseng\\AgenToC\\vendor\\laravel\\framework\\src\\Illuminate\\Database\\Eloquent\\Builder.php(855): Illuminate\\Database\\Eloquent\\Builder->eagerLoadRelations()
#6 E:\\iseng\\AgenToC\\app\\Http\\Controllers\\LandingController.php(17): Illuminate\\Database\\Eloquent\\Builder->get()
#7 E:\\iseng\\AgenToC\\vendor\\laravel\\framework\\src\\Illuminate\\Routing\\ControllerDispatcher.php(46): App\\Http\\Controllers\\LandingController->index()
#8 E:\\iseng\\AgenToC\\vendor\\laravel\\framework\\src\\Illuminate\\Routing\\Route.php(265): Illuminate\\Routing\\ControllerDispatcher->dispatch()
#9 E:\\iseng\\AgenToC\\vendor\\laravel\\framework\\src\\Illuminate\\Routing\\Route.php(211): Illuminate\\Routing\\Route->runController()
#10 E:\\iseng\\AgenToC\\vendor\\laravel\\framework\\src\\Illuminate\\Routing\\Router.php(808): Illuminate\\Routing\\Route->run()
#11 E:\\iseng\\AgenToC\\vendor\\laravel\\framework\\src\\Illuminate\\Pipeline\\Pipeline.php(169): Illuminate\\Routing\\Router->{closure:Illuminate\\Routing\\Router::runRouteWithinStack():807}()
#12 E:\\iseng\\AgenToC\\vendor\\laravel\\framework\\src\\Illuminate\\Routing\\Middleware\\SubstituteBindings.php(50): Illuminate\\Pipeline\\Pipeline->{closure:Illuminate\\Pipeline\\Pipeline::prepareDestination():167}()
#13 E:\\iseng\\AgenToC\\vendor\\laravel\\framework\\src\\Illuminate\\Pipeline\\Pipeline.php(208): Illuminate\\Routing\\Middleware\\SubstituteBindings->handle()
#14 E:\\iseng\\AgenToC\\vendor\\laravel\\framework\\src\\Illuminate\\Foundation\\Http\\Middleware\\VerifyCsrfToken.php(87): Illuminate\\Pipeline\\Pipeline->{closure:{closure:Illuminate\\Pipeline\\Pipeline::carry():183}:184}()
#15 E:\\iseng\\AgenToC\\vendor\\laravel\\framework\\src\\Illuminate\\Pipeline\\Pipeline.php(208): Illuminate\\Foundation\\Http\\Middleware\\VerifyCsrfToken->handle()
#16 E:\\iseng\\AgenToC\\vendor\\laravel\\framework\\src\\Illuminate\\View\\Middleware\\ShareErrorsFromSession.php(48): Illuminate\\Pipeline\\Pipeline->{closure:{closure:Illuminate\\Pipeline\\Pipeline::carry():183}:184}()
#17 E:\\iseng\\AgenToC\\vendor\\laravel\\framework\\src\\Illuminate\\Pipeline\\Pipeline.php(208): Illuminate\\View\\Middleware\\ShareErrorsFromSession->handle()
#18 E:\\iseng\\AgenToC\\vendor\\laravel\\framework\\src\\Illuminate\\Session\\Middleware\\StartSession.php(120): Illuminate\\Pipeline\\Pipeline->{closure:{closure:Illuminate\\Pipeline\\Pipeline::carry():183}:184}()
#19 E:\\iseng\\AgenToC\\vendor\\laravel\\framework\\src\\Illuminate\\Session\\Middleware\\StartSession.php(63): Illuminate\\Session\\Middleware\\StartSession->handleStatefulRequest()
#20 E:\\iseng\\AgenToC\\vendor\\laravel\\framework\\src\\Illuminate\\Pipeline\\Pipeline.php(208): Illuminate\\Session\\Middleware\\StartSession->handle()
#21 E:\\iseng\\AgenToC\\vendor\\laravel\\framework\\src\\Illuminate\\Cookie\\Middleware\\AddQueuedCookiesToResponse.php(36): Illuminate\\Pipeline\\Pipeline->{closure:{closure:Illuminate\\Pipeline\\Pipeline::carry():183}:184}()
#22 E:\\iseng\\AgenToC\\vendor\\laravel\\framework\\src\\Illuminate\\Pipeline\\Pipeline.php(208): Illuminate\\Cookie\\Middleware\\AddQueuedCookiesToResponse->handle()
#23 E:\\iseng\\AgenToC\\vendor\\laravel\\framework\\src\\Illuminate\\Cookie\\Middleware\\EncryptCookies.php(74): Illuminate\\Pipeline\\Pipeline->{closure:{closure:Illuminate\\Pipeline\\Pipeline::carry():183}:184}()
#24 E:\\iseng\\AgenToC\\vendor\\laravel\\framework\\src\\Illuminate\\Pipeline\\Pipeline.php(208): Illuminate\\Cookie\\Middleware\\EncryptCookies->handle()
#25 E:\\iseng\\AgenToC\\vendor\\laravel\\framework\\src\\Illuminate\\Pipeline\\Pipeline.php(126): Illuminate\\Pipeline\\Pipeline->{closure:{closure:Illuminate\\Pipeline\\Pipeline::carry():183}:184}()
#26 E:\\iseng\\AgenToC\\vendor\\laravel\\framework\\src\\Illuminate\\Routing\\Router.php(807): Illuminate\\Pipeline\\Pipeline->then()
#27 E:\\iseng\\AgenToC\\vendor\\laravel\\framework\\src\\Illuminate\\Routing\\Router.php(786): Illuminate\\Routing\\Router->runRouteWithinStack()
#28 E:\\iseng\\AgenToC\\vendor\\laravel\\framework\\src\\Illuminate\\Routing\\Router.php(750): Illuminate\\Routing\\Router->runRoute()
#29 E:\\iseng\\AgenToC\\vendor\\laravel\\framework\\src\\Illuminate\\Routing\\Router.php(739): Illuminate\\Routing\\Router->dispatchToRoute()
#30 E:\\iseng\\AgenToC\\vendor\\laravel\\framework\\src\\Illuminate\\Foundation\\Http\\Kernel.php(200): Illuminate\\Routing\\Router->dispatch()
#31 E:\\iseng\\AgenToC\\vendor\\laravel\\framework\\src\\Illuminate\\Pipeline\\Pipeline.php(169): Illuminate\\Foundation\\Http\\Kernel->{closure:Illuminate\\Foundation\\Http\\Kernel::dispatchToRouter():197}()
#32 E:\\iseng\\AgenToC\\vendor\\laravel\\framework\\src\\Illuminate\\Foundation\\Http\\Middleware\\TransformsRequest.php(21): Illuminate\\Pipeline\\Pipeline->{closure:Illuminate\\Pipeline\\Pipeline::prepareDestination():167}()
#33 E:\\iseng\\AgenToC\\vendor\\laravel\\framework\\src\\Illuminate\\Foundation\\Http\\Middleware\\ConvertEmptyStringsToNull.php(31): Illuminate\\Foundation\\Http\\Middleware\\TransformsRequest->handle()
#34 E:\\iseng\\AgenToC\\vendor\\laravel\\framework\\src\\Illuminate\\Pipeline\\Pipeline.php(208): Illuminate\\Foundation\\Http\\Middleware\\ConvertEmptyStringsToNull->handle()
#35 E:\\iseng\\AgenToC\\vendor\\laravel\\framework\\src\\Illuminate\\Foundation\\Http\\Middleware\\TransformsRequest.php(21): Illuminate\\Pipeline\\Pipeline->{closure:{closure:Illuminate\\Pipeline\\Pipeline::carry():183}:184}()
#36 E:\\iseng\\AgenToC\\vendor\\laravel\\framework\\src\\Illuminate\\Foundation\\Http\\Middleware\\TrimStrings.php(51): Illuminate\\Foundation\\Http\\Middleware\\TransformsRequest->handle()
#37 E:\\iseng\\AgenToC\\vendor\\laravel\\framework\\src\\Illuminate\\Pipeline\\Pipeline.php(208): Illuminate\\Foundation\\Http\\Middleware\\TrimStrings->handle()
#38 E:\\iseng\\AgenToC\\vendor\\laravel\\framework\\src\\Illuminate\\Http\\Middleware\\ValidatePostSize.php(27): Illuminate\\Pipeline\\Pipeline->{closure:{closure:Illuminate\\Pipeline\\Pipeline::carry():183}:184}()
#39 E:\\iseng\\AgenToC\\vendor\\laravel\\framework\\src\\Illuminate\\Pipeline\\Pipeline.php(208): Illuminate\\Http\\Middleware\\ValidatePostSize->handle()
#40 E:\\iseng\\AgenToC\\vendor\\laravel\\framework\\src\\Illuminate\\Foundation\\Http\\Middleware\\PreventRequestsDuringMaintenance.php(109): Illuminate\\Pipeline\\Pipeline->{closure:{closure:Illuminate\\Pipeline\\Pipeline::carry():183}:184}()
#41 E:\\iseng\\AgenToC\\vendor\\laravel\\framework\\src\\Illuminate\\Pipeline\\Pipeline.php(208): Illuminate\\Foundation\\Http\\Middleware\\PreventRequestsDuringMaintenance->handle()
#42 E:\\iseng\\AgenToC\\vendor\\laravel\\framework\\src\\Illuminate\\Http\\Middleware\\HandleCors.php(48): Illuminate\\Pipeline\\Pipeline->{closure:{closure:Illuminate\\Pipeline\\Pipeline::carry():183}:184}()
#43 E:\\iseng\\AgenToC\\vendor\\laravel\\framework\\src\\Illuminate\\Pipeline\\Pipeline.php(208): Illuminate\\Http\\Middleware\\HandleCors->handle()
#44 E:\\iseng\\AgenToC\\vendor\\laravel\\framework\\src\\Illuminate\\Http\\Middleware\\TrustProxies.php(58): Illuminate\\Pipeline\\Pipeline->{closure:{closure:Illuminate\\Pipeline\\Pipeline::carry():183}:184}()
#45 E:\\iseng\\AgenToC\\vendor\\laravel\\framework\\src\\Illuminate\\Pipeline\\Pipeline.php(208): Illuminate\\Http\\Middleware\\TrustProxies->handle()
#46 E:\\iseng\\AgenToC\\vendor\\laravel\\framework\\src\\Illuminate\\Foundation\\Http\\Middleware\\InvokeDeferredCallbacks.php(22): Illuminate\\Pipeline\\Pipeline->{closure:{closure:Illuminate\\Pipeline\\Pipeline::carry():183}:184}()
#47 E:\\iseng\\AgenToC\\vendor\\laravel\\framework\\src\\Illuminate\\Pipeline\\Pipeline.php(208): Illuminate\\Foundation\\Http\\Middleware\\InvokeDeferredCallbacks->handle()
#48 E:\\iseng\\AgenToC\\vendor\\laravel\\framework\\src\\Illuminate\\Http\\Middleware\\ValidatePathEncoding.php(26): Illuminate\\Pipeline\\Pipeline->{closure:{closure:Illuminate\\Pipeline\\Pipeline::carry():183}:184}()
#49 E:\\iseng\\AgenToC\\vendor\\laravel\\framework\\src\\Illuminate\\Pipeline\\Pipeline.php(208): Illuminate\\Http\\Middleware\\ValidatePathEncoding->handle()
#50 E:\\iseng\\AgenToC\\vendor\\laravel\\framework\\src\\Illuminate\\Pipeline\\Pipeline.php(126): Illuminate\\Pipeline\\Pipeline->{closure:{closure:Illuminate\\Pipeline\\Pipeline::carry():183}:184}()
#51 E:\\iseng\\AgenToC\\vendor\\laravel\\framework\\src\\Illuminate\\Foundation\\Http\\Kernel.php(175): Illuminate\\Pipeline\\Pipeline->then()
#52 E:\\iseng\\AgenToC\\vendor\\laravel\\framework\\src\\Illuminate\\Foundation\\Http\\Kernel.php(144): Illuminate\\Foundation\\Http\\Kernel->sendRequestThroughRouter()
#53 E:\\iseng\\AgenToC\\vendor\\laravel\\framework\\src\\Illuminate\\Foundation\\Application.php(1219): Illuminate\\Foundation\\Http\\Kernel->handle()
#54 E:\\iseng\\AgenToC\\public\\index.php(20): Illuminate\\Foundation\\Application->handleRequest()
#55 E:\\iseng\\AgenToC\\vendor\\laravel\\framework\\src\\Illuminate\\Foundation\\resources\\server.php(23): require_once('...')
#56 {main}
"} 
[2025-08-26 12:54:35] Development.ERROR: SQLSTATE[HY000]: General error: 1 no such table: product_group_code (Connection: sqlite, SQL: select "products".*, "product_group_code"."value" from "products" inner join "product_group_code" on "products"."product_group_code" = "product_group_code"."code" order by "product_group_code"."value" desc) {"exception":"[object] (Illuminate\\Database\\QueryException(code: HY000): SQLSTATE[HY000]: General error: 1 no such table: product_group_code (Connection: sqlite, SQL: select \"products\".*, \"product_group_code\".\"value\" from \"products\" inner join \"product_group_code\" on \"products\".\"product_group_code\" = \"product_group_code\".\"code\" order by \"product_group_code\".\"value\" desc) at E:\\iseng\\AgenToC\\vendor\\laravel\\framework\\src\\Illuminate\\Database\\Connection.php:822)
[stacktrace]
#0 E:\\iseng\\AgenToC\\vendor\\laravel\\framework\\src\\Illuminate\\Database\\Connection.php(776): Illuminate\\Database\\Connection->runQueryCallback()
#1 E:\\iseng\\AgenToC\\vendor\\laravel\\framework\\src\\Illuminate\\Database\\Connection.php(395): Illuminate\\Database\\Connection->run()
#2 E:\\iseng\\AgenToC\\vendor\\laravel\\framework\\src\\Illuminate\\Database\\Query\\Builder.php(3131): Illuminate\\Database\\Connection->select()
#3 E:\\iseng\\AgenToC\\vendor\\laravel\\framework\\src\\Illuminate\\Database\\Query\\Builder.php(3116): Illuminate\\Database\\Query\\Builder->runSelect()
#4 E:\\iseng\\AgenToC\\vendor\\laravel\\framework\\src\\Illuminate\\Database\\Query\\Builder.php(3706): Illuminate\\Database\\Query\\Builder->{closure:Illuminate\\Database\\Query\\Builder::get():3115}()
#5 E:\\iseng\\AgenToC\\vendor\\laravel\\framework\\src\\Illuminate\\Database\\Query\\Builder.php(3115): Illuminate\\Database\\Query\\Builder->onceWithColumns()
#6 E:\\iseng\\AgenToC\\vendor\\laravel\\framework\\src\\Illuminate\\Database\\Eloquent\\Builder.php(872): Illuminate\\Database\\Query\\Builder->get()
#7 E:\\iseng\\AgenToC\\vendor\\laravel\\framework\\src\\Illuminate\\Database\\Eloquent\\Builder.php(854): Illuminate\\Database\\Eloquent\\Builder->getModels()
#8 E:\\iseng\\AgenToC\\app\\Http\\Controllers\\LandingController.php(15): Illuminate\\Database\\Eloquent\\Builder->get()
#9 E:\\iseng\\AgenToC\\vendor\\laravel\\framework\\src\\Illuminate\\Routing\\ControllerDispatcher.php(46): App\\Http\\Controllers\\LandingController->index()
#10 E:\\iseng\\AgenToC\\vendor\\laravel\\framework\\src\\Illuminate\\Routing\\Route.php(265): Illuminate\\Routing\\ControllerDispatcher->dispatch()
#11 E:\\iseng\\AgenToC\\vendor\\laravel\\framework\\src\\Illuminate\\Routing\\Route.php(211): Illuminate\\Routing\\Route->runController()
#12 E:\\iseng\\AgenToC\\vendor\\laravel\\framework\\src\\Illuminate\\Routing\\Router.php(808): Illuminate\\Routing\\Route->run()
#13 E:\\iseng\\AgenToC\\vendor\\laravel\\framework\\src\\Illuminate\\Pipeline\\Pipeline.php(169): Illuminate\\Routing\\Router->{closure:Illuminate\\Routing\\Router::runRouteWithinStack():807}()
#14 E:\\iseng\\AgenToC\\vendor\\laravel\\framework\\src\\Illuminate\\Routing\\Middleware\\SubstituteBindings.php(50): Illuminate\\Pipeline\\Pipeline->{closure:Illuminate\\Pipeline\\Pipeline::prepareDestination():167}()
#15 E:\\iseng\\AgenToC\\vendor\\laravel\\framework\\src\\Illuminate\\Pipeline\\Pipeline.php(208): Illuminate\\Routing\\Middleware\\SubstituteBindings->handle()
#16 E:\\iseng\\AgenToC\\vendor\\laravel\\framework\\src\\Illuminate\\Foundation\\Http\\Middleware\\VerifyCsrfToken.php(87): Illuminate\\Pipeline\\Pipeline->{closure:{closure:Illuminate\\Pipeline\\Pipeline::carry():183}:184}()
#17 E:\\iseng\\AgenToC\\vendor\\laravel\\framework\\src\\Illuminate\\Pipeline\\Pipeline.php(208): Illuminate\\Foundation\\Http\\Middleware\\VerifyCsrfToken->handle()
#18 E:\\iseng\\AgenToC\\vendor\\laravel\\framework\\src\\Illuminate\\View\\Middleware\\ShareErrorsFromSession.php(48): Illuminate\\Pipeline\\Pipeline->{closure:{closure:Illuminate\\Pipeline\\Pipeline::carry():183}:184}()
#19 E:\\iseng\\AgenToC\\vendor\\laravel\\framework\\src\\Illuminate\\Pipeline\\Pipeline.php(208): Illuminate\\View\\Middleware\\ShareErrorsFromSession->handle()
#20 E:\\iseng\\AgenToC\\vendor\\laravel\\framework\\src\\Illuminate\\Session\\Middleware\\StartSession.php(120): Illuminate\\Pipeline\\Pipeline->{closure:{closure:Illuminate\\Pipeline\\Pipeline::carry():183}:184}()
#21 E:\\iseng\\AgenToC\\vendor\\laravel\\framework\\src\\Illuminate\\Session\\Middleware\\StartSession.php(63): Illuminate\\Session\\Middleware\\StartSession->handleStatefulRequest()
#22 E:\\iseng\\AgenToC\\vendor\\laravel\\framework\\src\\Illuminate\\Pipeline\\Pipeline.php(208): Illuminate\\Session\\Middleware\\StartSession->handle()
#23 E:\\iseng\\AgenToC\\vendor\\laravel\\framework\\src\\Illuminate\\Cookie\\Middleware\\AddQueuedCookiesToResponse.php(36): Illuminate\\Pipeline\\Pipeline->{closure:{closure:Illuminate\\Pipeline\\Pipeline::carry():183}:184}()
#24 E:\\iseng\\AgenToC\\vendor\\laravel\\framework\\src\\Illuminate\\Pipeline\\Pipeline.php(208): Illuminate\\Cookie\\Middleware\\AddQueuedCookiesToResponse->handle()
#25 E:\\iseng\\AgenToC\\vendor\\laravel\\framework\\src\\Illuminate\\Cookie\\Middleware\\EncryptCookies.php(74): Illuminate\\Pipeline\\Pipeline->{closure:{closure:Illuminate\\Pipeline\\Pipeline::carry():183}:184}()
#26 E:\\iseng\\AgenToC\\vendor\\laravel\\framework\\src\\Illuminate\\Pipeline\\Pipeline.php(208): Illuminate\\Cookie\\Middleware\\EncryptCookies->handle()
#27 E:\\iseng\\AgenToC\\vendor\\laravel\\framework\\src\\Illuminate\\Pipeline\\Pipeline.php(126): Illuminate\\Pipeline\\Pipeline->{closure:{closure:Illuminate\\Pipeline\\Pipeline::carry():183}:184}()
#28 E:\\iseng\\AgenToC\\vendor\\laravel\\framework\\src\\Illuminate\\Routing\\Router.php(807): Illuminate\\Pipeline\\Pipeline->then()
#29 E:\\iseng\\AgenToC\\vendor\\laravel\\framework\\src\\Illuminate\\Routing\\Router.php(786): Illuminate\\Routing\\Router->runRouteWithinStack()
#30 E:\\iseng\\AgenToC\\vendor\\laravel\\framework\\src\\Illuminate\\Routing\\Router.php(750): Illuminate\\Routing\\Router->runRoute()
#31 E:\\iseng\\AgenToC\\vendor\\laravel\\framework\\src\\Illuminate\\Routing\\Router.php(739): Illuminate\\Routing\\Router->dispatchToRoute()
#32 E:\\iseng\\AgenToC\\vendor\\laravel\\framework\\src\\Illuminate\\Foundation\\Http\\Kernel.php(200): Illuminate\\Routing\\Router->dispatch()
#33 E:\\iseng\\AgenToC\\vendor\\laravel\\framework\\src\\Illuminate\\Pipeline\\Pipeline.php(169): Illuminate\\Foundation\\Http\\Kernel->{closure:Illuminate\\Foundation\\Http\\Kernel::dispatchToRouter():197}()
#34 E:\\iseng\\AgenToC\\vendor\\laravel\\framework\\src\\Illuminate\\Foundation\\Http\\Middleware\\TransformsRequest.php(21): Illuminate\\Pipeline\\Pipeline->{closure:Illuminate\\Pipeline\\Pipeline::prepareDestination():167}()
#35 E:\\iseng\\AgenToC\\vendor\\laravel\\framework\\src\\Illuminate\\Foundation\\Http\\Middleware\\ConvertEmptyStringsToNull.php(31): Illuminate\\Foundation\\Http\\Middleware\\TransformsRequest->handle()
#36 E:\\iseng\\AgenToC\\vendor\\laravel\\framework\\src\\Illuminate\\Pipeline\\Pipeline.php(208): Illuminate\\Foundation\\Http\\Middleware\\ConvertEmptyStringsToNull->handle()
#37 E:\\iseng\\AgenToC\\vendor\\laravel\\framework\\src\\Illuminate\\Foundation\\Http\\Middleware\\TransformsRequest.php(21): Illuminate\\Pipeline\\Pipeline->{closure:{closure:Illuminate\\Pipeline\\Pipeline::carry():183}:184}()
#38 E:\\iseng\\AgenToC\\vendor\\laravel\\framework\\src\\Illuminate\\Foundation\\Http\\Middleware\\TrimStrings.php(51): Illuminate\\Foundation\\Http\\Middleware\\TransformsRequest->handle()
#39 E:\\iseng\\AgenToC\\vendor\\laravel\\framework\\src\\Illuminate\\Pipeline\\Pipeline.php(208): Illuminate\\Foundation\\Http\\Middleware\\TrimStrings->handle()
#40 E:\\iseng\\AgenToC\\vendor\\laravel\\framework\\src\\Illuminate\\Http\\Middleware\\ValidatePostSize.php(27): Illuminate\\Pipeline\\Pipeline->{closure:{closure:Illuminate\\Pipeline\\Pipeline::carry():183}:184}()
#41 E:\\iseng\\AgenToC\\vendor\\laravel\\framework\\src\\Illuminate\\Pipeline\\Pipeline.php(208): Illuminate\\Http\\Middleware\\ValidatePostSize->handle()
#42 E:\\iseng\\AgenToC\\vendor\\laravel\\framework\\src\\Illuminate\\Foundation\\Http\\Middleware\\PreventRequestsDuringMaintenance.php(109): Illuminate\\Pipeline\\Pipeline->{closure:{closure:Illuminate\\Pipeline\\Pipeline::carry():183}:184}()
#43 E:\\iseng\\AgenToC\\vendor\\laravel\\framework\\src\\Illuminate\\Pipeline\\Pipeline.php(208): Illuminate\\Foundation\\Http\\Middleware\\PreventRequestsDuringMaintenance->handle()
#44 E:\\iseng\\AgenToC\\vendor\\laravel\\framework\\src\\Illuminate\\Http\\Middleware\\HandleCors.php(48): Illuminate\\Pipeline\\Pipeline->{closure:{closure:Illuminate\\Pipeline\\Pipeline::carry():183}:184}()
#45 E:\\iseng\\AgenToC\\vendor\\laravel\\framework\\src\\Illuminate\\Pipeline\\Pipeline.php(208): Illuminate\\Http\\Middleware\\HandleCors->handle()
#46 E:\\iseng\\AgenToC\\vendor\\laravel\\framework\\src\\Illuminate\\Http\\Middleware\\TrustProxies.php(58): Illuminate\\Pipeline\\Pipeline->{closure:{closure:Illuminate\\Pipeline\\Pipeline::carry():183}:184}()
#47 E:\\iseng\\AgenToC\\vendor\\laravel\\framework\\src\\Illuminate\\Pipeline\\Pipeline.php(208): Illuminate\\Http\\Middleware\\TrustProxies->handle()
#48 E:\\iseng\\AgenToC\\vendor\\laravel\\framework\\src\\Illuminate\\Foundation\\Http\\Middleware\\InvokeDeferredCallbacks.php(22): Illuminate\\Pipeline\\Pipeline->{closure:{closure:Illuminate\\Pipeline\\Pipeline::carry():183}:184}()
#49 E:\\iseng\\AgenToC\\vendor\\laravel\\framework\\src\\Illuminate\\Pipeline\\Pipeline.php(208): Illuminate\\Foundation\\Http\\Middleware\\InvokeDeferredCallbacks->handle()
#50 E:\\iseng\\AgenToC\\vendor\\laravel\\framework\\src\\Illuminate\\Http\\Middleware\\ValidatePathEncoding.php(26): Illuminate\\Pipeline\\Pipeline->{closure:{closure:Illuminate\\Pipeline\\Pipeline::carry():183}:184}()
#51 E:\\iseng\\AgenToC\\vendor\\laravel\\framework\\src\\Illuminate\\Pipeline\\Pipeline.php(208): Illuminate\\Http\\Middleware\\ValidatePathEncoding->handle()
#52 E:\\iseng\\AgenToC\\vendor\\laravel\\framework\\src\\Illuminate\\Pipeline\\Pipeline.php(126): Illuminate\\Pipeline\\Pipeline->{closure:{closure:Illuminate\\Pipeline\\Pipeline::carry():183}:184}()
#53 E:\\iseng\\AgenToC\\vendor\\laravel\\framework\\src\\Illuminate\\Foundation\\Http\\Kernel.php(175): Illuminate\\Pipeline\\Pipeline->then()
#54 E:\\iseng\\AgenToC\\vendor\\laravel\\framework\\src\\Illuminate\\Foundation\\Http\\Kernel.php(144): Illuminate\\Foundation\\Http\\Kernel->sendRequestThroughRouter()
#55 E:\\iseng\\AgenToC\\vendor\\laravel\\framework\\src\\Illuminate\\Foundation\\Application.php(1219): Illuminate\\Foundation\\Http\\Kernel->handle()
#56 E:\\iseng\\AgenToC\\public\\index.php(20): Illuminate\\Foundation\\Application->handleRequest()
#57 E:\\iseng\\AgenToC\\vendor\\laravel\\framework\\src\\Illuminate\\Foundation\\resources\\server.php(23): require_once('...')
#58 {main}

[previous exception] [object] (PDOException(code: HY000): SQLSTATE[HY000]: General error: 1 no such table: product_group_code at E:\\iseng\\AgenToC\\vendor\\laravel\\framework\\src\\Illuminate\\Database\\Connection.php:404)
[stacktrace]
#0 E:\\iseng\\AgenToC\\vendor\\laravel\\framework\\src\\Illuminate\\Database\\Connection.php(404): PDO->prepare()
#1 E:\\iseng\\AgenToC\\vendor\\laravel\\framework\\src\\Illuminate\\Database\\Connection.php(809): Illuminate\\Database\\Connection->{closure:Illuminate\\Database\\Connection::select():395}()
#2 E:\\iseng\\AgenToC\\vendor\\laravel\\framework\\src\\Illuminate\\Database\\Connection.php(776): Illuminate\\Database\\Connection->runQueryCallback()
#3 E:\\iseng\\AgenToC\\vendor\\laravel\\framework\\src\\Illuminate\\Database\\Connection.php(395): Illuminate\\Database\\Connection->run()
#4 E:\\iseng\\AgenToC\\vendor\\laravel\\framework\\src\\Illuminate\\Database\\Query\\Builder.php(3131): Illuminate\\Database\\Connection->select()
#5 E:\\iseng\\AgenToC\\vendor\\laravel\\framework\\src\\Illuminate\\Database\\Query\\Builder.php(3116): Illuminate\\Database\\Query\\Builder->runSelect()
#6 E:\\iseng\\AgenToC\\vendor\\laravel\\framework\\src\\Illuminate\\Database\\Query\\Builder.php(3706): Illuminate\\Database\\Query\\Builder->{closure:Illuminate\\Database\\Query\\Builder::get():3115}()
#7 E:\\iseng\\AgenToC\\vendor\\laravel\\framework\\src\\Illuminate\\Database\\Query\\Builder.php(3115): Illuminate\\Database\\Query\\Builder->onceWithColumns()
#8 E:\\iseng\\AgenToC\\vendor\\laravel\\framework\\src\\Illuminate\\Database\\Eloquent\\Builder.php(872): Illuminate\\Database\\Query\\Builder->get()
#9 E:\\iseng\\AgenToC\\vendor\\laravel\\framework\\src\\Illuminate\\Database\\Eloquent\\Builder.php(854): Illuminate\\Database\\Eloquent\\Builder->getModels()
#10 E:\\iseng\\AgenToC\\app\\Http\\Controllers\\LandingController.php(15): Illuminate\\Database\\Eloquent\\Builder->get()
#11 E:\\iseng\\AgenToC\\vendor\\laravel\\framework\\src\\Illuminate\\Routing\\ControllerDispatcher.php(46): App\\Http\\Controllers\\LandingController->index()
#12 E:\\iseng\\AgenToC\\vendor\\laravel\\framework\\src\\Illuminate\\Routing\\Route.php(265): Illuminate\\Routing\\ControllerDispatcher->dispatch()
#13 E:\\iseng\\AgenToC\\vendor\\laravel\\framework\\src\\Illuminate\\Routing\\Route.php(211): Illuminate\\Routing\\Route->runController()
#14 E:\\iseng\\AgenToC\\vendor\\laravel\\framework\\src\\Illuminate\\Routing\\Router.php(808): Illuminate\\Routing\\Route->run()
#15 E:\\iseng\\AgenToC\\vendor\\laravel\\framework\\src\\Illuminate\\Pipeline\\Pipeline.php(169): Illuminate\\Routing\\Router->{closure:Illuminate\\Routing\\Router::runRouteWithinStack():807}()
#16 E:\\iseng\\AgenToC\\vendor\\laravel\\framework\\src\\Illuminate\\Routing\\Middleware\\SubstituteBindings.php(50): Illuminate\\Pipeline\\Pipeline->{closure:Illuminate\\Pipeline\\Pipeline::prepareDestination():167}()
#17 E:\\iseng\\AgenToC\\vendor\\laravel\\framework\\src\\Illuminate\\Pipeline\\Pipeline.php(208): Illuminate\\Routing\\Middleware\\SubstituteBindings->handle()
#18 E:\\iseng\\AgenToC\\vendor\\laravel\\framework\\src\\Illuminate\\Foundation\\Http\\Middleware\\VerifyCsrfToken.php(87): Illuminate\\Pipeline\\Pipeline->{closure:{closure:Illuminate\\Pipeline\\Pipeline::carry():183}:184}()
#19 E:\\iseng\\AgenToC\\vendor\\laravel\\framework\\src\\Illuminate\\Pipeline\\Pipeline.php(208): Illuminate\\Foundation\\Http\\Middleware\\VerifyCsrfToken->handle()
#20 E:\\iseng\\AgenToC\\vendor\\laravel\\framework\\src\\Illuminate\\View\\Middleware\\ShareErrorsFromSession.php(48): Illuminate\\Pipeline\\Pipeline->{closure:{closure:Illuminate\\Pipeline\\Pipeline::carry():183}:184}()
#21 E:\\iseng\\AgenToC\\vendor\\laravel\\framework\\src\\Illuminate\\Pipeline\\Pipeline.php(208): Illuminate\\View\\Middleware\\ShareErrorsFromSession->handle()
#22 E:\\iseng\\AgenToC\\vendor\\laravel\\framework\\src\\Illuminate\\Session\\Middleware\\StartSession.php(120): Illuminate\\Pipeline\\Pipeline->{closure:{closure:Illuminate\\Pipeline\\Pipeline::carry():183}:184}()
#23 E:\\iseng\\AgenToC\\vendor\\laravel\\framework\\src\\Illuminate\\Session\\Middleware\\StartSession.php(63): Illuminate\\Session\\Middleware\\StartSession->handleStatefulRequest()
#24 E:\\iseng\\AgenToC\\vendor\\laravel\\framework\\src\\Illuminate\\Pipeline\\Pipeline.php(208): Illuminate\\Session\\Middleware\\StartSession->handle()
#25 E:\\iseng\\AgenToC\\vendor\\laravel\\framework\\src\\Illuminate\\Cookie\\Middleware\\AddQueuedCookiesToResponse.php(36): Illuminate\\Pipeline\\Pipeline->{closure:{closure:Illuminate\\Pipeline\\Pipeline::carry():183}:184}()
#26 E:\\iseng\\AgenToC\\vendor\\laravel\\framework\\src\\Illuminate\\Pipeline\\Pipeline.php(208): Illuminate\\Cookie\\Middleware\\AddQueuedCookiesToResponse->handle()
#27 E:\\iseng\\AgenToC\\vendor\\laravel\\framework\\src\\Illuminate\\Cookie\\Middleware\\EncryptCookies.php(74): Illuminate\\Pipeline\\Pipeline->{closure:{closure:Illuminate\\Pipeline\\Pipeline::carry():183}:184}()
#28 E:\\iseng\\AgenToC\\vendor\\laravel\\framework\\src\\Illuminate\\Pipeline\\Pipeline.php(208): Illuminate\\Cookie\\Middleware\\EncryptCookies->handle()
#29 E:\\iseng\\AgenToC\\vendor\\laravel\\framework\\src\\Illuminate\\Pipeline\\Pipeline.php(126): Illuminate\\Pipeline\\Pipeline->{closure:{closure:Illuminate\\Pipeline\\Pipeline::carry():183}:184}()
#30 E:\\iseng\\AgenToC\\vendor\\laravel\\framework\\src\\Illuminate\\Routing\\Router.php(807): Illuminate\\Pipeline\\Pipeline->then()
#31 E:\\iseng\\AgenToC\\vendor\\laravel\\framework\\src\\Illuminate\\Routing\\Router.php(786): Illuminate\\Routing\\Router->runRouteWithinStack()
#32 E:\\iseng\\AgenToC\\vendor\\laravel\\framework\\src\\Illuminate\\Routing\\Router.php(750): Illuminate\\Routing\\Router->runRoute()
#33 E:\\iseng\\AgenToC\\vendor\\laravel\\framework\\src\\Illuminate\\Routing\\Router.php(739): Illuminate\\Routing\\Router->dispatchToRoute()
#34 E:\\iseng\\AgenToC\\vendor\\laravel\\framework\\src\\Illuminate\\Foundation\\Http\\Kernel.php(200): Illuminate\\Routing\\Router->dispatch()
#35 E:\\iseng\\AgenToC\\vendor\\laravel\\framework\\src\\Illuminate\\Pipeline\\Pipeline.php(169): Illuminate\\Foundation\\Http\\Kernel->{closure:Illuminate\\Foundation\\Http\\Kernel::dispatchToRouter():197}()
#36 E:\\iseng\\AgenToC\\vendor\\laravel\\framework\\src\\Illuminate\\Foundation\\Http\\Middleware\\TransformsRequest.php(21): Illuminate\\Pipeline\\Pipeline->{closure:Illuminate\\Pipeline\\Pipeline::prepareDestination():167}()
#37 E:\\iseng\\AgenToC\\vendor\\laravel\\framework\\src\\Illuminate\\Foundation\\Http\\Middleware\\ConvertEmptyStringsToNull.php(31): Illuminate\\Foundation\\Http\\Middleware\\TransformsRequest->handle()
#38 E:\\iseng\\AgenToC\\vendor\\laravel\\framework\\src\\Illuminate\\Pipeline\\Pipeline.php(208): Illuminate\\Foundation\\Http\\Middleware\\ConvertEmptyStringsToNull->handle()
#39 E:\\iseng\\AgenToC\\vendor\\laravel\\framework\\src\\Illuminate\\Foundation\\Http\\Middleware\\TransformsRequest.php(21): Illuminate\\Pipeline\\Pipeline->{closure:{closure:Illuminate\\Pipeline\\Pipeline::carry():183}:184}()
#40 E:\\iseng\\AgenToC\\vendor\\laravel\\framework\\src\\Illuminate\\Foundation\\Http\\Middleware\\TrimStrings.php(51): Illuminate\\Foundation\\Http\\Middleware\\TransformsRequest->handle()
#41 E:\\iseng\\AgenToC\\vendor\\laravel\\framework\\src\\Illuminate\\Pipeline\\Pipeline.php(208): Illuminate\\Foundation\\Http\\Middleware\\TrimStrings->handle()
#42 E:\\iseng\\AgenToC\\vendor\\laravel\\framework\\src\\Illuminate\\Http\\Middleware\\ValidatePostSize.php(27): Illuminate\\Pipeline\\Pipeline->{closure:{closure:Illuminate\\Pipeline\\Pipeline::carry():183}:184}()
#43 E:\\iseng\\AgenToC\\vendor\\laravel\\framework\\src\\Illuminate\\Pipeline\\Pipeline.php(208): Illuminate\\Http\\Middleware\\ValidatePostSize->handle()
#44 E:\\iseng\\AgenToC\\vendor\\laravel\\framework\\src\\Illuminate\\Foundation\\Http\\Middleware\\PreventRequestsDuringMaintenance.php(109): Illuminate\\Pipeline\\Pipeline->{closure:{closure:Illuminate\\Pipeline\\Pipeline::carry():183}:184}()
#45 E:\\iseng\\AgenToC\\vendor\\laravel\\framework\\src\\Illuminate\\Pipeline\\Pipeline.php(208): Illuminate\\Foundation\\Http\\Middleware\\PreventRequestsDuringMaintenance->handle()
#46 E:\\iseng\\AgenToC\\vendor\\laravel\\framework\\src\\Illuminate\\Http\\Middleware\\HandleCors.php(48): Illuminate\\Pipeline\\Pipeline->{closure:{closure:Illuminate\\Pipeline\\Pipeline::carry():183}:184}()
#47 E:\\iseng\\AgenToC\\vendor\\laravel\\framework\\src\\Illuminate\\Pipeline\\Pipeline.php(208): Illuminate\\Http\\Middleware\\HandleCors->handle()
#48 E:\\iseng\\AgenToC\\vendor\\laravel\\framework\\src\\Illuminate\\Http\\Middleware\\TrustProxies.php(58): Illuminate\\Pipeline\\Pipeline->{closure:{closure:Illuminate\\Pipeline\\Pipeline::carry():183}:184}()
#49 E:\\iseng\\AgenToC\\vendor\\laravel\\framework\\src\\Illuminate\\Pipeline\\Pipeline.php(208): Illuminate\\Http\\Middleware\\TrustProxies->handle()
#50 E:\\iseng\\AgenToC\\vendor\\laravel\\framework\\src\\Illuminate\\Foundation\\Http\\Middleware\\InvokeDeferredCallbacks.php(22): Illuminate\\Pipeline\\Pipeline->{closure:{closure:Illuminate\\Pipeline\\Pipeline::carry():183}:184}()
#51 E:\\iseng\\AgenToC\\vendor\\laravel\\framework\\src\\Illuminate\\Pipeline\\Pipeline.php(208): Illuminate\\Foundation\\Http\\Middleware\\InvokeDeferredCallbacks->handle()
#52 E:\\iseng\\AgenToC\\vendor\\laravel\\framework\\src\\Illuminate\\Http\\Middleware\\ValidatePathEncoding.php(26): Illuminate\\Pipeline\\Pipeline->{closure:{closure:Illuminate\\Pipeline\\Pipeline::carry():183}:184}()
#53 E:\\iseng\\AgenToC\\vendor\\laravel\\framework\\src\\Illuminate\\Pipeline\\Pipeline.php(208): Illuminate\\Http\\Middleware\\ValidatePathEncoding->handle()
#54 E:\\iseng\\AgenToC\\vendor\\laravel\\framework\\src\\Illuminate\\Pipeline\\Pipeline.php(126): Illuminate\\Pipeline\\Pipeline->{closure:{closure:Illuminate\\Pipeline\\Pipeline::carry():183}:184}()
#55 E:\\iseng\\AgenToC\\vendor\\laravel\\framework\\src\\Illuminate\\Foundation\\Http\\Kernel.php(175): Illuminate\\Pipeline\\Pipeline->then()
#56 E:\\iseng\\AgenToC\\vendor\\laravel\\framework\\src\\Illuminate\\Foundation\\Http\\Kernel.php(144): Illuminate\\Foundation\\Http\\Kernel->sendRequestThroughRouter()
#57 E:\\iseng\\AgenToC\\vendor\\laravel\\framework\\src\\Illuminate\\Foundation\\Application.php(1219): Illuminate\\Foundation\\Http\\Kernel->handle()
#58 E:\\iseng\\AgenToC\\public\\index.php(20): Illuminate\\Foundation\\Application->handleRequest()
#59 E:\\iseng\\AgenToC\\vendor\\laravel\\framework\\src\\Illuminate\\Foundation\\resources\\server.php(23): require_once('...')
#60 {main}
"} 
[2025-08-26 12:55:24] Development.ERROR: Attempt to read property "value" on null (View: E:\iseng\AgenToC\resources\views\landing\products.blade.php) (View: E:\iseng\AgenToC\resources\views\landing\products.blade.php) {"exception":"[object] (Illuminate\\View\\ViewException(code: 0): Attempt to read property \"value\" on null (View: E:\\iseng\\AgenToC\\resources\\views\\landing\\products.blade.php) (View: E:\\iseng\\AgenToC\\resources\\views\\landing\\products.blade.php) at E:\\iseng\\AgenToC\\storage\\framework\\views\\24d4a829a28e49cf5d519e311d56f3fb.php:27)
[stacktrace]
#0 E:\\iseng\\AgenToC\\vendor\\laravel\\framework\\src\\Illuminate\\View\\Engines\\PhpEngine.php(59): Illuminate\\View\\Engines\\CompilerEngine->handleViewException()
#1 E:\\iseng\\AgenToC\\vendor\\laravel\\framework\\src\\Illuminate\\View\\Engines\\CompilerEngine.php(74): Illuminate\\View\\Engines\\PhpEngine->evaluatePath()
#2 E:\\iseng\\AgenToC\\vendor\\laravel\\framework\\src\\Illuminate\\View\\View.php(208): Illuminate\\View\\Engines\\CompilerEngine->get()
#3 E:\\iseng\\AgenToC\\vendor\\laravel\\framework\\src\\Illuminate\\View\\View.php(191): Illuminate\\View\\View->getContents()
#4 E:\\iseng\\AgenToC\\vendor\\laravel\\framework\\src\\Illuminate\\View\\View.php(160): Illuminate\\View\\View->renderContents()
#5 E:\\iseng\\AgenToC\\vendor\\laravel\\framework\\src\\Illuminate\\Http\\Response.php(78): Illuminate\\View\\View->render()
#6 E:\\iseng\\AgenToC\\vendor\\laravel\\framework\\src\\Illuminate\\Http\\Response.php(34): Illuminate\\Http\\Response->setContent()
#7 E:\\iseng\\AgenToC\\vendor\\laravel\\framework\\src\\Illuminate\\Routing\\Router.php(924): Illuminate\\Http\\Response->__construct()
#8 E:\\iseng\\AgenToC\\vendor\\laravel\\framework\\src\\Illuminate\\Routing\\Router.php(891): Illuminate\\Routing\\Router::toResponse()
#9 E:\\iseng\\AgenToC\\vendor\\laravel\\framework\\src\\Illuminate\\Routing\\Router.php(807): Illuminate\\Routing\\Router->prepareResponse()
#10 E:\\iseng\\AgenToC\\vendor\\laravel\\framework\\src\\Illuminate\\Pipeline\\Pipeline.php(169): Illuminate\\Routing\\Router->{closure:Illuminate\\Routing\\Router::runRouteWithinStack():807}()
#11 E:\\iseng\\AgenToC\\vendor\\laravel\\framework\\src\\Illuminate\\Routing\\Middleware\\SubstituteBindings.php(50): Illuminate\\Pipeline\\Pipeline->{closure:Illuminate\\Pipeline\\Pipeline::prepareDestination():167}()
#12 E:\\iseng\\AgenToC\\vendor\\laravel\\framework\\src\\Illuminate\\Pipeline\\Pipeline.php(208): Illuminate\\Routing\\Middleware\\SubstituteBindings->handle()
#13 E:\\iseng\\AgenToC\\vendor\\laravel\\framework\\src\\Illuminate\\Foundation\\Http\\Middleware\\VerifyCsrfToken.php(87): Illuminate\\Pipeline\\Pipeline->{closure:{closure:Illuminate\\Pipeline\\Pipeline::carry():183}:184}()
#14 E:\\iseng\\AgenToC\\vendor\\laravel\\framework\\src\\Illuminate\\Pipeline\\Pipeline.php(208): Illuminate\\Foundation\\Http\\Middleware\\VerifyCsrfToken->handle()
#15 E:\\iseng\\AgenToC\\vendor\\laravel\\framework\\src\\Illuminate\\View\\Middleware\\ShareErrorsFromSession.php(48): Illuminate\\Pipeline\\Pipeline->{closure:{closure:Illuminate\\Pipeline\\Pipeline::carry():183}:184}()
#16 E:\\iseng\\AgenToC\\vendor\\laravel\\framework\\src\\Illuminate\\Pipeline\\Pipeline.php(208): Illuminate\\View\\Middleware\\ShareErrorsFromSession->handle()
#17 E:\\iseng\\AgenToC\\vendor\\laravel\\framework\\src\\Illuminate\\Session\\Middleware\\StartSession.php(120): Illuminate\\Pipeline\\Pipeline->{closure:{closure:Illuminate\\Pipeline\\Pipeline::carry():183}:184}()
#18 E:\\iseng\\AgenToC\\vendor\\laravel\\framework\\src\\Illuminate\\Session\\Middleware\\StartSession.php(63): Illuminate\\Session\\Middleware\\StartSession->handleStatefulRequest()
#19 E:\\iseng\\AgenToC\\vendor\\laravel\\framework\\src\\Illuminate\\Pipeline\\Pipeline.php(208): Illuminate\\Session\\Middleware\\StartSession->handle()
#20 E:\\iseng\\AgenToC\\vendor\\laravel\\framework\\src\\Illuminate\\Cookie\\Middleware\\AddQueuedCookiesToResponse.php(36): Illuminate\\Pipeline\\Pipeline->{closure:{closure:Illuminate\\Pipeline\\Pipeline::carry():183}:184}()
#21 E:\\iseng\\AgenToC\\vendor\\laravel\\framework\\src\\Illuminate\\Pipeline\\Pipeline.php(208): Illuminate\\Cookie\\Middleware\\AddQueuedCookiesToResponse->handle()
#22 E:\\iseng\\AgenToC\\vendor\\laravel\\framework\\src\\Illuminate\\Cookie\\Middleware\\EncryptCookies.php(74): Illuminate\\Pipeline\\Pipeline->{closure:{closure:Illuminate\\Pipeline\\Pipeline::carry():183}:184}()
#23 E:\\iseng\\AgenToC\\vendor\\laravel\\framework\\src\\Illuminate\\Pipeline\\Pipeline.php(208): Illuminate\\Cookie\\Middleware\\EncryptCookies->handle()
#24 E:\\iseng\\AgenToC\\vendor\\laravel\\framework\\src\\Illuminate\\Pipeline\\Pipeline.php(126): Illuminate\\Pipeline\\Pipeline->{closure:{closure:Illuminate\\Pipeline\\Pipeline::carry():183}:184}()
#25 E:\\iseng\\AgenToC\\vendor\\laravel\\framework\\src\\Illuminate\\Routing\\Router.php(807): Illuminate\\Pipeline\\Pipeline->then()
#26 E:\\iseng\\AgenToC\\vendor\\laravel\\framework\\src\\Illuminate\\Routing\\Router.php(786): Illuminate\\Routing\\Router->runRouteWithinStack()
#27 E:\\iseng\\AgenToC\\vendor\\laravel\\framework\\src\\Illuminate\\Routing\\Router.php(750): Illuminate\\Routing\\Router->runRoute()
#28 E:\\iseng\\AgenToC\\vendor\\laravel\\framework\\src\\Illuminate\\Routing\\Router.php(739): Illuminate\\Routing\\Router->dispatchToRoute()
#29 E:\\iseng\\AgenToC\\vendor\\laravel\\framework\\src\\Illuminate\\Foundation\\Http\\Kernel.php(200): Illuminate\\Routing\\Router->dispatch()
#30 E:\\iseng\\AgenToC\\vendor\\laravel\\framework\\src\\Illuminate\\Pipeline\\Pipeline.php(169): Illuminate\\Foundation\\Http\\Kernel->{closure:Illuminate\\Foundation\\Http\\Kernel::dispatchToRouter():197}()
#31 E:\\iseng\\AgenToC\\vendor\\laravel\\framework\\src\\Illuminate\\Foundation\\Http\\Middleware\\TransformsRequest.php(21): Illuminate\\Pipeline\\Pipeline->{closure:Illuminate\\Pipeline\\Pipeline::prepareDestination():167}()
#32 E:\\iseng\\AgenToC\\vendor\\laravel\\framework\\src\\Illuminate\\Foundation\\Http\\Middleware\\ConvertEmptyStringsToNull.php(31): Illuminate\\Foundation\\Http\\Middleware\\TransformsRequest->handle()
#33 E:\\iseng\\AgenToC\\vendor\\laravel\\framework\\src\\Illuminate\\Pipeline\\Pipeline.php(208): Illuminate\\Foundation\\Http\\Middleware\\ConvertEmptyStringsToNull->handle()
#34 E:\\iseng\\AgenToC\\vendor\\laravel\\framework\\src\\Illuminate\\Foundation\\Http\\Middleware\\TransformsRequest.php(21): Illuminate\\Pipeline\\Pipeline->{closure:{closure:Illuminate\\Pipeline\\Pipeline::carry():183}:184}()
#35 E:\\iseng\\AgenToC\\vendor\\laravel\\framework\\src\\Illuminate\\Foundation\\Http\\Middleware\\TrimStrings.php(51): Illuminate\\Foundation\\Http\\Middleware\\TransformsRequest->handle()
#36 E:\\iseng\\AgenToC\\vendor\\laravel\\framework\\src\\Illuminate\\Pipeline\\Pipeline.php(208): Illuminate\\Foundation\\Http\\Middleware\\TrimStrings->handle()
#37 E:\\iseng\\AgenToC\\vendor\\laravel\\framework\\src\\Illuminate\\Http\\Middleware\\ValidatePostSize.php(27): Illuminate\\Pipeline\\Pipeline->{closure:{closure:Illuminate\\Pipeline\\Pipeline::carry():183}:184}()
#38 E:\\iseng\\AgenToC\\vendor\\laravel\\framework\\src\\Illuminate\\Pipeline\\Pipeline.php(208): Illuminate\\Http\\Middleware\\ValidatePostSize->handle()
#39 E:\\iseng\\AgenToC\\vendor\\laravel\\framework\\src\\Illuminate\\Foundation\\Http\\Middleware\\PreventRequestsDuringMaintenance.php(109): Illuminate\\Pipeline\\Pipeline->{closure:{closure:Illuminate\\Pipeline\\Pipeline::carry():183}:184}()
#40 E:\\iseng\\AgenToC\\vendor\\laravel\\framework\\src\\Illuminate\\Pipeline\\Pipeline.php(208): Illuminate\\Foundation\\Http\\Middleware\\PreventRequestsDuringMaintenance->handle()
#41 E:\\iseng\\AgenToC\\vendor\\laravel\\framework\\src\\Illuminate\\Http\\Middleware\\HandleCors.php(48): Illuminate\\Pipeline\\Pipeline->{closure:{closure:Illuminate\\Pipeline\\Pipeline::carry():183}:184}()
#42 E:\\iseng\\AgenToC\\vendor\\laravel\\framework\\src\\Illuminate\\Pipeline\\Pipeline.php(208): Illuminate\\Http\\Middleware\\HandleCors->handle()
#43 E:\\iseng\\AgenToC\\vendor\\laravel\\framework\\src\\Illuminate\\Http\\Middleware\\TrustProxies.php(58): Illuminate\\Pipeline\\Pipeline->{closure:{closure:Illuminate\\Pipeline\\Pipeline::carry():183}:184}()
#44 E:\\iseng\\AgenToC\\vendor\\laravel\\framework\\src\\Illuminate\\Pipeline\\Pipeline.php(208): Illuminate\\Http\\Middleware\\TrustProxies->handle()
#45 E:\\iseng\\AgenToC\\vendor\\laravel\\framework\\src\\Illuminate\\Foundation\\Http\\Middleware\\InvokeDeferredCallbacks.php(22): Illuminate\\Pipeline\\Pipeline->{closure:{closure:Illuminate\\Pipeline\\Pipeline::carry():183}:184}()
#46 E:\\iseng\\AgenToC\\vendor\\laravel\\framework\\src\\Illuminate\\Pipeline\\Pipeline.php(208): Illuminate\\Foundation\\Http\\Middleware\\InvokeDeferredCallbacks->handle()
#47 E:\\iseng\\AgenToC\\vendor\\laravel\\framework\\src\\Illuminate\\Http\\Middleware\\ValidatePathEncoding.php(26): Illuminate\\Pipeline\\Pipeline->{closure:{closure:Illuminate\\Pipeline\\Pipeline::carry():183}:184}()
#48 E:\\iseng\\AgenToC\\vendor\\laravel\\framework\\src\\Illuminate\\Pipeline\\Pipeline.php(208): Illuminate\\Http\\Middleware\\ValidatePathEncoding->handle()
#49 E:\\iseng\\AgenToC\\vendor\\laravel\\framework\\src\\Illuminate\\Pipeline\\Pipeline.php(126): Illuminate\\Pipeline\\Pipeline->{closure:{closure:Illuminate\\Pipeline\\Pipeline::carry():183}:184}()
#50 E:\\iseng\\AgenToC\\vendor\\laravel\\framework\\src\\Illuminate\\Foundation\\Http\\Kernel.php(175): Illuminate\\Pipeline\\Pipeline->then()
#51 E:\\iseng\\AgenToC\\vendor\\laravel\\framework\\src\\Illuminate\\Foundation\\Http\\Kernel.php(144): Illuminate\\Foundation\\Http\\Kernel->sendRequestThroughRouter()
#52 E:\\iseng\\AgenToC\\vendor\\laravel\\framework\\src\\Illuminate\\Foundation\\Application.php(1219): Illuminate\\Foundation\\Http\\Kernel->handle()
#53 E:\\iseng\\AgenToC\\public\\index.php(20): Illuminate\\Foundation\\Application->handleRequest()
#54 E:\\iseng\\AgenToC\\vendor\\laravel\\framework\\src\\Illuminate\\Foundation\\resources\\server.php(23): require_once('...')
#55 {main}

[previous exception] [object] (Illuminate\\View\\ViewException(code: 0): Attempt to read property \"value\" on null (View: E:\\iseng\\AgenToC\\resources\\views\\landing\\products.blade.php) at E:\\iseng\\AgenToC\\storage\\framework\\views\\24d4a829a28e49cf5d519e311d56f3fb.php:27)
[stacktrace]
#0 E:\\iseng\\AgenToC\\vendor\\laravel\\framework\\src\\Illuminate\\View\\Engines\\PhpEngine.php(59): Illuminate\\View\\Engines\\CompilerEngine->handleViewException()
#1 E:\\iseng\\AgenToC\\vendor\\laravel\\framework\\src\\Illuminate\\View\\Engines\\CompilerEngine.php(74): Illuminate\\View\\Engines\\PhpEngine->evaluatePath()
#2 E:\\iseng\\AgenToC\\vendor\\laravel\\framework\\src\\Illuminate\\View\\View.php(208): Illuminate\\View\\Engines\\CompilerEngine->get()
#3 E:\\iseng\\AgenToC\\vendor\\laravel\\framework\\src\\Illuminate\\View\\View.php(191): Illuminate\\View\\View->getContents()
#4 E:\\iseng\\AgenToC\\vendor\\laravel\\framework\\src\\Illuminate\\View\\View.php(160): Illuminate\\View\\View->renderContents()
#5 E:\\iseng\\AgenToC\\storage\\framework\\views\\27e872d3a9f834d9a046edd1acd99ccb.php(116): Illuminate\\View\\View->render()
#6 E:\\iseng\\AgenToC\\vendor\\laravel\\framework\\src\\Illuminate\\Filesystem\\Filesystem.php(123): require('...')
#7 E:\\iseng\\AgenToC\\vendor\\laravel\\framework\\src\\Illuminate\\Filesystem\\Filesystem.php(124): Illuminate\\Filesystem\\Filesystem::{closure:Illuminate\\Filesystem\\Filesystem::getRequire():120}()
#8 E:\\iseng\\AgenToC\\vendor\\laravel\\framework\\src\\Illuminate\\View\\Engines\\PhpEngine.php(57): Illuminate\\Filesystem\\Filesystem->getRequire()
#9 E:\\iseng\\AgenToC\\vendor\\laravel\\framework\\src\\Illuminate\\View\\Engines\\CompilerEngine.php(74): Illuminate\\View\\Engines\\PhpEngine->evaluatePath()
#10 E:\\iseng\\AgenToC\\vendor\\laravel\\framework\\src\\Illuminate\\View\\View.php(208): Illuminate\\View\\Engines\\CompilerEngine->get()
#11 E:\\iseng\\AgenToC\\vendor\\laravel\\framework\\src\\Illuminate\\View\\View.php(191): Illuminate\\View\\View->getContents()
#12 E:\\iseng\\AgenToC\\vendor\\laravel\\framework\\src\\Illuminate\\View\\View.php(160): Illuminate\\View\\View->renderContents()
#13 E:\\iseng\\AgenToC\\vendor\\laravel\\framework\\src\\Illuminate\\Http\\Response.php(78): Illuminate\\View\\View->render()
#14 E:\\iseng\\AgenToC\\vendor\\laravel\\framework\\src\\Illuminate\\Http\\Response.php(34): Illuminate\\Http\\Response->setContent()
#15 E:\\iseng\\AgenToC\\vendor\\laravel\\framework\\src\\Illuminate\\Routing\\Router.php(924): Illuminate\\Http\\Response->__construct()
#16 E:\\iseng\\AgenToC\\vendor\\laravel\\framework\\src\\Illuminate\\Routing\\Router.php(891): Illuminate\\Routing\\Router::toResponse()
#17 E:\\iseng\\AgenToC\\vendor\\laravel\\framework\\src\\Illuminate\\Routing\\Router.php(807): Illuminate\\Routing\\Router->prepareResponse()
#18 E:\\iseng\\AgenToC\\vendor\\laravel\\framework\\src\\Illuminate\\Pipeline\\Pipeline.php(169): Illuminate\\Routing\\Router->{closure:Illuminate\\Routing\\Router::runRouteWithinStack():807}()
#19 E:\\iseng\\AgenToC\\vendor\\laravel\\framework\\src\\Illuminate\\Routing\\Middleware\\SubstituteBindings.php(50): Illuminate\\Pipeline\\Pipeline->{closure:Illuminate\\Pipeline\\Pipeline::prepareDestination():167}()
#20 E:\\iseng\\AgenToC\\vendor\\laravel\\framework\\src\\Illuminate\\Pipeline\\Pipeline.php(208): Illuminate\\Routing\\Middleware\\SubstituteBindings->handle()
#21 E:\\iseng\\AgenToC\\vendor\\laravel\\framework\\src\\Illuminate\\Foundation\\Http\\Middleware\\VerifyCsrfToken.php(87): Illuminate\\Pipeline\\Pipeline->{closure:{closure:Illuminate\\Pipeline\\Pipeline::carry():183}:184}()
#22 E:\\iseng\\AgenToC\\vendor\\laravel\\framework\\src\\Illuminate\\Pipeline\\Pipeline.php(208): Illuminate\\Foundation\\Http\\Middleware\\VerifyCsrfToken->handle()
#23 E:\\iseng\\AgenToC\\vendor\\laravel\\framework\\src\\Illuminate\\View\\Middleware\\ShareErrorsFromSession.php(48): Illuminate\\Pipeline\\Pipeline->{closure:{closure:Illuminate\\Pipeline\\Pipeline::carry():183}:184}()
#24 E:\\iseng\\AgenToC\\vendor\\laravel\\framework\\src\\Illuminate\\Pipeline\\Pipeline.php(208): Illuminate\\View\\Middleware\\ShareErrorsFromSession->handle()
#25 E:\\iseng\\AgenToC\\vendor\\laravel\\framework\\src\\Illuminate\\Session\\Middleware\\StartSession.php(120): Illuminate\\Pipeline\\Pipeline->{closure:{closure:Illuminate\\Pipeline\\Pipeline::carry():183}:184}()
#26 E:\\iseng\\AgenToC\\vendor\\laravel\\framework\\src\\Illuminate\\Session\\Middleware\\StartSession.php(63): Illuminate\\Session\\Middleware\\StartSession->handleStatefulRequest()
#27 E:\\iseng\\AgenToC\\vendor\\laravel\\framework\\src\\Illuminate\\Pipeline\\Pipeline.php(208): Illuminate\\Session\\Middleware\\StartSession->handle()
#28 E:\\iseng\\AgenToC\\vendor\\laravel\\framework\\src\\Illuminate\\Cookie\\Middleware\\AddQueuedCookiesToResponse.php(36): Illuminate\\Pipeline\\Pipeline->{closure:{closure:Illuminate\\Pipeline\\Pipeline::carry():183}:184}()
#29 E:\\iseng\\AgenToC\\vendor\\laravel\\framework\\src\\Illuminate\\Pipeline\\Pipeline.php(208): Illuminate\\Cookie\\Middleware\\AddQueuedCookiesToResponse->handle()
#30 E:\\iseng\\AgenToC\\vendor\\laravel\\framework\\src\\Illuminate\\Cookie\\Middleware\\EncryptCookies.php(74): Illuminate\\Pipeline\\Pipeline->{closure:{closure:Illuminate\\Pipeline\\Pipeline::carry():183}:184}()
#31 E:\\iseng\\AgenToC\\vendor\\laravel\\framework\\src\\Illuminate\\Pipeline\\Pipeline.php(208): Illuminate\\Cookie\\Middleware\\EncryptCookies->handle()
#32 E:\\iseng\\AgenToC\\vendor\\laravel\\framework\\src\\Illuminate\\Pipeline\\Pipeline.php(126): Illuminate\\Pipeline\\Pipeline->{closure:{closure:Illuminate\\Pipeline\\Pipeline::carry():183}:184}()
#33 E:\\iseng\\AgenToC\\vendor\\laravel\\framework\\src\\Illuminate\\Routing\\Router.php(807): Illuminate\\Pipeline\\Pipeline->then()
#34 E:\\iseng\\AgenToC\\vendor\\laravel\\framework\\src\\Illuminate\\Routing\\Router.php(786): Illuminate\\Routing\\Router->runRouteWithinStack()
#35 E:\\iseng\\AgenToC\\vendor\\laravel\\framework\\src\\Illuminate\\Routing\\Router.php(750): Illuminate\\Routing\\Router->runRoute()
#36 E:\\iseng\\AgenToC\\vendor\\laravel\\framework\\src\\Illuminate\\Routing\\Router.php(739): Illuminate\\Routing\\Router->dispatchToRoute()
#37 E:\\iseng\\AgenToC\\vendor\\laravel\\framework\\src\\Illuminate\\Foundation\\Http\\Kernel.php(200): Illuminate\\Routing\\Router->dispatch()
#38 E:\\iseng\\AgenToC\\vendor\\laravel\\framework\\src\\Illuminate\\Pipeline\\Pipeline.php(169): Illuminate\\Foundation\\Http\\Kernel->{closure:Illuminate\\Foundation\\Http\\Kernel::dispatchToRouter():197}()
#39 E:\\iseng\\AgenToC\\vendor\\laravel\\framework\\src\\Illuminate\\Foundation\\Http\\Middleware\\TransformsRequest.php(21): Illuminate\\Pipeline\\Pipeline->{closure:Illuminate\\Pipeline\\Pipeline::prepareDestination():167}()
#40 E:\\iseng\\AgenToC\\vendor\\laravel\\framework\\src\\Illuminate\\Foundation\\Http\\Middleware\\ConvertEmptyStringsToNull.php(31): Illuminate\\Foundation\\Http\\Middleware\\TransformsRequest->handle()
#41 E:\\iseng\\AgenToC\\vendor\\laravel\\framework\\src\\Illuminate\\Pipeline\\Pipeline.php(208): Illuminate\\Foundation\\Http\\Middleware\\ConvertEmptyStringsToNull->handle()
#42 E:\\iseng\\AgenToC\\vendor\\laravel\\framework\\src\\Illuminate\\Foundation\\Http\\Middleware\\TransformsRequest.php(21): Illuminate\\Pipeline\\Pipeline->{closure:{closure:Illuminate\\Pipeline\\Pipeline::carry():183}:184}()
#43 E:\\iseng\\AgenToC\\vendor\\laravel\\framework\\src\\Illuminate\\Foundation\\Http\\Middleware\\TrimStrings.php(51): Illuminate\\Foundation\\Http\\Middleware\\TransformsRequest->handle()
#44 E:\\iseng\\AgenToC\\vendor\\laravel\\framework\\src\\Illuminate\\Pipeline\\Pipeline.php(208): Illuminate\\Foundation\\Http\\Middleware\\TrimStrings->handle()
#45 E:\\iseng\\AgenToC\\vendor\\laravel\\framework\\src\\Illuminate\\Http\\Middleware\\ValidatePostSize.php(27): Illuminate\\Pipeline\\Pipeline->{closure:{closure:Illuminate\\Pipeline\\Pipeline::carry():183}:184}()
#46 E:\\iseng\\AgenToC\\vendor\\laravel\\framework\\src\\Illuminate\\Pipeline\\Pipeline.php(208): Illuminate\\Http\\Middleware\\ValidatePostSize->handle()
#47 E:\\iseng\\AgenToC\\vendor\\laravel\\framework\\src\\Illuminate\\Foundation\\Http\\Middleware\\PreventRequestsDuringMaintenance.php(109): Illuminate\\Pipeline\\Pipeline->{closure:{closure:Illuminate\\Pipeline\\Pipeline::carry():183}:184}()
#48 E:\\iseng\\AgenToC\\vendor\\laravel\\framework\\src\\Illuminate\\Pipeline\\Pipeline.php(208): Illuminate\\Foundation\\Http\\Middleware\\PreventRequestsDuringMaintenance->handle()
#49 E:\\iseng\\AgenToC\\vendor\\laravel\\framework\\src\\Illuminate\\Http\\Middleware\\HandleCors.php(48): Illuminate\\Pipeline\\Pipeline->{closure:{closure:Illuminate\\Pipeline\\Pipeline::carry():183}:184}()
#50 E:\\iseng\\AgenToC\\vendor\\laravel\\framework\\src\\Illuminate\\Pipeline\\Pipeline.php(208): Illuminate\\Http\\Middleware\\HandleCors->handle()
#51 E:\\iseng\\AgenToC\\vendor\\laravel\\framework\\src\\Illuminate\\Http\\Middleware\\TrustProxies.php(58): Illuminate\\Pipeline\\Pipeline->{closure:{closure:Illuminate\\Pipeline\\Pipeline::carry():183}:184}()
#52 E:\\iseng\\AgenToC\\vendor\\laravel\\framework\\src\\Illuminate\\Pipeline\\Pipeline.php(208): Illuminate\\Http\\Middleware\\TrustProxies->handle()
#53 E:\\iseng\\AgenToC\\vendor\\laravel\\framework\\src\\Illuminate\\Foundation\\Http\\Middleware\\InvokeDeferredCallbacks.php(22): Illuminate\\Pipeline\\Pipeline->{closure:{closure:Illuminate\\Pipeline\\Pipeline::carry():183}:184}()
#54 E:\\iseng\\AgenToC\\vendor\\laravel\\framework\\src\\Illuminate\\Pipeline\\Pipeline.php(208): Illuminate\\Foundation\\Http\\Middleware\\InvokeDeferredCallbacks->handle()
#55 E:\\iseng\\AgenToC\\vendor\\laravel\\framework\\src\\Illuminate\\Http\\Middleware\\ValidatePathEncoding.php(26): Illuminate\\Pipeline\\Pipeline->{closure:{closure:Illuminate\\Pipeline\\Pipeline::carry():183}:184}()
#56 E:\\iseng\\AgenToC\\vendor\\laravel\\framework\\src\\Illuminate\\Pipeline\\Pipeline.php(208): Illuminate\\Http\\Middleware\\ValidatePathEncoding->handle()
#57 E:\\iseng\\AgenToC\\vendor\\laravel\\framework\\src\\Illuminate\\Pipeline\\Pipeline.php(126): Illuminate\\Pipeline\\Pipeline->{closure:{closure:Illuminate\\Pipeline\\Pipeline::carry():183}:184}()
#58 E:\\iseng\\AgenToC\\vendor\\laravel\\framework\\src\\Illuminate\\Foundation\\Http\\Kernel.php(175): Illuminate\\Pipeline\\Pipeline->then()
#59 E:\\iseng\\AgenToC\\vendor\\laravel\\framework\\src\\Illuminate\\Foundation\\Http\\Kernel.php(144): Illuminate\\Foundation\\Http\\Kernel->sendRequestThroughRouter()
#60 E:\\iseng\\AgenToC\\vendor\\laravel\\framework\\src\\Illuminate\\Foundation\\Application.php(1219): Illuminate\\Foundation\\Http\\Kernel->handle()
#61 E:\\iseng\\AgenToC\\public\\index.php(20): Illuminate\\Foundation\\Application->handleRequest()
#62 E:\\iseng\\AgenToC\\vendor\\laravel\\framework\\src\\Illuminate\\Foundation\\resources\\server.php(23): require_once('...')
#63 {main}

[previous exception] [object] (ErrorException(code: 0): Attempt to read property \"value\" on null at E:\\iseng\\AgenToC\\storage\\framework\\views\\24d4a829a28e49cf5d519e311d56f3fb.php:27)
[stacktrace]
#0 E:\\iseng\\AgenToC\\vendor\\laravel\\framework\\src\\Illuminate\\Foundation\\Bootstrap\\HandleExceptions.php(256): Illuminate\\Foundation\\Bootstrap\\HandleExceptions->handleError()
#1 E:\\iseng\\AgenToC\\storage\\framework\\views\\24d4a829a28e49cf5d519e311d56f3fb.php(27): Illuminate\\Foundation\\Bootstrap\\HandleExceptions->{closure:Illuminate\\Foundation\\Bootstrap\\HandleExceptions::forwardsTo():255}()
#2 E:\\iseng\\AgenToC\\vendor\\laravel\\framework\\src\\Illuminate\\Filesystem\\Filesystem.php(123): require('...')
#3 E:\\iseng\\AgenToC\\vendor\\laravel\\framework\\src\\Illuminate\\Filesystem\\Filesystem.php(124): Illuminate\\Filesystem\\Filesystem::{closure:Illuminate\\Filesystem\\Filesystem::getRequire():120}()
#4 E:\\iseng\\AgenToC\\vendor\\laravel\\framework\\src\\Illuminate\\View\\Engines\\PhpEngine.php(57): Illuminate\\Filesystem\\Filesystem->getRequire()
#5 E:\\iseng\\AgenToC\\vendor\\laravel\\framework\\src\\Illuminate\\View\\Engines\\CompilerEngine.php(74): Illuminate\\View\\Engines\\PhpEngine->evaluatePath()
#6 E:\\iseng\\AgenToC\\vendor\\laravel\\framework\\src\\Illuminate\\View\\View.php(208): Illuminate\\View\\Engines\\CompilerEngine->get()
#7 E:\\iseng\\AgenToC\\vendor\\laravel\\framework\\src\\Illuminate\\View\\View.php(191): Illuminate\\View\\View->getContents()
#8 E:\\iseng\\AgenToC\\vendor\\laravel\\framework\\src\\Illuminate\\View\\View.php(160): Illuminate\\View\\View->renderContents()
#9 E:\\iseng\\AgenToC\\storage\\framework\\views\\27e872d3a9f834d9a046edd1acd99ccb.php(116): Illuminate\\View\\View->render()
#10 E:\\iseng\\AgenToC\\vendor\\laravel\\framework\\src\\Illuminate\\Filesystem\\Filesystem.php(123): require('...')
#11 E:\\iseng\\AgenToC\\vendor\\laravel\\framework\\src\\Illuminate\\Filesystem\\Filesystem.php(124): Illuminate\\Filesystem\\Filesystem::{closure:Illuminate\\Filesystem\\Filesystem::getRequire():120}()
#12 E:\\iseng\\AgenToC\\vendor\\laravel\\framework\\src\\Illuminate\\View\\Engines\\PhpEngine.php(57): Illuminate\\Filesystem\\Filesystem->getRequire()
#13 E:\\iseng\\AgenToC\\vendor\\laravel\\framework\\src\\Illuminate\\View\\Engines\\CompilerEngine.php(74): Illuminate\\View\\Engines\\PhpEngine->evaluatePath()
#14 E:\\iseng\\AgenToC\\vendor\\laravel\\framework\\src\\Illuminate\\View\\View.php(208): Illuminate\\View\\Engines\\CompilerEngine->get()
#15 E:\\iseng\\AgenToC\\vendor\\laravel\\framework\\src\\Illuminate\\View\\View.php(191): Illuminate\\View\\View->getContents()
#16 E:\\iseng\\AgenToC\\vendor\\laravel\\framework\\src\\Illuminate\\View\\View.php(160): Illuminate\\View\\View->renderContents()
#17 E:\\iseng\\AgenToC\\vendor\\laravel\\framework\\src\\Illuminate\\Http\\Response.php(78): Illuminate\\View\\View->render()
#18 E:\\iseng\\AgenToC\\vendor\\laravel\\framework\\src\\Illuminate\\Http\\Response.php(34): Illuminate\\Http\\Response->setContent()
#19 E:\\iseng\\AgenToC\\vendor\\laravel\\framework\\src\\Illuminate\\Routing\\Router.php(924): Illuminate\\Http\\Response->__construct()
#20 E:\\iseng\\AgenToC\\vendor\\laravel\\framework\\src\\Illuminate\\Routing\\Router.php(891): Illuminate\\Routing\\Router::toResponse()
#21 E:\\iseng\\AgenToC\\vendor\\laravel\\framework\\src\\Illuminate\\Routing\\Router.php(807): Illuminate\\Routing\\Router->prepareResponse()
#22 E:\\iseng\\AgenToC\\vendor\\laravel\\framework\\src\\Illuminate\\Pipeline\\Pipeline.php(169): Illuminate\\Routing\\Router->{closure:Illuminate\\Routing\\Router::runRouteWithinStack():807}()
#23 E:\\iseng\\AgenToC\\vendor\\laravel\\framework\\src\\Illuminate\\Routing\\Middleware\\SubstituteBindings.php(50): Illuminate\\Pipeline\\Pipeline->{closure:Illuminate\\Pipeline\\Pipeline::prepareDestination():167}()
#24 E:\\iseng\\AgenToC\\vendor\\laravel\\framework\\src\\Illuminate\\Pipeline\\Pipeline.php(208): Illuminate\\Routing\\Middleware\\SubstituteBindings->handle()
#25 E:\\iseng\\AgenToC\\vendor\\laravel\\framework\\src\\Illuminate\\Foundation\\Http\\Middleware\\VerifyCsrfToken.php(87): Illuminate\\Pipeline\\Pipeline->{closure:{closure:Illuminate\\Pipeline\\Pipeline::carry():183}:184}()
#26 E:\\iseng\\AgenToC\\vendor\\laravel\\framework\\src\\Illuminate\\Pipeline\\Pipeline.php(208): Illuminate\\Foundation\\Http\\Middleware\\VerifyCsrfToken->handle()
#27 E:\\iseng\\AgenToC\\vendor\\laravel\\framework\\src\\Illuminate\\View\\Middleware\\ShareErrorsFromSession.php(48): Illuminate\\Pipeline\\Pipeline->{closure:{closure:Illuminate\\Pipeline\\Pipeline::carry():183}:184}()
#28 E:\\iseng\\AgenToC\\vendor\\laravel\\framework\\src\\Illuminate\\Pipeline\\Pipeline.php(208): Illuminate\\View\\Middleware\\ShareErrorsFromSession->handle()
#29 E:\\iseng\\AgenToC\\vendor\\laravel\\framework\\src\\Illuminate\\Session\\Middleware\\StartSession.php(120): Illuminate\\Pipeline\\Pipeline->{closure:{closure:Illuminate\\Pipeline\\Pipeline::carry():183}:184}()
#30 E:\\iseng\\AgenToC\\vendor\\laravel\\framework\\src\\Illuminate\\Session\\Middleware\\StartSession.php(63): Illuminate\\Session\\Middleware\\StartSession->handleStatefulRequest()
#31 E:\\iseng\\AgenToC\\vendor\\laravel\\framework\\src\\Illuminate\\Pipeline\\Pipeline.php(208): Illuminate\\Session\\Middleware\\StartSession->handle()
#32 E:\\iseng\\AgenToC\\vendor\\laravel\\framework\\src\\Illuminate\\Cookie\\Middleware\\AddQueuedCookiesToResponse.php(36): Illuminate\\Pipeline\\Pipeline->{closure:{closure:Illuminate\\Pipeline\\Pipeline::carry():183}:184}()
#33 E:\\iseng\\AgenToC\\vendor\\laravel\\framework\\src\\Illuminate\\Pipeline\\Pipeline.php(208): Illuminate\\Cookie\\Middleware\\AddQueuedCookiesToResponse->handle()
#34 E:\\iseng\\AgenToC\\vendor\\laravel\\framework\\src\\Illuminate\\Cookie\\Middleware\\EncryptCookies.php(74): Illuminate\\Pipeline\\Pipeline->{closure:{closure:Illuminate\\Pipeline\\Pipeline::carry():183}:184}()
#35 E:\\iseng\\AgenToC\\vendor\\laravel\\framework\\src\\Illuminate\\Pipeline\\Pipeline.php(208): Illuminate\\Cookie\\Middleware\\EncryptCookies->handle()
#36 E:\\iseng\\AgenToC\\vendor\\laravel\\framework\\src\\Illuminate\\Pipeline\\Pipeline.php(126): Illuminate\\Pipeline\\Pipeline->{closure:{closure:Illuminate\\Pipeline\\Pipeline::carry():183}:184}()
#37 E:\\iseng\\AgenToC\\vendor\\laravel\\framework\\src\\Illuminate\\Routing\\Router.php(807): Illuminate\\Pipeline\\Pipeline->then()
#38 E:\\iseng\\AgenToC\\vendor\\laravel\\framework\\src\\Illuminate\\Routing\\Router.php(786): Illuminate\\Routing\\Router->runRouteWithinStack()
#39 E:\\iseng\\AgenToC\\vendor\\laravel\\framework\\src\\Illuminate\\Routing\\Router.php(750): Illuminate\\Routing\\Router->runRoute()
#40 E:\\iseng\\AgenToC\\vendor\\laravel\\framework\\src\\Illuminate\\Routing\\Router.php(739): Illuminate\\Routing\\Router->dispatchToRoute()
#41 E:\\iseng\\AgenToC\\vendor\\laravel\\framework\\src\\Illuminate\\Foundation\\Http\\Kernel.php(200): Illuminate\\Routing\\Router->dispatch()
#42 E:\\iseng\\AgenToC\\vendor\\laravel\\framework\\src\\Illuminate\\Pipeline\\Pipeline.php(169): Illuminate\\Foundation\\Http\\Kernel->{closure:Illuminate\\Foundation\\Http\\Kernel::dispatchToRouter():197}()
#43 E:\\iseng\\AgenToC\\vendor\\laravel\\framework\\src\\Illuminate\\Foundation\\Http\\Middleware\\TransformsRequest.php(21): Illuminate\\Pipeline\\Pipeline->{closure:Illuminate\\Pipeline\\Pipeline::prepareDestination():167}()
#44 E:\\iseng\\AgenToC\\vendor\\laravel\\framework\\src\\Illuminate\\Foundation\\Http\\Middleware\\ConvertEmptyStringsToNull.php(31): Illuminate\\Foundation\\Http\\Middleware\\TransformsRequest->handle()
#45 E:\\iseng\\AgenToC\\vendor\\laravel\\framework\\src\\Illuminate\\Pipeline\\Pipeline.php(208): Illuminate\\Foundation\\Http\\Middleware\\ConvertEmptyStringsToNull->handle()
#46 E:\\iseng\\AgenToC\\vendor\\laravel\\framework\\src\\Illuminate\\Foundation\\Http\\Middleware\\TransformsRequest.php(21): Illuminate\\Pipeline\\Pipeline->{closure:{closure:Illuminate\\Pipeline\\Pipeline::carry():183}:184}()
#47 E:\\iseng\\AgenToC\\vendor\\laravel\\framework\\src\\Illuminate\\Foundation\\Http\\Middleware\\TrimStrings.php(51): Illuminate\\Foundation\\Http\\Middleware\\TransformsRequest->handle()
#48 E:\\iseng\\AgenToC\\vendor\\laravel\\framework\\src\\Illuminate\\Pipeline\\Pipeline.php(208): Illuminate\\Foundation\\Http\\Middleware\\TrimStrings->handle()
#49 E:\\iseng\\AgenToC\\vendor\\laravel\\framework\\src\\Illuminate\\Http\\Middleware\\ValidatePostSize.php(27): Illuminate\\Pipeline\\Pipeline->{closure:{closure:Illuminate\\Pipeline\\Pipeline::carry():183}:184}()
#50 E:\\iseng\\AgenToC\\vendor\\laravel\\framework\\src\\Illuminate\\Pipeline\\Pipeline.php(208): Illuminate\\Http\\Middleware\\ValidatePostSize->handle()
#51 E:\\iseng\\AgenToC\\vendor\\laravel\\framework\\src\\Illuminate\\Foundation\\Http\\Middleware\\PreventRequestsDuringMaintenance.php(109): Illuminate\\Pipeline\\Pipeline->{closure:{closure:Illuminate\\Pipeline\\Pipeline::carry():183}:184}()
#52 E:\\iseng\\AgenToC\\vendor\\laravel\\framework\\src\\Illuminate\\Pipeline\\Pipeline.php(208): Illuminate\\Foundation\\Http\\Middleware\\PreventRequestsDuringMaintenance->handle()
#53 E:\\iseng\\AgenToC\\vendor\\laravel\\framework\\src\\Illuminate\\Http\\Middleware\\HandleCors.php(48): Illuminate\\Pipeline\\Pipeline->{closure:{closure:Illuminate\\Pipeline\\Pipeline::carry():183}:184}()
#54 E:\\iseng\\AgenToC\\vendor\\laravel\\framework\\src\\Illuminate\\Pipeline\\Pipeline.php(208): Illuminate\\Http\\Middleware\\HandleCors->handle()
#55 E:\\iseng\\AgenToC\\vendor\\laravel\\framework\\src\\Illuminate\\Http\\Middleware\\TrustProxies.php(58): Illuminate\\Pipeline\\Pipeline->{closure:{closure:Illuminate\\Pipeline\\Pipeline::carry():183}:184}()
#56 E:\\iseng\\AgenToC\\vendor\\laravel\\framework\\src\\Illuminate\\Pipeline\\Pipeline.php(208): Illuminate\\Http\\Middleware\\TrustProxies->handle()
#57 E:\\iseng\\AgenToC\\vendor\\laravel\\framework\\src\\Illuminate\\Foundation\\Http\\Middleware\\InvokeDeferredCallbacks.php(22): Illuminate\\Pipeline\\Pipeline->{closure:{closure:Illuminate\\Pipeline\\Pipeline::carry():183}:184}()
#58 E:\\iseng\\AgenToC\\vendor\\laravel\\framework\\src\\Illuminate\\Pipeline\\Pipeline.php(208): Illuminate\\Foundation\\Http\\Middleware\\InvokeDeferredCallbacks->handle()
#59 E:\\iseng\\AgenToC\\vendor\\laravel\\framework\\src\\Illuminate\\Http\\Middleware\\ValidatePathEncoding.php(26): Illuminate\\Pipeline\\Pipeline->{closure:{closure:Illuminate\\Pipeline\\Pipeline::carry():183}:184}()
#60 E:\\iseng\\AgenToC\\vendor\\laravel\\framework\\src\\Illuminate\\Pipeline\\Pipeline.php(208): Illuminate\\Http\\Middleware\\ValidatePathEncoding->handle()
#61 E:\\iseng\\AgenToC\\vendor\\laravel\\framework\\src\\Illuminate\\Pipeline\\Pipeline.php(126): Illuminate\\Pipeline\\Pipeline->{closure:{closure:Illuminate\\Pipeline\\Pipeline::carry():183}:184}()
#62 E:\\iseng\\AgenToC\\vendor\\laravel\\framework\\src\\Illuminate\\Foundation\\Http\\Kernel.php(175): Illuminate\\Pipeline\\Pipeline->then()
#63 E:\\iseng\\AgenToC\\vendor\\laravel\\framework\\src\\Illuminate\\Foundation\\Http\\Kernel.php(144): Illuminate\\Foundation\\Http\\Kernel->sendRequestThroughRouter()
#64 E:\\iseng\\AgenToC\\vendor\\laravel\\framework\\src\\Illuminate\\Foundation\\Application.php(1219): Illuminate\\Foundation\\Http\\Kernel->handle()
#65 E:\\iseng\\AgenToC\\public\\index.php(20): Illuminate\\Foundation\\Application->handleRequest()
#66 E:\\iseng\\AgenToC\\vendor\\laravel\\framework\\src\\Illuminate\\Foundation\\resources\\server.php(23): require_once('...')
#67 {main}
"} 
[2025-08-26 12:56:38] Development.ERROR: Attempt to read property "value" on null (View: E:\iseng\AgenToC\resources\views\landing\products.blade.php) (View: E:\iseng\AgenToC\resources\views\landing\products.blade.php) {"exception":"[object] (Illuminate\\View\\ViewException(code: 0): Attempt to read property \"value\" on null (View: E:\\iseng\\AgenToC\\resources\\views\\landing\\products.blade.php) (View: E:\\iseng\\AgenToC\\resources\\views\\landing\\products.blade.php) at E:\\iseng\\AgenToC\\storage\\framework\\views\\24d4a829a28e49cf5d519e311d56f3fb.php:27)
[stacktrace]
#0 E:\\iseng\\AgenToC\\vendor\\laravel\\framework\\src\\Illuminate\\View\\Engines\\PhpEngine.php(59): Illuminate\\View\\Engines\\CompilerEngine->handleViewException()
#1 E:\\iseng\\AgenToC\\vendor\\laravel\\framework\\src\\Illuminate\\View\\Engines\\CompilerEngine.php(74): Illuminate\\View\\Engines\\PhpEngine->evaluatePath()
#2 E:\\iseng\\AgenToC\\vendor\\laravel\\framework\\src\\Illuminate\\View\\View.php(208): Illuminate\\View\\Engines\\CompilerEngine->get()
#3 E:\\iseng\\AgenToC\\vendor\\laravel\\framework\\src\\Illuminate\\View\\View.php(191): Illuminate\\View\\View->getContents()
#4 E:\\iseng\\AgenToC\\vendor\\laravel\\framework\\src\\Illuminate\\View\\View.php(160): Illuminate\\View\\View->renderContents()
#5 E:\\iseng\\AgenToC\\vendor\\laravel\\framework\\src\\Illuminate\\Http\\Response.php(78): Illuminate\\View\\View->render()
#6 E:\\iseng\\AgenToC\\vendor\\laravel\\framework\\src\\Illuminate\\Http\\Response.php(34): Illuminate\\Http\\Response->setContent()
#7 E:\\iseng\\AgenToC\\vendor\\laravel\\framework\\src\\Illuminate\\Routing\\Router.php(924): Illuminate\\Http\\Response->__construct()
#8 E:\\iseng\\AgenToC\\vendor\\laravel\\framework\\src\\Illuminate\\Routing\\Router.php(891): Illuminate\\Routing\\Router::toResponse()
#9 E:\\iseng\\AgenToC\\vendor\\laravel\\framework\\src\\Illuminate\\Routing\\Router.php(807): Illuminate\\Routing\\Router->prepareResponse()
#10 E:\\iseng\\AgenToC\\vendor\\laravel\\framework\\src\\Illuminate\\Pipeline\\Pipeline.php(169): Illuminate\\Routing\\Router->{closure:Illuminate\\Routing\\Router::runRouteWithinStack():807}()
#11 E:\\iseng\\AgenToC\\vendor\\laravel\\framework\\src\\Illuminate\\Routing\\Middleware\\SubstituteBindings.php(50): Illuminate\\Pipeline\\Pipeline->{closure:Illuminate\\Pipeline\\Pipeline::prepareDestination():167}()
#12 E:\\iseng\\AgenToC\\vendor\\laravel\\framework\\src\\Illuminate\\Pipeline\\Pipeline.php(208): Illuminate\\Routing\\Middleware\\SubstituteBindings->handle()
#13 E:\\iseng\\AgenToC\\vendor\\laravel\\framework\\src\\Illuminate\\Foundation\\Http\\Middleware\\VerifyCsrfToken.php(87): Illuminate\\Pipeline\\Pipeline->{closure:{closure:Illuminate\\Pipeline\\Pipeline::carry():183}:184}()
#14 E:\\iseng\\AgenToC\\vendor\\laravel\\framework\\src\\Illuminate\\Pipeline\\Pipeline.php(208): Illuminate\\Foundation\\Http\\Middleware\\VerifyCsrfToken->handle()
#15 E:\\iseng\\AgenToC\\vendor\\laravel\\framework\\src\\Illuminate\\View\\Middleware\\ShareErrorsFromSession.php(48): Illuminate\\Pipeline\\Pipeline->{closure:{closure:Illuminate\\Pipeline\\Pipeline::carry():183}:184}()
#16 E:\\iseng\\AgenToC\\vendor\\laravel\\framework\\src\\Illuminate\\Pipeline\\Pipeline.php(208): Illuminate\\View\\Middleware\\ShareErrorsFromSession->handle()
#17 E:\\iseng\\AgenToC\\vendor\\laravel\\framework\\src\\Illuminate\\Session\\Middleware\\StartSession.php(120): Illuminate\\Pipeline\\Pipeline->{closure:{closure:Illuminate\\Pipeline\\Pipeline::carry():183}:184}()
#18 E:\\iseng\\AgenToC\\vendor\\laravel\\framework\\src\\Illuminate\\Session\\Middleware\\StartSession.php(63): Illuminate\\Session\\Middleware\\StartSession->handleStatefulRequest()
#19 E:\\iseng\\AgenToC\\vendor\\laravel\\framework\\src\\Illuminate\\Pipeline\\Pipeline.php(208): Illuminate\\Session\\Middleware\\StartSession->handle()
#20 E:\\iseng\\AgenToC\\vendor\\laravel\\framework\\src\\Illuminate\\Cookie\\Middleware\\AddQueuedCookiesToResponse.php(36): Illuminate\\Pipeline\\Pipeline->{closure:{closure:Illuminate\\Pipeline\\Pipeline::carry():183}:184}()
#21 E:\\iseng\\AgenToC\\vendor\\laravel\\framework\\src\\Illuminate\\Pipeline\\Pipeline.php(208): Illuminate\\Cookie\\Middleware\\AddQueuedCookiesToResponse->handle()
#22 E:\\iseng\\AgenToC\\vendor\\laravel\\framework\\src\\Illuminate\\Cookie\\Middleware\\EncryptCookies.php(74): Illuminate\\Pipeline\\Pipeline->{closure:{closure:Illuminate\\Pipeline\\Pipeline::carry():183}:184}()
#23 E:\\iseng\\AgenToC\\vendor\\laravel\\framework\\src\\Illuminate\\Pipeline\\Pipeline.php(208): Illuminate\\Cookie\\Middleware\\EncryptCookies->handle()
#24 E:\\iseng\\AgenToC\\vendor\\laravel\\framework\\src\\Illuminate\\Pipeline\\Pipeline.php(126): Illuminate\\Pipeline\\Pipeline->{closure:{closure:Illuminate\\Pipeline\\Pipeline::carry():183}:184}()
#25 E:\\iseng\\AgenToC\\vendor\\laravel\\framework\\src\\Illuminate\\Routing\\Router.php(807): Illuminate\\Pipeline\\Pipeline->then()
#26 E:\\iseng\\AgenToC\\vendor\\laravel\\framework\\src\\Illuminate\\Routing\\Router.php(786): Illuminate\\Routing\\Router->runRouteWithinStack()
#27 E:\\iseng\\AgenToC\\vendor\\laravel\\framework\\src\\Illuminate\\Routing\\Router.php(750): Illuminate\\Routing\\Router->runRoute()
#28 E:\\iseng\\AgenToC\\vendor\\laravel\\framework\\src\\Illuminate\\Routing\\Router.php(739): Illuminate\\Routing\\Router->dispatchToRoute()
#29 E:\\iseng\\AgenToC\\vendor\\laravel\\framework\\src\\Illuminate\\Foundation\\Http\\Kernel.php(200): Illuminate\\Routing\\Router->dispatch()
#30 E:\\iseng\\AgenToC\\vendor\\laravel\\framework\\src\\Illuminate\\Pipeline\\Pipeline.php(169): Illuminate\\Foundation\\Http\\Kernel->{closure:Illuminate\\Foundation\\Http\\Kernel::dispatchToRouter():197}()
#31 E:\\iseng\\AgenToC\\vendor\\laravel\\framework\\src\\Illuminate\\Foundation\\Http\\Middleware\\TransformsRequest.php(21): Illuminate\\Pipeline\\Pipeline->{closure:Illuminate\\Pipeline\\Pipeline::prepareDestination():167}()
#32 E:\\iseng\\AgenToC\\vendor\\laravel\\framework\\src\\Illuminate\\Foundation\\Http\\Middleware\\ConvertEmptyStringsToNull.php(31): Illuminate\\Foundation\\Http\\Middleware\\TransformsRequest->handle()
#33 E:\\iseng\\AgenToC\\vendor\\laravel\\framework\\src\\Illuminate\\Pipeline\\Pipeline.php(208): Illuminate\\Foundation\\Http\\Middleware\\ConvertEmptyStringsToNull->handle()
#34 E:\\iseng\\AgenToC\\vendor\\laravel\\framework\\src\\Illuminate\\Foundation\\Http\\Middleware\\TransformsRequest.php(21): Illuminate\\Pipeline\\Pipeline->{closure:{closure:Illuminate\\Pipeline\\Pipeline::carry():183}:184}()
#35 E:\\iseng\\AgenToC\\vendor\\laravel\\framework\\src\\Illuminate\\Foundation\\Http\\Middleware\\TrimStrings.php(51): Illuminate\\Foundation\\Http\\Middleware\\TransformsRequest->handle()
#36 E:\\iseng\\AgenToC\\vendor\\laravel\\framework\\src\\Illuminate\\Pipeline\\Pipeline.php(208): Illuminate\\Foundation\\Http\\Middleware\\TrimStrings->handle()
#37 E:\\iseng\\AgenToC\\vendor\\laravel\\framework\\src\\Illuminate\\Http\\Middleware\\ValidatePostSize.php(27): Illuminate\\Pipeline\\Pipeline->{closure:{closure:Illuminate\\Pipeline\\Pipeline::carry():183}:184}()
#38 E:\\iseng\\AgenToC\\vendor\\laravel\\framework\\src\\Illuminate\\Pipeline\\Pipeline.php(208): Illuminate\\Http\\Middleware\\ValidatePostSize->handle()
#39 E:\\iseng\\AgenToC\\vendor\\laravel\\framework\\src\\Illuminate\\Foundation\\Http\\Middleware\\PreventRequestsDuringMaintenance.php(109): Illuminate\\Pipeline\\Pipeline->{closure:{closure:Illuminate\\Pipeline\\Pipeline::carry():183}:184}()
#40 E:\\iseng\\AgenToC\\vendor\\laravel\\framework\\src\\Illuminate\\Pipeline\\Pipeline.php(208): Illuminate\\Foundation\\Http\\Middleware\\PreventRequestsDuringMaintenance->handle()
#41 E:\\iseng\\AgenToC\\vendor\\laravel\\framework\\src\\Illuminate\\Http\\Middleware\\HandleCors.php(48): Illuminate\\Pipeline\\Pipeline->{closure:{closure:Illuminate\\Pipeline\\Pipeline::carry():183}:184}()
#42 E:\\iseng\\AgenToC\\vendor\\laravel\\framework\\src\\Illuminate\\Pipeline\\Pipeline.php(208): Illuminate\\Http\\Middleware\\HandleCors->handle()
#43 E:\\iseng\\AgenToC\\vendor\\laravel\\framework\\src\\Illuminate\\Http\\Middleware\\TrustProxies.php(58): Illuminate\\Pipeline\\Pipeline->{closure:{closure:Illuminate\\Pipeline\\Pipeline::carry():183}:184}()
#44 E:\\iseng\\AgenToC\\vendor\\laravel\\framework\\src\\Illuminate\\Pipeline\\Pipeline.php(208): Illuminate\\Http\\Middleware\\TrustProxies->handle()
#45 E:\\iseng\\AgenToC\\vendor\\laravel\\framework\\src\\Illuminate\\Foundation\\Http\\Middleware\\InvokeDeferredCallbacks.php(22): Illuminate\\Pipeline\\Pipeline->{closure:{closure:Illuminate\\Pipeline\\Pipeline::carry():183}:184}()
#46 E:\\iseng\\AgenToC\\vendor\\laravel\\framework\\src\\Illuminate\\Pipeline\\Pipeline.php(208): Illuminate\\Foundation\\Http\\Middleware\\InvokeDeferredCallbacks->handle()
#47 E:\\iseng\\AgenToC\\vendor\\laravel\\framework\\src\\Illuminate\\Http\\Middleware\\ValidatePathEncoding.php(26): Illuminate\\Pipeline\\Pipeline->{closure:{closure:Illuminate\\Pipeline\\Pipeline::carry():183}:184}()
#48 E:\\iseng\\AgenToC\\vendor\\laravel\\framework\\src\\Illuminate\\Pipeline\\Pipeline.php(208): Illuminate\\Http\\Middleware\\ValidatePathEncoding->handle()
#49 E:\\iseng\\AgenToC\\vendor\\laravel\\framework\\src\\Illuminate\\Pipeline\\Pipeline.php(126): Illuminate\\Pipeline\\Pipeline->{closure:{closure:Illuminate\\Pipeline\\Pipeline::carry():183}:184}()
#50 E:\\iseng\\AgenToC\\vendor\\laravel\\framework\\src\\Illuminate\\Foundation\\Http\\Kernel.php(175): Illuminate\\Pipeline\\Pipeline->then()
#51 E:\\iseng\\AgenToC\\vendor\\laravel\\framework\\src\\Illuminate\\Foundation\\Http\\Kernel.php(144): Illuminate\\Foundation\\Http\\Kernel->sendRequestThroughRouter()
#52 E:\\iseng\\AgenToC\\vendor\\laravel\\framework\\src\\Illuminate\\Foundation\\Application.php(1219): Illuminate\\Foundation\\Http\\Kernel->handle()
#53 E:\\iseng\\AgenToC\\public\\index.php(20): Illuminate\\Foundation\\Application->handleRequest()
#54 E:\\iseng\\AgenToC\\vendor\\laravel\\framework\\src\\Illuminate\\Foundation\\resources\\server.php(23): require_once('...')
#55 {main}

[previous exception] [object] (Illuminate\\View\\ViewException(code: 0): Attempt to read property \"value\" on null (View: E:\\iseng\\AgenToC\\resources\\views\\landing\\products.blade.php) at E:\\iseng\\AgenToC\\storage\\framework\\views\\24d4a829a28e49cf5d519e311d56f3fb.php:27)
[stacktrace]
#0 E:\\iseng\\AgenToC\\vendor\\laravel\\framework\\src\\Illuminate\\View\\Engines\\PhpEngine.php(59): Illuminate\\View\\Engines\\CompilerEngine->handleViewException()
#1 E:\\iseng\\AgenToC\\vendor\\laravel\\framework\\src\\Illuminate\\View\\Engines\\CompilerEngine.php(74): Illuminate\\View\\Engines\\PhpEngine->evaluatePath()
#2 E:\\iseng\\AgenToC\\vendor\\laravel\\framework\\src\\Illuminate\\View\\View.php(208): Illuminate\\View\\Engines\\CompilerEngine->get()
#3 E:\\iseng\\AgenToC\\vendor\\laravel\\framework\\src\\Illuminate\\View\\View.php(191): Illuminate\\View\\View->getContents()
#4 E:\\iseng\\AgenToC\\vendor\\laravel\\framework\\src\\Illuminate\\View\\View.php(160): Illuminate\\View\\View->renderContents()
#5 E:\\iseng\\AgenToC\\storage\\framework\\views\\27e872d3a9f834d9a046edd1acd99ccb.php(116): Illuminate\\View\\View->render()
#6 E:\\iseng\\AgenToC\\vendor\\laravel\\framework\\src\\Illuminate\\Filesystem\\Filesystem.php(123): require('...')
#7 E:\\iseng\\AgenToC\\vendor\\laravel\\framework\\src\\Illuminate\\Filesystem\\Filesystem.php(124): Illuminate\\Filesystem\\Filesystem::{closure:Illuminate\\Filesystem\\Filesystem::getRequire():120}()
#8 E:\\iseng\\AgenToC\\vendor\\laravel\\framework\\src\\Illuminate\\View\\Engines\\PhpEngine.php(57): Illuminate\\Filesystem\\Filesystem->getRequire()
#9 E:\\iseng\\AgenToC\\vendor\\laravel\\framework\\src\\Illuminate\\View\\Engines\\CompilerEngine.php(74): Illuminate\\View\\Engines\\PhpEngine->evaluatePath()
#10 E:\\iseng\\AgenToC\\vendor\\laravel\\framework\\src\\Illuminate\\View\\View.php(208): Illuminate\\View\\Engines\\CompilerEngine->get()
#11 E:\\iseng\\AgenToC\\vendor\\laravel\\framework\\src\\Illuminate\\View\\View.php(191): Illuminate\\View\\View->getContents()
#12 E:\\iseng\\AgenToC\\vendor\\laravel\\framework\\src\\Illuminate\\View\\View.php(160): Illuminate\\View\\View->renderContents()
#13 E:\\iseng\\AgenToC\\vendor\\laravel\\framework\\src\\Illuminate\\Http\\Response.php(78): Illuminate\\View\\View->render()
#14 E:\\iseng\\AgenToC\\vendor\\laravel\\framework\\src\\Illuminate\\Http\\Response.php(34): Illuminate\\Http\\Response->setContent()
#15 E:\\iseng\\AgenToC\\vendor\\laravel\\framework\\src\\Illuminate\\Routing\\Router.php(924): Illuminate\\Http\\Response->__construct()
#16 E:\\iseng\\AgenToC\\vendor\\laravel\\framework\\src\\Illuminate\\Routing\\Router.php(891): Illuminate\\Routing\\Router::toResponse()
#17 E:\\iseng\\AgenToC\\vendor\\laravel\\framework\\src\\Illuminate\\Routing\\Router.php(807): Illuminate\\Routing\\Router->prepareResponse()
#18 E:\\iseng\\AgenToC\\vendor\\laravel\\framework\\src\\Illuminate\\Pipeline\\Pipeline.php(169): Illuminate\\Routing\\Router->{closure:Illuminate\\Routing\\Router::runRouteWithinStack():807}()
#19 E:\\iseng\\AgenToC\\vendor\\laravel\\framework\\src\\Illuminate\\Routing\\Middleware\\SubstituteBindings.php(50): Illuminate\\Pipeline\\Pipeline->{closure:Illuminate\\Pipeline\\Pipeline::prepareDestination():167}()
#20 E:\\iseng\\AgenToC\\vendor\\laravel\\framework\\src\\Illuminate\\Pipeline\\Pipeline.php(208): Illuminate\\Routing\\Middleware\\SubstituteBindings->handle()
#21 E:\\iseng\\AgenToC\\vendor\\laravel\\framework\\src\\Illuminate\\Foundation\\Http\\Middleware\\VerifyCsrfToken.php(87): Illuminate\\Pipeline\\Pipeline->{closure:{closure:Illuminate\\Pipeline\\Pipeline::carry():183}:184}()
#22 E:\\iseng\\AgenToC\\vendor\\laravel\\framework\\src\\Illuminate\\Pipeline\\Pipeline.php(208): Illuminate\\Foundation\\Http\\Middleware\\VerifyCsrfToken->handle()
#23 E:\\iseng\\AgenToC\\vendor\\laravel\\framework\\src\\Illuminate\\View\\Middleware\\ShareErrorsFromSession.php(48): Illuminate\\Pipeline\\Pipeline->{closure:{closure:Illuminate\\Pipeline\\Pipeline::carry():183}:184}()
#24 E:\\iseng\\AgenToC\\vendor\\laravel\\framework\\src\\Illuminate\\Pipeline\\Pipeline.php(208): Illuminate\\View\\Middleware\\ShareErrorsFromSession->handle()
#25 E:\\iseng\\AgenToC\\vendor\\laravel\\framework\\src\\Illuminate\\Session\\Middleware\\StartSession.php(120): Illuminate\\Pipeline\\Pipeline->{closure:{closure:Illuminate\\Pipeline\\Pipeline::carry():183}:184}()
#26 E:\\iseng\\AgenToC\\vendor\\laravel\\framework\\src\\Illuminate\\Session\\Middleware\\StartSession.php(63): Illuminate\\Session\\Middleware\\StartSession->handleStatefulRequest()
#27 E:\\iseng\\AgenToC\\vendor\\laravel\\framework\\src\\Illuminate\\Pipeline\\Pipeline.php(208): Illuminate\\Session\\Middleware\\StartSession->handle()
#28 E:\\iseng\\AgenToC\\vendor\\laravel\\framework\\src\\Illuminate\\Cookie\\Middleware\\AddQueuedCookiesToResponse.php(36): Illuminate\\Pipeline\\Pipeline->{closure:{closure:Illuminate\\Pipeline\\Pipeline::carry():183}:184}()
#29 E:\\iseng\\AgenToC\\vendor\\laravel\\framework\\src\\Illuminate\\Pipeline\\Pipeline.php(208): Illuminate\\Cookie\\Middleware\\AddQueuedCookiesToResponse->handle()
#30 E:\\iseng\\AgenToC\\vendor\\laravel\\framework\\src\\Illuminate\\Cookie\\Middleware\\EncryptCookies.php(74): Illuminate\\Pipeline\\Pipeline->{closure:{closure:Illuminate\\Pipeline\\Pipeline::carry():183}:184}()
#31 E:\\iseng\\AgenToC\\vendor\\laravel\\framework\\src\\Illuminate\\Pipeline\\Pipeline.php(208): Illuminate\\Cookie\\Middleware\\EncryptCookies->handle()
#32 E:\\iseng\\AgenToC\\vendor\\laravel\\framework\\src\\Illuminate\\Pipeline\\Pipeline.php(126): Illuminate\\Pipeline\\Pipeline->{closure:{closure:Illuminate\\Pipeline\\Pipeline::carry():183}:184}()
#33 E:\\iseng\\AgenToC\\vendor\\laravel\\framework\\src\\Illuminate\\Routing\\Router.php(807): Illuminate\\Pipeline\\Pipeline->then()
#34 E:\\iseng\\AgenToC\\vendor\\laravel\\framework\\src\\Illuminate\\Routing\\Router.php(786): Illuminate\\Routing\\Router->runRouteWithinStack()
#35 E:\\iseng\\AgenToC\\vendor\\laravel\\framework\\src\\Illuminate\\Routing\\Router.php(750): Illuminate\\Routing\\Router->runRoute()
#36 E:\\iseng\\AgenToC\\vendor\\laravel\\framework\\src\\Illuminate\\Routing\\Router.php(739): Illuminate\\Routing\\Router->dispatchToRoute()
#37 E:\\iseng\\AgenToC\\vendor\\laravel\\framework\\src\\Illuminate\\Foundation\\Http\\Kernel.php(200): Illuminate\\Routing\\Router->dispatch()
#38 E:\\iseng\\AgenToC\\vendor\\laravel\\framework\\src\\Illuminate\\Pipeline\\Pipeline.php(169): Illuminate\\Foundation\\Http\\Kernel->{closure:Illuminate\\Foundation\\Http\\Kernel::dispatchToRouter():197}()
#39 E:\\iseng\\AgenToC\\vendor\\laravel\\framework\\src\\Illuminate\\Foundation\\Http\\Middleware\\TransformsRequest.php(21): Illuminate\\Pipeline\\Pipeline->{closure:Illuminate\\Pipeline\\Pipeline::prepareDestination():167}()
#40 E:\\iseng\\AgenToC\\vendor\\laravel\\framework\\src\\Illuminate\\Foundation\\Http\\Middleware\\ConvertEmptyStringsToNull.php(31): Illuminate\\Foundation\\Http\\Middleware\\TransformsRequest->handle()
#41 E:\\iseng\\AgenToC\\vendor\\laravel\\framework\\src\\Illuminate\\Pipeline\\Pipeline.php(208): Illuminate\\Foundation\\Http\\Middleware\\ConvertEmptyStringsToNull->handle()
#42 E:\\iseng\\AgenToC\\vendor\\laravel\\framework\\src\\Illuminate\\Foundation\\Http\\Middleware\\TransformsRequest.php(21): Illuminate\\Pipeline\\Pipeline->{closure:{closure:Illuminate\\Pipeline\\Pipeline::carry():183}:184}()
#43 E:\\iseng\\AgenToC\\vendor\\laravel\\framework\\src\\Illuminate\\Foundation\\Http\\Middleware\\TrimStrings.php(51): Illuminate\\Foundation\\Http\\Middleware\\TransformsRequest->handle()
#44 E:\\iseng\\AgenToC\\vendor\\laravel\\framework\\src\\Illuminate\\Pipeline\\Pipeline.php(208): Illuminate\\Foundation\\Http\\Middleware\\TrimStrings->handle()
#45 E:\\iseng\\AgenToC\\vendor\\laravel\\framework\\src\\Illuminate\\Http\\Middleware\\ValidatePostSize.php(27): Illuminate\\Pipeline\\Pipeline->{closure:{closure:Illuminate\\Pipeline\\Pipeline::carry():183}:184}()
#46 E:\\iseng\\AgenToC\\vendor\\laravel\\framework\\src\\Illuminate\\Pipeline\\Pipeline.php(208): Illuminate\\Http\\Middleware\\ValidatePostSize->handle()
#47 E:\\iseng\\AgenToC\\vendor\\laravel\\framework\\src\\Illuminate\\Foundation\\Http\\Middleware\\PreventRequestsDuringMaintenance.php(109): Illuminate\\Pipeline\\Pipeline->{closure:{closure:Illuminate\\Pipeline\\Pipeline::carry():183}:184}()
#48 E:\\iseng\\AgenToC\\vendor\\laravel\\framework\\src\\Illuminate\\Pipeline\\Pipeline.php(208): Illuminate\\Foundation\\Http\\Middleware\\PreventRequestsDuringMaintenance->handle()
#49 E:\\iseng\\AgenToC\\vendor\\laravel\\framework\\src\\Illuminate\\Http\\Middleware\\HandleCors.php(48): Illuminate\\Pipeline\\Pipeline->{closure:{closure:Illuminate\\Pipeline\\Pipeline::carry():183}:184}()
#50 E:\\iseng\\AgenToC\\vendor\\laravel\\framework\\src\\Illuminate\\Pipeline\\Pipeline.php(208): Illuminate\\Http\\Middleware\\HandleCors->handle()
#51 E:\\iseng\\AgenToC\\vendor\\laravel\\framework\\src\\Illuminate\\Http\\Middleware\\TrustProxies.php(58): Illuminate\\Pipeline\\Pipeline->{closure:{closure:Illuminate\\Pipeline\\Pipeline::carry():183}:184}()
#52 E:\\iseng\\AgenToC\\vendor\\laravel\\framework\\src\\Illuminate\\Pipeline\\Pipeline.php(208): Illuminate\\Http\\Middleware\\TrustProxies->handle()
#53 E:\\iseng\\AgenToC\\vendor\\laravel\\framework\\src\\Illuminate\\Foundation\\Http\\Middleware\\InvokeDeferredCallbacks.php(22): Illuminate\\Pipeline\\Pipeline->{closure:{closure:Illuminate\\Pipeline\\Pipeline::carry():183}:184}()
#54 E:\\iseng\\AgenToC\\vendor\\laravel\\framework\\src\\Illuminate\\Pipeline\\Pipeline.php(208): Illuminate\\Foundation\\Http\\Middleware\\InvokeDeferredCallbacks->handle()
#55 E:\\iseng\\AgenToC\\vendor\\laravel\\framework\\src\\Illuminate\\Http\\Middleware\\ValidatePathEncoding.php(26): Illuminate\\Pipeline\\Pipeline->{closure:{closure:Illuminate\\Pipeline\\Pipeline::carry():183}:184}()
#56 E:\\iseng\\AgenToC\\vendor\\laravel\\framework\\src\\Illuminate\\Pipeline\\Pipeline.php(208): Illuminate\\Http\\Middleware\\ValidatePathEncoding->handle()
#57 E:\\iseng\\AgenToC\\vendor\\laravel\\framework\\src\\Illuminate\\Pipeline\\Pipeline.php(126): Illuminate\\Pipeline\\Pipeline->{closure:{closure:Illuminate\\Pipeline\\Pipeline::carry():183}:184}()
#58 E:\\iseng\\AgenToC\\vendor\\laravel\\framework\\src\\Illuminate\\Foundation\\Http\\Kernel.php(175): Illuminate\\Pipeline\\Pipeline->then()
#59 E:\\iseng\\AgenToC\\vendor\\laravel\\framework\\src\\Illuminate\\Foundation\\Http\\Kernel.php(144): Illuminate\\Foundation\\Http\\Kernel->sendRequestThroughRouter()
#60 E:\\iseng\\AgenToC\\vendor\\laravel\\framework\\src\\Illuminate\\Foundation\\Application.php(1219): Illuminate\\Foundation\\Http\\Kernel->handle()
#61 E:\\iseng\\AgenToC\\public\\index.php(20): Illuminate\\Foundation\\Application->handleRequest()
#62 E:\\iseng\\AgenToC\\vendor\\laravel\\framework\\src\\Illuminate\\Foundation\\resources\\server.php(23): require_once('...')
#63 {main}

[previous exception] [object] (ErrorException(code: 0): Attempt to read property \"value\" on null at E:\\iseng\\AgenToC\\storage\\framework\\views\\24d4a829a28e49cf5d519e311d56f3fb.php:27)
[stacktrace]
#0 E:\\iseng\\AgenToC\\vendor\\laravel\\framework\\src\\Illuminate\\Foundation\\Bootstrap\\HandleExceptions.php(256): Illuminate\\Foundation\\Bootstrap\\HandleExceptions->handleError()
#1 E:\\iseng\\AgenToC\\storage\\framework\\views\\24d4a829a28e49cf5d519e311d56f3fb.php(27): Illuminate\\Foundation\\Bootstrap\\HandleExceptions->{closure:Illuminate\\Foundation\\Bootstrap\\HandleExceptions::forwardsTo():255}()
#2 E:\\iseng\\AgenToC\\vendor\\laravel\\framework\\src\\Illuminate\\Filesystem\\Filesystem.php(123): require('...')
#3 E:\\iseng\\AgenToC\\vendor\\laravel\\framework\\src\\Illuminate\\Filesystem\\Filesystem.php(124): Illuminate\\Filesystem\\Filesystem::{closure:Illuminate\\Filesystem\\Filesystem::getRequire():120}()
#4 E:\\iseng\\AgenToC\\vendor\\laravel\\framework\\src\\Illuminate\\View\\Engines\\PhpEngine.php(57): Illuminate\\Filesystem\\Filesystem->getRequire()
#5 E:\\iseng\\AgenToC\\vendor\\laravel\\framework\\src\\Illuminate\\View\\Engines\\CompilerEngine.php(74): Illuminate\\View\\Engines\\PhpEngine->evaluatePath()
#6 E:\\iseng\\AgenToC\\vendor\\laravel\\framework\\src\\Illuminate\\View\\View.php(208): Illuminate\\View\\Engines\\CompilerEngine->get()
#7 E:\\iseng\\AgenToC\\vendor\\laravel\\framework\\src\\Illuminate\\View\\View.php(191): Illuminate\\View\\View->getContents()
#8 E:\\iseng\\AgenToC\\vendor\\laravel\\framework\\src\\Illuminate\\View\\View.php(160): Illuminate\\View\\View->renderContents()
#9 E:\\iseng\\AgenToC\\storage\\framework\\views\\27e872d3a9f834d9a046edd1acd99ccb.php(116): Illuminate\\View\\View->render()
#10 E:\\iseng\\AgenToC\\vendor\\laravel\\framework\\src\\Illuminate\\Filesystem\\Filesystem.php(123): require('...')
#11 E:\\iseng\\AgenToC\\vendor\\laravel\\framework\\src\\Illuminate\\Filesystem\\Filesystem.php(124): Illuminate\\Filesystem\\Filesystem::{closure:Illuminate\\Filesystem\\Filesystem::getRequire():120}()
#12 E:\\iseng\\AgenToC\\vendor\\laravel\\framework\\src\\Illuminate\\View\\Engines\\PhpEngine.php(57): Illuminate\\Filesystem\\Filesystem->getRequire()
#13 E:\\iseng\\AgenToC\\vendor\\laravel\\framework\\src\\Illuminate\\View\\Engines\\CompilerEngine.php(74): Illuminate\\View\\Engines\\PhpEngine->evaluatePath()
#14 E:\\iseng\\AgenToC\\vendor\\laravel\\framework\\src\\Illuminate\\View\\View.php(208): Illuminate\\View\\Engines\\CompilerEngine->get()
#15 E:\\iseng\\AgenToC\\vendor\\laravel\\framework\\src\\Illuminate\\View\\View.php(191): Illuminate\\View\\View->getContents()
#16 E:\\iseng\\AgenToC\\vendor\\laravel\\framework\\src\\Illuminate\\View\\View.php(160): Illuminate\\View\\View->renderContents()
#17 E:\\iseng\\AgenToC\\vendor\\laravel\\framework\\src\\Illuminate\\Http\\Response.php(78): Illuminate\\View\\View->render()
#18 E:\\iseng\\AgenToC\\vendor\\laravel\\framework\\src\\Illuminate\\Http\\Response.php(34): Illuminate\\Http\\Response->setContent()
#19 E:\\iseng\\AgenToC\\vendor\\laravel\\framework\\src\\Illuminate\\Routing\\Router.php(924): Illuminate\\Http\\Response->__construct()
#20 E:\\iseng\\AgenToC\\vendor\\laravel\\framework\\src\\Illuminate\\Routing\\Router.php(891): Illuminate\\Routing\\Router::toResponse()
#21 E:\\iseng\\AgenToC\\vendor\\laravel\\framework\\src\\Illuminate\\Routing\\Router.php(807): Illuminate\\Routing\\Router->prepareResponse()
#22 E:\\iseng\\AgenToC\\vendor\\laravel\\framework\\src\\Illuminate\\Pipeline\\Pipeline.php(169): Illuminate\\Routing\\Router->{closure:Illuminate\\Routing\\Router::runRouteWithinStack():807}()
#23 E:\\iseng\\AgenToC\\vendor\\laravel\\framework\\src\\Illuminate\\Routing\\Middleware\\SubstituteBindings.php(50): Illuminate\\Pipeline\\Pipeline->{closure:Illuminate\\Pipeline\\Pipeline::prepareDestination():167}()
#24 E:\\iseng\\AgenToC\\vendor\\laravel\\framework\\src\\Illuminate\\Pipeline\\Pipeline.php(208): Illuminate\\Routing\\Middleware\\SubstituteBindings->handle()
#25 E:\\iseng\\AgenToC\\vendor\\laravel\\framework\\src\\Illuminate\\Foundation\\Http\\Middleware\\VerifyCsrfToken.php(87): Illuminate\\Pipeline\\Pipeline->{closure:{closure:Illuminate\\Pipeline\\Pipeline::carry():183}:184}()
#26 E:\\iseng\\AgenToC\\vendor\\laravel\\framework\\src\\Illuminate\\Pipeline\\Pipeline.php(208): Illuminate\\Foundation\\Http\\Middleware\\VerifyCsrfToken->handle()
#27 E:\\iseng\\AgenToC\\vendor\\laravel\\framework\\src\\Illuminate\\View\\Middleware\\ShareErrorsFromSession.php(48): Illuminate\\Pipeline\\Pipeline->{closure:{closure:Illuminate\\Pipeline\\Pipeline::carry():183}:184}()
#28 E:\\iseng\\AgenToC\\vendor\\laravel\\framework\\src\\Illuminate\\Pipeline\\Pipeline.php(208): Illuminate\\View\\Middleware\\ShareErrorsFromSession->handle()
#29 E:\\iseng\\AgenToC\\vendor\\laravel\\framework\\src\\Illuminate\\Session\\Middleware\\StartSession.php(120): Illuminate\\Pipeline\\Pipeline->{closure:{closure:Illuminate\\Pipeline\\Pipeline::carry():183}:184}()
#30 E:\\iseng\\AgenToC\\vendor\\laravel\\framework\\src\\Illuminate\\Session\\Middleware\\StartSession.php(63): Illuminate\\Session\\Middleware\\StartSession->handleStatefulRequest()
#31 E:\\iseng\\AgenToC\\vendor\\laravel\\framework\\src\\Illuminate\\Pipeline\\Pipeline.php(208): Illuminate\\Session\\Middleware\\StartSession->handle()
#32 E:\\iseng\\AgenToC\\vendor\\laravel\\framework\\src\\Illuminate\\Cookie\\Middleware\\AddQueuedCookiesToResponse.php(36): Illuminate\\Pipeline\\Pipeline->{closure:{closure:Illuminate\\Pipeline\\Pipeline::carry():183}:184}()
#33 E:\\iseng\\AgenToC\\vendor\\laravel\\framework\\src\\Illuminate\\Pipeline\\Pipeline.php(208): Illuminate\\Cookie\\Middleware\\AddQueuedCookiesToResponse->handle()
#34 E:\\iseng\\AgenToC\\vendor\\laravel\\framework\\src\\Illuminate\\Cookie\\Middleware\\EncryptCookies.php(74): Illuminate\\Pipeline\\Pipeline->{closure:{closure:Illuminate\\Pipeline\\Pipeline::carry():183}:184}()
#35 E:\\iseng\\AgenToC\\vendor\\laravel\\framework\\src\\Illuminate\\Pipeline\\Pipeline.php(208): Illuminate\\Cookie\\Middleware\\EncryptCookies->handle()
#36 E:\\iseng\\AgenToC\\vendor\\laravel\\framework\\src\\Illuminate\\Pipeline\\Pipeline.php(126): Illuminate\\Pipeline\\Pipeline->{closure:{closure:Illuminate\\Pipeline\\Pipeline::carry():183}:184}()
#37 E:\\iseng\\AgenToC\\vendor\\laravel\\framework\\src\\Illuminate\\Routing\\Router.php(807): Illuminate\\Pipeline\\Pipeline->then()
#38 E:\\iseng\\AgenToC\\vendor\\laravel\\framework\\src\\Illuminate\\Routing\\Router.php(786): Illuminate\\Routing\\Router->runRouteWithinStack()
#39 E:\\iseng\\AgenToC\\vendor\\laravel\\framework\\src\\Illuminate\\Routing\\Router.php(750): Illuminate\\Routing\\Router->runRoute()
#40 E:\\iseng\\AgenToC\\vendor\\laravel\\framework\\src\\Illuminate\\Routing\\Router.php(739): Illuminate\\Routing\\Router->dispatchToRoute()
#41 E:\\iseng\\AgenToC\\vendor\\laravel\\framework\\src\\Illuminate\\Foundation\\Http\\Kernel.php(200): Illuminate\\Routing\\Router->dispatch()
#42 E:\\iseng\\AgenToC\\vendor\\laravel\\framework\\src\\Illuminate\\Pipeline\\Pipeline.php(169): Illuminate\\Foundation\\Http\\Kernel->{closure:Illuminate\\Foundation\\Http\\Kernel::dispatchToRouter():197}()
#43 E:\\iseng\\AgenToC\\vendor\\laravel\\framework\\src\\Illuminate\\Foundation\\Http\\Middleware\\TransformsRequest.php(21): Illuminate\\Pipeline\\Pipeline->{closure:Illuminate\\Pipeline\\Pipeline::prepareDestination():167}()
#44 E:\\iseng\\AgenToC\\vendor\\laravel\\framework\\src\\Illuminate\\Foundation\\Http\\Middleware\\ConvertEmptyStringsToNull.php(31): Illuminate\\Foundation\\Http\\Middleware\\TransformsRequest->handle()
#45 E:\\iseng\\AgenToC\\vendor\\laravel\\framework\\src\\Illuminate\\Pipeline\\Pipeline.php(208): Illuminate\\Foundation\\Http\\Middleware\\ConvertEmptyStringsToNull->handle()
#46 E:\\iseng\\AgenToC\\vendor\\laravel\\framework\\src\\Illuminate\\Foundation\\Http\\Middleware\\TransformsRequest.php(21): Illuminate\\Pipeline\\Pipeline->{closure:{closure:Illuminate\\Pipeline\\Pipeline::carry():183}:184}()
#47 E:\\iseng\\AgenToC\\vendor\\laravel\\framework\\src\\Illuminate\\Foundation\\Http\\Middleware\\TrimStrings.php(51): Illuminate\\Foundation\\Http\\Middleware\\TransformsRequest->handle()
#48 E:\\iseng\\AgenToC\\vendor\\laravel\\framework\\src\\Illuminate\\Pipeline\\Pipeline.php(208): Illuminate\\Foundation\\Http\\Middleware\\TrimStrings->handle()
#49 E:\\iseng\\AgenToC\\vendor\\laravel\\framework\\src\\Illuminate\\Http\\Middleware\\ValidatePostSize.php(27): Illuminate\\Pipeline\\Pipeline->{closure:{closure:Illuminate\\Pipeline\\Pipeline::carry():183}:184}()
#50 E:\\iseng\\AgenToC\\vendor\\laravel\\framework\\src\\Illuminate\\Pipeline\\Pipeline.php(208): Illuminate\\Http\\Middleware\\ValidatePostSize->handle()
#51 E:\\iseng\\AgenToC\\vendor\\laravel\\framework\\src\\Illuminate\\Foundation\\Http\\Middleware\\PreventRequestsDuringMaintenance.php(109): Illuminate\\Pipeline\\Pipeline->{closure:{closure:Illuminate\\Pipeline\\Pipeline::carry():183}:184}()
#52 E:\\iseng\\AgenToC\\vendor\\laravel\\framework\\src\\Illuminate\\Pipeline\\Pipeline.php(208): Illuminate\\Foundation\\Http\\Middleware\\PreventRequestsDuringMaintenance->handle()
#53 E:\\iseng\\AgenToC\\vendor\\laravel\\framework\\src\\Illuminate\\Http\\Middleware\\HandleCors.php(48): Illuminate\\Pipeline\\Pipeline->{closure:{closure:Illuminate\\Pipeline\\Pipeline::carry():183}:184}()
#54 E:\\iseng\\AgenToC\\vendor\\laravel\\framework\\src\\Illuminate\\Pipeline\\Pipeline.php(208): Illuminate\\Http\\Middleware\\HandleCors->handle()
#55 E:\\iseng\\AgenToC\\vendor\\laravel\\framework\\src\\Illuminate\\Http\\Middleware\\TrustProxies.php(58): Illuminate\\Pipeline\\Pipeline->{closure:{closure:Illuminate\\Pipeline\\Pipeline::carry():183}:184}()
#56 E:\\iseng\\AgenToC\\vendor\\laravel\\framework\\src\\Illuminate\\Pipeline\\Pipeline.php(208): Illuminate\\Http\\Middleware\\TrustProxies->handle()
#57 E:\\iseng\\AgenToC\\vendor\\laravel\\framework\\src\\Illuminate\\Foundation\\Http\\Middleware\\InvokeDeferredCallbacks.php(22): Illuminate\\Pipeline\\Pipeline->{closure:{closure:Illuminate\\Pipeline\\Pipeline::carry():183}:184}()
#58 E:\\iseng\\AgenToC\\vendor\\laravel\\framework\\src\\Illuminate\\Pipeline\\Pipeline.php(208): Illuminate\\Foundation\\Http\\Middleware\\InvokeDeferredCallbacks->handle()
#59 E:\\iseng\\AgenToC\\vendor\\laravel\\framework\\src\\Illuminate\\Http\\Middleware\\ValidatePathEncoding.php(26): Illuminate\\Pipeline\\Pipeline->{closure:{closure:Illuminate\\Pipeline\\Pipeline::carry():183}:184}()
#60 E:\\iseng\\AgenToC\\vendor\\laravel\\framework\\src\\Illuminate\\Pipeline\\Pipeline.php(208): Illuminate\\Http\\Middleware\\ValidatePathEncoding->handle()
#61 E:\\iseng\\AgenToC\\vendor\\laravel\\framework\\src\\Illuminate\\Pipeline\\Pipeline.php(126): Illuminate\\Pipeline\\Pipeline->{closure:{closure:Illuminate\\Pipeline\\Pipeline::carry():183}:184}()
#62 E:\\iseng\\AgenToC\\vendor\\laravel\\framework\\src\\Illuminate\\Foundation\\Http\\Kernel.php(175): Illuminate\\Pipeline\\Pipeline->then()
#63 E:\\iseng\\AgenToC\\vendor\\laravel\\framework\\src\\Illuminate\\Foundation\\Http\\Kernel.php(144): Illuminate\\Foundation\\Http\\Kernel->sendRequestThroughRouter()
#64 E:\\iseng\\AgenToC\\vendor\\laravel\\framework\\src\\Illuminate\\Foundation\\Application.php(1219): Illuminate\\Foundation\\Http\\Kernel->handle()
#65 E:\\iseng\\AgenToC\\public\\index.php(20): Illuminate\\Foundation\\Application->handleRequest()
#66 E:\\iseng\\AgenToC\\vendor\\laravel\\framework\\src\\Illuminate\\Foundation\\resources\\server.php(23): require_once('...')
#67 {main}
"} 
[2025-08-26 12:57:51] Development.INFO: Processed data: {"full_name":"Achmad Saepudin","email":"achmad.saepudin@hand-global.com","title":"sampoe","description":"adasafasf","card_number":"4111111111111111","product_code":"GD-8828","due_date":"2025-08-26 12:57:00","product_group_name":"Visual Graphic Design","price":"230000","uploaded_files":["/assets/media/task/1756187871_tble.jpg"]} 
[2025-08-26 12:57:51] Development.INFO: Begin TransactionImpl.checkout  
[2025-08-26 12:57:51] Development.INFO: Begin AuthImpl.register() call{"full_name":"Achmad Saepudin","email":"achmad.saepudin@hand-global.com","title":"sampoe","description":"adasafasf","card_number":"4111111111111111","product_code":"GD-8828","due_date":"2025-08-26 12:57:00","product_group_name":"Visual Graphic Design","price":"230000","uploaded_files":["\/assets\/media\/task\/1756187871_tble.jpg"],"role":"client","password":"uniq123","skills":"","tag_line":"","username":"achmad.saepudin@hand-global.com"}  
[2025-08-26 12:57:51] Development.INFO: Browser Log: {"message":{"full_name":"Achmad Saepudin","email":"achmad.saepudin@hand-global.com","title":"sampoe","description":"adasafasf","card_number":"4111111111111111","product_code":"GD-8828","due_date":"2025-08-26 12:57:00","product_group_name":"Visual Graphic Design","price":"230000","uploaded_files":["/assets/media/task/1756187871_tble.jpg"],"role":"client","password":"uniq123","skills":"","tag_line":"","username":"achmad.saepudin@hand-global.com"},"data":"Begin AuthImpl.register() call"} 
[2025-08-26 12:57:51] Development.INFO: Browser Log: {"message":{"full_name":"Achmad Saepudin","email":"achmad.saepudin@hand-global.com","title":"sampoe","description":"adasafasf","card_number":"4111111111111111","product_code":"GD-8828","due_date":"2025-08-26 12:57:00","product_group_name":"Visual Graphic Design","price":"230000","uploaded_files":["/assets/media/task/1756187871_tble.jpg"],"role":"client","password":"uniq123","skills":"","tag_line":"","username":"achmad.saepudin@hand-global.com"},"data":"Register User role: RUSER"} 
[2025-08-26 12:57:51] Development.ERROR: AuthImpl.register() error: SQLSTATE[23000]: Integrity constraint violation: 19 FOREIGN KEY constraint failed (Connection: sqlite, SQL: insert into "user_detail" ("user_detail_id", "full_name", "skills", "tag_line", "credit_number", "updated_at", "created_at") values (UD-6859-2608, Achmad Saepudin, , , 4111111111111111, 2025-08-26 12:57:51, 2025-08-26 12:57:51))  
[2025-08-26 12:57:51] Development.ERROR: TransactionImpl.checkout ["DB transaction failed :SQLSTATE[23000]: Integrity constraint violation: 19 FOREIGN KEY constraint failed (Connection: sqlite, SQL: insert into \"user_detail\" (\"user_detail_id\", \"full_name\", \"skills\", \"tag_line\", \"credit_number\", \"updated_at\", \"created_at\") values (UD-6859-2608, Achmad Saepudin, , , 4111111111111111, 2025-08-26 12:57:51, 2025-08-26 12:57:51))"] 
[2025-08-26 12:57:51] Development.ERROR: Transaction Checkout error:  {"error":"DB transaction failed :SQLSTATE[23000]: Integrity constraint violation: 19 FOREIGN KEY constraint failed (Connection: sqlite, SQL: insert into \"user_detail\" (\"user_detail_id\", \"full_name\", \"skills\", \"tag_line\", \"credit_number\", \"updated_at\", \"created_at\") values (UD-6859-2608, Achmad Saepudin, , , 4111111111111111, 2025-08-26 12:57:51, 2025-08-26 12:57:51))","trace":"#0 E:\\iseng\\AgenToC\\app\\Http\\Controllers\\TransactionsController.php(84): App\\Services\\Impl\\TransactionImpl->checkout()
#1 E:\\iseng\\AgenToC\\vendor\\laravel\\framework\\src\\Illuminate\\Routing\\ControllerDispatcher.php(46): App\\Http\\Controllers\\TransactionsController->checkout()
#2 E:\\iseng\\AgenToC\\vendor\\laravel\\framework\\src\\Illuminate\\Routing\\Route.php(265): Illuminate\\Routing\\ControllerDispatcher->dispatch()
#3 E:\\iseng\\AgenToC\\vendor\\laravel\\framework\\src\\Illuminate\\Routing\\Route.php(211): Illuminate\\Routing\\Route->runController()
#4 E:\\iseng\\AgenToC\\vendor\\laravel\\framework\\src\\Illuminate\\Routing\\Router.php(808): Illuminate\\Routing\\Route->run()
#5 E:\\iseng\\AgenToC\\vendor\\laravel\\framework\\src\\Illuminate\\Pipeline\\Pipeline.php(169): Illuminate\\Routing\\Router->{closure:Illuminate\\Routing\\Router::runRouteWithinStack():807}()
#6 E:\\iseng\\AgenToC\\vendor\\laravel\\framework\\src\\Illuminate\\Routing\\Middleware\\SubstituteBindings.php(50): Illuminate\\Pipeline\\Pipeline->{closure:Illuminate\\Pipeline\\Pipeline::prepareDestination():167}()
#7 E:\\iseng\\AgenToC\\vendor\\laravel\\framework\\src\\Illuminate\\Pipeline\\Pipeline.php(208): Illuminate\\Routing\\Middleware\\SubstituteBindings->handle()
#8 E:\\iseng\\AgenToC\\vendor\\laravel\\framework\\src\\Illuminate\\Foundation\\Http\\Middleware\\VerifyCsrfToken.php(87): Illuminate\\Pipeline\\Pipeline->{closure:{closure:Illuminate\\Pipeline\\Pipeline::carry():183}:184}()
#9 E:\\iseng\\AgenToC\\vendor\\laravel\\framework\\src\\Illuminate\\Pipeline\\Pipeline.php(208): Illuminate\\Foundation\\Http\\Middleware\\VerifyCsrfToken->handle()
#10 E:\\iseng\\AgenToC\\vendor\\laravel\\framework\\src\\Illuminate\\View\\Middleware\\ShareErrorsFromSession.php(48): Illuminate\\Pipeline\\Pipeline->{closure:{closure:Illuminate\\Pipeline\\Pipeline::carry():183}:184}()
#11 E:\\iseng\\AgenToC\\vendor\\laravel\\framework\\src\\Illuminate\\Pipeline\\Pipeline.php(208): Illuminate\\View\\Middleware\\ShareErrorsFromSession->handle()
#12 E:\\iseng\\AgenToC\\vendor\\laravel\\framework\\src\\Illuminate\\Session\\Middleware\\StartSession.php(120): Illuminate\\Pipeline\\Pipeline->{closure:{closure:Illuminate\\Pipeline\\Pipeline::carry():183}:184}()
#13 E:\\iseng\\AgenToC\\vendor\\laravel\\framework\\src\\Illuminate\\Session\\Middleware\\StartSession.php(63): Illuminate\\Session\\Middleware\\StartSession->handleStatefulRequest()
#14 E:\\iseng\\AgenToC\\vendor\\laravel\\framework\\src\\Illuminate\\Pipeline\\Pipeline.php(208): Illuminate\\Session\\Middleware\\StartSession->handle()
#15 E:\\iseng\\AgenToC\\vendor\\laravel\\framework\\src\\Illuminate\\Cookie\\Middleware\\AddQueuedCookiesToResponse.php(36): Illuminate\\Pipeline\\Pipeline->{closure:{closure:Illuminate\\Pipeline\\Pipeline::carry():183}:184}()
#16 E:\\iseng\\AgenToC\\vendor\\laravel\\framework\\src\\Illuminate\\Pipeline\\Pipeline.php(208): Illuminate\\Cookie\\Middleware\\AddQueuedCookiesToResponse->handle()
#17 E:\\iseng\\AgenToC\\vendor\\laravel\\framework\\src\\Illuminate\\Cookie\\Middleware\\EncryptCookies.php(74): Illuminate\\Pipeline\\Pipeline->{closure:{closure:Illuminate\\Pipeline\\Pipeline::carry():183}:184}()
#18 E:\\iseng\\AgenToC\\vendor\\laravel\\framework\\src\\Illuminate\\Pipeline\\Pipeline.php(208): Illuminate\\Cookie\\Middleware\\EncryptCookies->handle()
#19 E:\\iseng\\AgenToC\\vendor\\laravel\\framework\\src\\Illuminate\\Pipeline\\Pipeline.php(126): Illuminate\\Pipeline\\Pipeline->{closure:{closure:Illuminate\\Pipeline\\Pipeline::carry():183}:184}()
#20 E:\\iseng\\AgenToC\\vendor\\laravel\\framework\\src\\Illuminate\\Routing\\Router.php(807): Illuminate\\Pipeline\\Pipeline->then()
#21 E:\\iseng\\AgenToC\\vendor\\laravel\\framework\\src\\Illuminate\\Routing\\Router.php(786): Illuminate\\Routing\\Router->runRouteWithinStack()
#22 E:\\iseng\\AgenToC\\vendor\\laravel\\framework\\src\\Illuminate\\Routing\\Router.php(750): Illuminate\\Routing\\Router->runRoute()
#23 E:\\iseng\\AgenToC\\vendor\\laravel\\framework\\src\\Illuminate\\Routing\\Router.php(739): Illuminate\\Routing\\Router->dispatchToRoute()
#24 E:\\iseng\\AgenToC\\vendor\\laravel\\framework\\src\\Illuminate\\Foundation\\Http\\Kernel.php(200): Illuminate\\Routing\\Router->dispatch()
#25 E:\\iseng\\AgenToC\\vendor\\laravel\\framework\\src\\Illuminate\\Pipeline\\Pipeline.php(169): Illuminate\\Foundation\\Http\\Kernel->{closure:Illuminate\\Foundation\\Http\\Kernel::dispatchToRouter():197}()
#26 E:\\iseng\\AgenToC\\vendor\\laravel\\framework\\src\\Illuminate\\Foundation\\Http\\Middleware\\TransformsRequest.php(21): Illuminate\\Pipeline\\Pipeline->{closure:Illuminate\\Pipeline\\Pipeline::prepareDestination():167}()
#27 E:\\iseng\\AgenToC\\vendor\\laravel\\framework\\src\\Illuminate\\Foundation\\Http\\Middleware\\ConvertEmptyStringsToNull.php(31): Illuminate\\Foundation\\Http\\Middleware\\TransformsRequest->handle()
#28 E:\\iseng\\AgenToC\\vendor\\laravel\\framework\\src\\Illuminate\\Pipeline\\Pipeline.php(208): Illuminate\\Foundation\\Http\\Middleware\\ConvertEmptyStringsToNull->handle()
#29 E:\\iseng\\AgenToC\\vendor\\laravel\\framework\\src\\Illuminate\\Foundation\\Http\\Middleware\\TransformsRequest.php(21): Illuminate\\Pipeline\\Pipeline->{closure:{closure:Illuminate\\Pipeline\\Pipeline::carry():183}:184}()
#30 E:\\iseng\\AgenToC\\vendor\\laravel\\framework\\src\\Illuminate\\Foundation\\Http\\Middleware\\TrimStrings.php(51): Illuminate\\Foundation\\Http\\Middleware\\TransformsRequest->handle()
#31 E:\\iseng\\AgenToC\\vendor\\laravel\\framework\\src\\Illuminate\\Pipeline\\Pipeline.php(208): Illuminate\\Foundation\\Http\\Middleware\\TrimStrings->handle()
#32 E:\\iseng\\AgenToC\\vendor\\laravel\\framework\\src\\Illuminate\\Http\\Middleware\\ValidatePostSize.php(27): Illuminate\\Pipeline\\Pipeline->{closure:{closure:Illuminate\\Pipeline\\Pipeline::carry():183}:184}()
#33 E:\\iseng\\AgenToC\\vendor\\laravel\\framework\\src\\Illuminate\\Pipeline\\Pipeline.php(208): Illuminate\\Http\\Middleware\\ValidatePostSize->handle()
#34 E:\\iseng\\AgenToC\\vendor\\laravel\\framework\\src\\Illuminate\\Foundation\\Http\\Middleware\\PreventRequestsDuringMaintenance.php(109): Illuminate\\Pipeline\\Pipeline->{closure:{closure:Illuminate\\Pipeline\\Pipeline::carry():183}:184}()
#35 E:\\iseng\\AgenToC\\vendor\\laravel\\framework\\src\\Illuminate\\Pipeline\\Pipeline.php(208): Illuminate\\Foundation\\Http\\Middleware\\PreventRequestsDuringMaintenance->handle()
#36 E:\\iseng\\AgenToC\\vendor\\laravel\\framework\\src\\Illuminate\\Http\\Middleware\\HandleCors.php(48): Illuminate\\Pipeline\\Pipeline->{closure:{closure:Illuminate\\Pipeline\\Pipeline::carry():183}:184}()
#37 E:\\iseng\\AgenToC\\vendor\\laravel\\framework\\src\\Illuminate\\Pipeline\\Pipeline.php(208): Illuminate\\Http\\Middleware\\HandleCors->handle()
#38 E:\\iseng\\AgenToC\\vendor\\laravel\\framework\\src\\Illuminate\\Http\\Middleware\\TrustProxies.php(58): Illuminate\\Pipeline\\Pipeline->{closure:{closure:Illuminate\\Pipeline\\Pipeline::carry():183}:184}()
#39 E:\\iseng\\AgenToC\\vendor\\laravel\\framework\\src\\Illuminate\\Pipeline\\Pipeline.php(208): Illuminate\\Http\\Middleware\\TrustProxies->handle()
#40 E:\\iseng\\AgenToC\\vendor\\laravel\\framework\\src\\Illuminate\\Foundation\\Http\\Middleware\\InvokeDeferredCallbacks.php(22): Illuminate\\Pipeline\\Pipeline->{closure:{closure:Illuminate\\Pipeline\\Pipeline::carry():183}:184}()
#41 E:\\iseng\\AgenToC\\vendor\\laravel\\framework\\src\\Illuminate\\Pipeline\\Pipeline.php(208): Illuminate\\Foundation\\Http\\Middleware\\InvokeDeferredCallbacks->handle()
#42 E:\\iseng\\AgenToC\\vendor\\laravel\\framework\\src\\Illuminate\\Http\\Middleware\\ValidatePathEncoding.php(26): Illuminate\\Pipeline\\Pipeline->{closure:{closure:Illuminate\\Pipeline\\Pipeline::carry():183}:184}()
#43 E:\\iseng\\AgenToC\\vendor\\laravel\\framework\\src\\Illuminate\\Pipeline\\Pipeline.php(208): Illuminate\\Http\\Middleware\\ValidatePathEncoding->handle()
#44 E:\\iseng\\AgenToC\\vendor\\laravel\\framework\\src\\Illuminate\\Pipeline\\Pipeline.php(126): Illuminate\\Pipeline\\Pipeline->{closure:{closure:Illuminate\\Pipeline\\Pipeline::carry():183}:184}()
#45 E:\\iseng\\AgenToC\\vendor\\laravel\\framework\\src\\Illuminate\\Foundation\\Http\\Kernel.php(175): Illuminate\\Pipeline\\Pipeline->then()
#46 E:\\iseng\\AgenToC\\vendor\\laravel\\framework\\src\\Illuminate\\Foundation\\Http\\Kernel.php(144): Illuminate\\Foundation\\Http\\Kernel->sendRequestThroughRouter()
#47 E:\\iseng\\AgenToC\\vendor\\laravel\\framework\\src\\Illuminate\\Foundation\\Application.php(1219): Illuminate\\Foundation\\Http\\Kernel->handle()
#48 E:\\iseng\\AgenToC\\public\\index.php(20): Illuminate\\Foundation\\Application->handleRequest()
#49 E:\\iseng\\AgenToC\\vendor\\laravel\\framework\\src\\Illuminate\\Foundation\\resources\\server.php(23): require_once('...')
#50 {main}"} 
[2025-08-29 10:01:57] Development.INFO: Processed data: {"full_name":"Achmad Saepudin","email":"sssnerv@gmail.com","title":"sample title","description":"asdad","card_number":"4111111111111111","product_code":"GD-2310","due_date":"2025-08-29 10:01:00","product_group_name":"Visual Graphic Design","price":"230000","uploaded_files":["/assets/media/task/1756436515_KK.jpeg"]} 
[2025-08-29 10:01:57] Development.INFO: Begin TransactionImpl.checkout  
[2025-08-29 10:01:57] Development.INFO: Begin AuthImpl.register() call{"full_name":"Achmad Saepudin","email":"sssnerv@gmail.com","title":"sample title","description":"asdad","card_number":"4111111111111111","product_code":"GD-2310","due_date":"2025-08-29 10:01:00","product_group_name":"Visual Graphic Design","price":"230000","uploaded_files":["\/assets\/media\/task\/1756436515_KK.jpeg"],"role":"client","password":"uniq123","skills":"","tag_line":"","username":"sssnerv@gmail.com"}  
[2025-08-29 10:01:58] Development.INFO: Browser Log: {"message":{"full_name":"Achmad Saepudin","email":"sssnerv@gmail.com","title":"sample title","description":"asdad","card_number":"4111111111111111","product_code":"GD-2310","due_date":"2025-08-29 10:01:00","product_group_name":"Visual Graphic Design","price":"230000","uploaded_files":["/assets/media/task/1756436515_KK.jpeg"],"role":"client","password":"uniq123","skills":"","tag_line":"","username":"sssnerv@gmail.com"},"data":"Begin AuthImpl.register() call"} 
[2025-08-29 10:01:58] Development.INFO: Browser Log: {"message":{"full_name":"Achmad Saepudin","email":"sssnerv@gmail.com","title":"sample title","description":"asdad","card_number":"4111111111111111","product_code":"GD-2310","due_date":"2025-08-29 10:01:00","product_group_name":"Visual Graphic Design","price":"230000","uploaded_files":["/assets/media/task/1756436515_KK.jpeg"],"role":"client","password":"uniq123","skills":"","tag_line":"","username":"sssnerv@gmail.com"},"data":"Register User role: RUSER"} 
[2025-08-29 10:01:58] Development.ERROR: AuthImpl.register() error: SQLSTATE[23000]: Integrity constraint violation: 19 FOREIGN KEY constraint failed (Connection: sqlite, SQL: insert into "user_detail" ("user_detail_id", "full_name", "skills", "tag_line", "credit_number", "updated_at", "created_at") values (UD-4701-2908, Achmad Saepudin, , , 4111111111111111, 2025-08-29 10:01:58, 2025-08-29 10:01:58))  
[2025-08-29 10:01:58] Development.ERROR: TransactionImpl.checkout ["DB transaction failed :SQLSTATE[23000]: Integrity constraint violation: 19 FOREIGN KEY constraint failed (Connection: sqlite, SQL: insert into \"user_detail\" (\"user_detail_id\", \"full_name\", \"skills\", \"tag_line\", \"credit_number\", \"updated_at\", \"created_at\") values (UD-4701-2908, Achmad Saepudin, , , 4111111111111111, 2025-08-29 10:01:58, 2025-08-29 10:01:58))"] 
[2025-08-29 10:01:58] Development.ERROR: Transaction Checkout error:  {"error":"DB transaction failed :SQLSTATE[23000]: Integrity constraint violation: 19 FOREIGN KEY constraint failed (Connection: sqlite, SQL: insert into \"user_detail\" (\"user_detail_id\", \"full_name\", \"skills\", \"tag_line\", \"credit_number\", \"updated_at\", \"created_at\") values (UD-4701-2908, Achmad Saepudin, , , 4111111111111111, 2025-08-29 10:01:58, 2025-08-29 10:01:58))","trace":"#0 D:\\development\\CollaborateAgenToC\\AgentC\\app\\Http\\Controllers\\TransactionsController.php(84): App\\Services\\Impl\\TransactionImpl->checkout(Array)
#1 D:\\development\\CollaborateAgenToC\\AgentC\\vendor\\laravel\\framework\\src\\Illuminate\\Routing\\ControllerDispatcher.php(46): App\\Http\\Controllers\\TransactionsController->checkout(Object(Illuminate\\Http\\Request))
#2 D:\\development\\CollaborateAgenToC\\AgentC\\vendor\\laravel\\framework\\src\\Illuminate\\Routing\\Route.php(265): Illuminate\\Routing\\ControllerDispatcher->dispatch(Object(Illuminate\\Routing\\Route), Object(App\\Http\\Controllers\\TransactionsController), 'checkout')
#3 D:\\development\\CollaborateAgenToC\\AgentC\\vendor\\laravel\\framework\\src\\Illuminate\\Routing\\Route.php(211): Illuminate\\Routing\\Route->runController()
#4 D:\\development\\CollaborateAgenToC\\AgentC\\vendor\\laravel\\framework\\src\\Illuminate\\Routing\\Router.php(808): Illuminate\\Routing\\Route->run()
#5 D:\\development\\CollaborateAgenToC\\AgentC\\vendor\\laravel\\framework\\src\\Illuminate\\Pipeline\\Pipeline.php(169): Illuminate\\Routing\\Router->{closure:Illuminate\\Routing\\Router::runRouteWithinStack():807}(Object(Illuminate\\Http\\Request))
#6 D:\\development\\CollaborateAgenToC\\AgentC\\vendor\\laravel\\framework\\src\\Illuminate\\Routing\\Middleware\\SubstituteBindings.php(50): Illuminate\\Pipeline\\Pipeline->{closure:Illuminate\\Pipeline\\Pipeline::prepareDestination():167}(Object(Illuminate\\Http\\Request))
#7 D:\\development\\CollaborateAgenToC\\AgentC\\vendor\\laravel\\framework\\src\\Illuminate\\Pipeline\\Pipeline.php(208): Illuminate\\Routing\\Middleware\\SubstituteBindings->handle(Object(Illuminate\\Http\\Request), Object(Closure))
#8 D:\\development\\CollaborateAgenToC\\AgentC\\vendor\\laravel\\framework\\src\\Illuminate\\Foundation\\Http\\Middleware\\VerifyCsrfToken.php(87): Illuminate\\Pipeline\\Pipeline->{closure:{closure:Illuminate\\Pipeline\\Pipeline::carry():183}:184}(Object(Illuminate\\Http\\Request))
#9 D:\\development\\CollaborateAgenToC\\AgentC\\vendor\\laravel\\framework\\src\\Illuminate\\Pipeline\\Pipeline.php(208): Illuminate\\Foundation\\Http\\Middleware\\VerifyCsrfToken->handle(Object(Illuminate\\Http\\Request), Object(Closure))
#10 D:\\development\\CollaborateAgenToC\\AgentC\\vendor\\laravel\\framework\\src\\Illuminate\\View\\Middleware\\ShareErrorsFromSession.php(48): Illuminate\\Pipeline\\Pipeline->{closure:{closure:Illuminate\\Pipeline\\Pipeline::carry():183}:184}(Object(Illuminate\\Http\\Request))
#11 D:\\development\\CollaborateAgenToC\\AgentC\\vendor\\laravel\\framework\\src\\Illuminate\\Pipeline\\Pipeline.php(208): Illuminate\\View\\Middleware\\ShareErrorsFromSession->handle(Object(Illuminate\\Http\\Request), Object(Closure))
#12 D:\\development\\CollaborateAgenToC\\AgentC\\vendor\\laravel\\framework\\src\\Illuminate\\Session\\Middleware\\StartSession.php(120): Illuminate\\Pipeline\\Pipeline->{closure:{closure:Illuminate\\Pipeline\\Pipeline::carry():183}:184}(Object(Illuminate\\Http\\Request))
#13 D:\\development\\CollaborateAgenToC\\AgentC\\vendor\\laravel\\framework\\src\\Illuminate\\Session\\Middleware\\StartSession.php(63): Illuminate\\Session\\Middleware\\StartSession->handleStatefulRequest(Object(Illuminate\\Http\\Request), Object(Illuminate\\Session\\Store), Object(Closure))
#14 D:\\development\\CollaborateAgenToC\\AgentC\\vendor\\laravel\\framework\\src\\Illuminate\\Pipeline\\Pipeline.php(208): Illuminate\\Session\\Middleware\\StartSession->handle(Object(Illuminate\\Http\\Request), Object(Closure))
#15 D:\\development\\CollaborateAgenToC\\AgentC\\vendor\\laravel\\framework\\src\\Illuminate\\Cookie\\Middleware\\AddQueuedCookiesToResponse.php(36): Illuminate\\Pipeline\\Pipeline->{closure:{closure:Illuminate\\Pipeline\\Pipeline::carry():183}:184}(Object(Illuminate\\Http\\Request))
#16 D:\\development\\CollaborateAgenToC\\AgentC\\vendor\\laravel\\framework\\src\\Illuminate\\Pipeline\\Pipeline.php(208): Illuminate\\Cookie\\Middleware\\AddQueuedCookiesToResponse->handle(Object(Illuminate\\Http\\Request), Object(Closure))
#17 D:\\development\\CollaborateAgenToC\\AgentC\\vendor\\laravel\\framework\\src\\Illuminate\\Cookie\\Middleware\\EncryptCookies.php(74): Illuminate\\Pipeline\\Pipeline->{closure:{closure:Illuminate\\Pipeline\\Pipeline::carry():183}:184}(Object(Illuminate\\Http\\Request))
#18 D:\\development\\CollaborateAgenToC\\AgentC\\vendor\\laravel\\framework\\src\\Illuminate\\Pipeline\\Pipeline.php(208): Illuminate\\Cookie\\Middleware\\EncryptCookies->handle(Object(Illuminate\\Http\\Request), Object(Closure))
#19 D:\\development\\CollaborateAgenToC\\AgentC\\vendor\\laravel\\framework\\src\\Illuminate\\Pipeline\\Pipeline.php(126): Illuminate\\Pipeline\\Pipeline->{closure:{closure:Illuminate\\Pipeline\\Pipeline::carry():183}:184}(Object(Illuminate\\Http\\Request))
#20 D:\\development\\CollaborateAgenToC\\AgentC\\vendor\\laravel\\framework\\src\\Illuminate\\Routing\\Router.php(807): Illuminate\\Pipeline\\Pipeline->then(Object(Closure))
#21 D:\\development\\CollaborateAgenToC\\AgentC\\vendor\\laravel\\framework\\src\\Illuminate\\Routing\\Router.php(786): Illuminate\\Routing\\Router->runRouteWithinStack(Object(Illuminate\\Routing\\Route), Object(Illuminate\\Http\\Request))
#22 D:\\development\\CollaborateAgenToC\\AgentC\\vendor\\laravel\\framework\\src\\Illuminate\\Routing\\Router.php(750): Illuminate\\Routing\\Router->runRoute(Object(Illuminate\\Http\\Request), Object(Illuminate\\Routing\\Route))
#23 D:\\development\\CollaborateAgenToC\\AgentC\\vendor\\laravel\\framework\\src\\Illuminate\\Routing\\Router.php(739): Illuminate\\Routing\\Router->dispatchToRoute(Object(Illuminate\\Http\\Request))
#24 D:\\development\\CollaborateAgenToC\\AgentC\\vendor\\laravel\\framework\\src\\Illuminate\\Foundation\\Http\\Kernel.php(200): Illuminate\\Routing\\Router->dispatch(Object(Illuminate\\Http\\Request))
#25 D:\\development\\CollaborateAgenToC\\AgentC\\vendor\\laravel\\framework\\src\\Illuminate\\Pipeline\\Pipeline.php(169): Illuminate\\Foundation\\Http\\Kernel->{closure:Illuminate\\Foundation\\Http\\Kernel::dispatchToRouter():197}(Object(Illuminate\\Http\\Request))
#26 D:\\development\\CollaborateAgenToC\\AgentC\\vendor\\laravel\\framework\\src\\Illuminate\\Foundation\\Http\\Middleware\\TransformsRequest.php(21): Illuminate\\Pipeline\\Pipeline->{closure:Illuminate\\Pipeline\\Pipeline::prepareDestination():167}(Object(Illuminate\\Http\\Request))
#27 D:\\development\\CollaborateAgenToC\\AgentC\\vendor\\laravel\\framework\\src\\Illuminate\\Foundation\\Http\\Middleware\\ConvertEmptyStringsToNull.php(31): Illuminate\\Foundation\\Http\\Middleware\\TransformsRequest->handle(Object(Illuminate\\Http\\Request), Object(Closure))
#28 D:\\development\\CollaborateAgenToC\\AgentC\\vendor\\laravel\\framework\\src\\Illuminate\\Pipeline\\Pipeline.php(208): Illuminate\\Foundation\\Http\\Middleware\\ConvertEmptyStringsToNull->handle(Object(Illuminate\\Http\\Request), Object(Closure))
#29 D:\\development\\CollaborateAgenToC\\AgentC\\vendor\\laravel\\framework\\src\\Illuminate\\Foundation\\Http\\Middleware\\TransformsRequest.php(21): Illuminate\\Pipeline\\Pipeline->{closure:{closure:Illuminate\\Pipeline\\Pipeline::carry():183}:184}(Object(Illuminate\\Http\\Request))
#30 D:\\development\\CollaborateAgenToC\\AgentC\\vendor\\laravel\\framework\\src\\Illuminate\\Foundation\\Http\\Middleware\\TrimStrings.php(51): Illuminate\\Foundation\\Http\\Middleware\\TransformsRequest->handle(Object(Illuminate\\Http\\Request), Object(Closure))
#31 D:\\development\\CollaborateAgenToC\\AgentC\\vendor\\laravel\\framework\\src\\Illuminate\\Pipeline\\Pipeline.php(208): Illuminate\\Foundation\\Http\\Middleware\\TrimStrings->handle(Object(Illuminate\\Http\\Request), Object(Closure))
#32 D:\\development\\CollaborateAgenToC\\AgentC\\vendor\\laravel\\framework\\src\\Illuminate\\Http\\Middleware\\ValidatePostSize.php(27): Illuminate\\Pipeline\\Pipeline->{closure:{closure:Illuminate\\Pipeline\\Pipeline::carry():183}:184}(Object(Illuminate\\Http\\Request))
#33 D:\\development\\CollaborateAgenToC\\AgentC\\vendor\\laravel\\framework\\src\\Illuminate\\Pipeline\\Pipeline.php(208): Illuminate\\Http\\Middleware\\ValidatePostSize->handle(Object(Illuminate\\Http\\Request), Object(Closure))
#34 D:\\development\\CollaborateAgenToC\\AgentC\\vendor\\laravel\\framework\\src\\Illuminate\\Foundation\\Http\\Middleware\\PreventRequestsDuringMaintenance.php(109): Illuminate\\Pipeline\\Pipeline->{closure:{closure:Illuminate\\Pipeline\\Pipeline::carry():183}:184}(Object(Illuminate\\Http\\Request))
#35 D:\\development\\CollaborateAgenToC\\AgentC\\vendor\\laravel\\framework\\src\\Illuminate\\Pipeline\\Pipeline.php(208): Illuminate\\Foundation\\Http\\Middleware\\PreventRequestsDuringMaintenance->handle(Object(Illuminate\\Http\\Request), Object(Closure))
#36 D:\\development\\CollaborateAgenToC\\AgentC\\vendor\\laravel\\framework\\src\\Illuminate\\Http\\Middleware\\HandleCors.php(48): Illuminate\\Pipeline\\Pipeline->{closure:{closure:Illuminate\\Pipeline\\Pipeline::carry():183}:184}(Object(Illuminate\\Http\\Request))
#37 D:\\development\\CollaborateAgenToC\\AgentC\\vendor\\laravel\\framework\\src\\Illuminate\\Pipeline\\Pipeline.php(208): Illuminate\\Http\\Middleware\\HandleCors->handle(Object(Illuminate\\Http\\Request), Object(Closure))
#38 D:\\development\\CollaborateAgenToC\\AgentC\\vendor\\laravel\\framework\\src\\Illuminate\\Http\\Middleware\\TrustProxies.php(58): Illuminate\\Pipeline\\Pipeline->{closure:{closure:Illuminate\\Pipeline\\Pipeline::carry():183}:184}(Object(Illuminate\\Http\\Request))
#39 D:\\development\\CollaborateAgenToC\\AgentC\\vendor\\laravel\\framework\\src\\Illuminate\\Pipeline\\Pipeline.php(208): Illuminate\\Http\\Middleware\\TrustProxies->handle(Object(Illuminate\\Http\\Request), Object(Closure))
#40 D:\\development\\CollaborateAgenToC\\AgentC\\vendor\\laravel\\framework\\src\\Illuminate\\Foundation\\Http\\Middleware\\InvokeDeferredCallbacks.php(22): Illuminate\\Pipeline\\Pipeline->{closure:{closure:Illuminate\\Pipeline\\Pipeline::carry():183}:184}(Object(Illuminate\\Http\\Request))
#41 D:\\development\\CollaborateAgenToC\\AgentC\\vendor\\laravel\\framework\\src\\Illuminate\\Pipeline\\Pipeline.php(208): Illuminate\\Foundation\\Http\\Middleware\\InvokeDeferredCallbacks->handle(Object(Illuminate\\Http\\Request), Object(Closure))
#42 D:\\development\\CollaborateAgenToC\\AgentC\\vendor\\laravel\\framework\\src\\Illuminate\\Http\\Middleware\\ValidatePathEncoding.php(26): Illuminate\\Pipeline\\Pipeline->{closure:{closure:Illuminate\\Pipeline\\Pipeline::carry():183}:184}(Object(Illuminate\\Http\\Request))
#43 D:\\development\\CollaborateAgenToC\\AgentC\\vendor\\laravel\\framework\\src\\Illuminate\\Pipeline\\Pipeline.php(208): Illuminate\\Http\\Middleware\\ValidatePathEncoding->handle(Object(Illuminate\\Http\\Request), Object(Closure))
#44 D:\\development\\CollaborateAgenToC\\AgentC\\vendor\\laravel\\framework\\src\\Illuminate\\Pipeline\\Pipeline.php(126): Illuminate\\Pipeline\\Pipeline->{closure:{closure:Illuminate\\Pipeline\\Pipeline::carry():183}:184}(Object(Illuminate\\Http\\Request))
#45 D:\\development\\CollaborateAgenToC\\AgentC\\vendor\\laravel\\framework\\src\\Illuminate\\Foundation\\Http\\Kernel.php(175): Illuminate\\Pipeline\\Pipeline->then(Object(Closure))
#46 D:\\development\\CollaborateAgenToC\\AgentC\\vendor\\laravel\\framework\\src\\Illuminate\\Foundation\\Http\\Kernel.php(144): Illuminate\\Foundation\\Http\\Kernel->sendRequestThroughRouter(Object(Illuminate\\Http\\Request))
#47 D:\\development\\CollaborateAgenToC\\AgentC\\vendor\\laravel\\framework\\src\\Illuminate\\Foundation\\Application.php(1219): Illuminate\\Foundation\\Http\\Kernel->handle(Object(Illuminate\\Http\\Request))
#48 D:\\development\\CollaborateAgenToC\\AgentC\\public\\index.php(20): Illuminate\\Foundation\\Application->handleRequest(Object(Illuminate\\Http\\Request))
#49 D:\\development\\CollaborateAgenToC\\AgentC\\vendor\\laravel\\framework\\src\\Illuminate\\Foundation\\resources\\server.php(23): require_once('D:\\\\development\\\\...')
#50 {main}"} 
[2025-08-29 10:05:46] Development.INFO: Processed data: {"full_name":"Achmad Saepudin","email":"sssnerv@gmail.com","title":"sample title","description":"asfsf","card_number":"4111111111111111","product_code":"GD-2310","due_date":"2025-08-29 10:05:00","product_group_name":"Visual Graphic Design","price":"230000","uploaded_files":["/assets/media/task/1756436746_KK.jpeg"]} 
[2025-08-29 10:05:46] Development.INFO: Begin TransactionImpl.checkout  
[2025-08-29 10:05:46] Development.INFO: Begin AuthImpl.register() call{"full_name":"Achmad Saepudin","email":"sssnerv@gmail.com","title":"sample title","description":"asfsf","card_number":"4111111111111111","product_code":"GD-2310","due_date":"2025-08-29 10:05:00","product_group_name":"Visual Graphic Design","price":"230000","uploaded_files":["\/assets\/media\/task\/1756436746_KK.jpeg"],"role":"client","password":"uniq123","skills":"","tag_line":"","username":"sssnerv@gmail.com"}  
[2025-08-29 10:05:46] Development.INFO: Browser Log: {"message":{"full_name":"Achmad Saepudin","email":"sssnerv@gmail.com","title":"sample title","description":"asfsf","card_number":"4111111111111111","product_code":"GD-2310","due_date":"2025-08-29 10:05:00","product_group_name":"Visual Graphic Design","price":"230000","uploaded_files":["/assets/media/task/1756436746_KK.jpeg"],"role":"client","password":"uniq123","skills":"","tag_line":"","username":"sssnerv@gmail.com"},"data":"Begin AuthImpl.register() call"} 
[2025-08-29 10:05:46] Development.INFO: Browser Log: {"message":{"full_name":"Achmad Saepudin","email":"sssnerv@gmail.com","title":"sample title","description":"asfsf","card_number":"4111111111111111","product_code":"GD-2310","due_date":"2025-08-29 10:05:00","product_group_name":"Visual Graphic Design","price":"230000","uploaded_files":["/assets/media/task/1756436746_KK.jpeg"],"role":"client","password":"uniq123","skills":"","tag_line":"","username":"sssnerv@gmail.com"},"data":"Register User role: RUSER"} 
[2025-08-29 10:05:46] Development.ERROR: AuthImpl.register() error: SQLSTATE[23000]: Integrity constraint violation: 19 FOREIGN KEY constraint failed (Connection: sqlite, SQL: insert into "user_detail" ("user_detail_id", "full_name", "skills", "tag_line", "credit_number", "updated_at", "created_at") values (UD-5142-2908, Achmad Saepudin, , , 4111111111111111, 2025-08-29 10:05:46, 2025-08-29 10:05:46))  
[2025-08-29 10:05:46] Development.ERROR: TransactionImpl.checkout ["DB transaction failed :SQLSTATE[23000]: Integrity constraint violation: 19 FOREIGN KEY constraint failed (Connection: sqlite, SQL: insert into \"user_detail\" (\"user_detail_id\", \"full_name\", \"skills\", \"tag_line\", \"credit_number\", \"updated_at\", \"created_at\") values (UD-5142-2908, Achmad Saepudin, , , 4111111111111111, 2025-08-29 10:05:46, 2025-08-29 10:05:46))"] 
[2025-08-29 10:05:46] Development.ERROR: Transaction Checkout error:  {"error":"DB transaction failed :SQLSTATE[23000]: Integrity constraint violation: 19 FOREIGN KEY constraint failed (Connection: sqlite, SQL: insert into \"user_detail\" (\"user_detail_id\", \"full_name\", \"skills\", \"tag_line\", \"credit_number\", \"updated_at\", \"created_at\") values (UD-5142-2908, Achmad Saepudin, , , 4111111111111111, 2025-08-29 10:05:46, 2025-08-29 10:05:46))","trace":"#0 D:\\development\\CollaborateAgenToC\\AgentC\\app\\Http\\Controllers\\TransactionsController.php(84): App\\Services\\Impl\\TransactionImpl->checkout(Array)
#1 D:\\development\\CollaborateAgenToC\\AgentC\\vendor\\laravel\\framework\\src\\Illuminate\\Routing\\ControllerDispatcher.php(46): App\\Http\\Controllers\\TransactionsController->checkout(Object(Illuminate\\Http\\Request))
#2 D:\\development\\CollaborateAgenToC\\AgentC\\vendor\\laravel\\framework\\src\\Illuminate\\Routing\\Route.php(265): Illuminate\\Routing\\ControllerDispatcher->dispatch(Object(Illuminate\\Routing\\Route), Object(App\\Http\\Controllers\\TransactionsController), 'checkout')
#3 D:\\development\\CollaborateAgenToC\\AgentC\\vendor\\laravel\\framework\\src\\Illuminate\\Routing\\Route.php(211): Illuminate\\Routing\\Route->runController()
#4 D:\\development\\CollaborateAgenToC\\AgentC\\vendor\\laravel\\framework\\src\\Illuminate\\Routing\\Router.php(808): Illuminate\\Routing\\Route->run()
#5 D:\\development\\CollaborateAgenToC\\AgentC\\vendor\\laravel\\framework\\src\\Illuminate\\Pipeline\\Pipeline.php(169): Illuminate\\Routing\\Router->{closure:Illuminate\\Routing\\Router::runRouteWithinStack():807}(Object(Illuminate\\Http\\Request))
#6 D:\\development\\CollaborateAgenToC\\AgentC\\vendor\\laravel\\framework\\src\\Illuminate\\Routing\\Middleware\\SubstituteBindings.php(50): Illuminate\\Pipeline\\Pipeline->{closure:Illuminate\\Pipeline\\Pipeline::prepareDestination():167}(Object(Illuminate\\Http\\Request))
#7 D:\\development\\CollaborateAgenToC\\AgentC\\vendor\\laravel\\framework\\src\\Illuminate\\Pipeline\\Pipeline.php(208): Illuminate\\Routing\\Middleware\\SubstituteBindings->handle(Object(Illuminate\\Http\\Request), Object(Closure))
#8 D:\\development\\CollaborateAgenToC\\AgentC\\vendor\\laravel\\framework\\src\\Illuminate\\Foundation\\Http\\Middleware\\VerifyCsrfToken.php(87): Illuminate\\Pipeline\\Pipeline->{closure:{closure:Illuminate\\Pipeline\\Pipeline::carry():183}:184}(Object(Illuminate\\Http\\Request))
#9 D:\\development\\CollaborateAgenToC\\AgentC\\vendor\\laravel\\framework\\src\\Illuminate\\Pipeline\\Pipeline.php(208): Illuminate\\Foundation\\Http\\Middleware\\VerifyCsrfToken->handle(Object(Illuminate\\Http\\Request), Object(Closure))
#10 D:\\development\\CollaborateAgenToC\\AgentC\\vendor\\laravel\\framework\\src\\Illuminate\\View\\Middleware\\ShareErrorsFromSession.php(48): Illuminate\\Pipeline\\Pipeline->{closure:{closure:Illuminate\\Pipeline\\Pipeline::carry():183}:184}(Object(Illuminate\\Http\\Request))
#11 D:\\development\\CollaborateAgenToC\\AgentC\\vendor\\laravel\\framework\\src\\Illuminate\\Pipeline\\Pipeline.php(208): Illuminate\\View\\Middleware\\ShareErrorsFromSession->handle(Object(Illuminate\\Http\\Request), Object(Closure))
#12 D:\\development\\CollaborateAgenToC\\AgentC\\vendor\\laravel\\framework\\src\\Illuminate\\Session\\Middleware\\StartSession.php(120): Illuminate\\Pipeline\\Pipeline->{closure:{closure:Illuminate\\Pipeline\\Pipeline::carry():183}:184}(Object(Illuminate\\Http\\Request))
#13 D:\\development\\CollaborateAgenToC\\AgentC\\vendor\\laravel\\framework\\src\\Illuminate\\Session\\Middleware\\StartSession.php(63): Illuminate\\Session\\Middleware\\StartSession->handleStatefulRequest(Object(Illuminate\\Http\\Request), Object(Illuminate\\Session\\Store), Object(Closure))
#14 D:\\development\\CollaborateAgenToC\\AgentC\\vendor\\laravel\\framework\\src\\Illuminate\\Pipeline\\Pipeline.php(208): Illuminate\\Session\\Middleware\\StartSession->handle(Object(Illuminate\\Http\\Request), Object(Closure))
#15 D:\\development\\CollaborateAgenToC\\AgentC\\vendor\\laravel\\framework\\src\\Illuminate\\Cookie\\Middleware\\AddQueuedCookiesToResponse.php(36): Illuminate\\Pipeline\\Pipeline->{closure:{closure:Illuminate\\Pipeline\\Pipeline::carry():183}:184}(Object(Illuminate\\Http\\Request))
#16 D:\\development\\CollaborateAgenToC\\AgentC\\vendor\\laravel\\framework\\src\\Illuminate\\Pipeline\\Pipeline.php(208): Illuminate\\Cookie\\Middleware\\AddQueuedCookiesToResponse->handle(Object(Illuminate\\Http\\Request), Object(Closure))
#17 D:\\development\\CollaborateAgenToC\\AgentC\\vendor\\laravel\\framework\\src\\Illuminate\\Cookie\\Middleware\\EncryptCookies.php(74): Illuminate\\Pipeline\\Pipeline->{closure:{closure:Illuminate\\Pipeline\\Pipeline::carry():183}:184}(Object(Illuminate\\Http\\Request))
#18 D:\\development\\CollaborateAgenToC\\AgentC\\vendor\\laravel\\framework\\src\\Illuminate\\Pipeline\\Pipeline.php(208): Illuminate\\Cookie\\Middleware\\EncryptCookies->handle(Object(Illuminate\\Http\\Request), Object(Closure))
#19 D:\\development\\CollaborateAgenToC\\AgentC\\vendor\\laravel\\framework\\src\\Illuminate\\Pipeline\\Pipeline.php(126): Illuminate\\Pipeline\\Pipeline->{closure:{closure:Illuminate\\Pipeline\\Pipeline::carry():183}:184}(Object(Illuminate\\Http\\Request))
#20 D:\\development\\CollaborateAgenToC\\AgentC\\vendor\\laravel\\framework\\src\\Illuminate\\Routing\\Router.php(807): Illuminate\\Pipeline\\Pipeline->then(Object(Closure))
#21 D:\\development\\CollaborateAgenToC\\AgentC\\vendor\\laravel\\framework\\src\\Illuminate\\Routing\\Router.php(786): Illuminate\\Routing\\Router->runRouteWithinStack(Object(Illuminate\\Routing\\Route), Object(Illuminate\\Http\\Request))
#22 D:\\development\\CollaborateAgenToC\\AgentC\\vendor\\laravel\\framework\\src\\Illuminate\\Routing\\Router.php(750): Illuminate\\Routing\\Router->runRoute(Object(Illuminate\\Http\\Request), Object(Illuminate\\Routing\\Route))
#23 D:\\development\\CollaborateAgenToC\\AgentC\\vendor\\laravel\\framework\\src\\Illuminate\\Routing\\Router.php(739): Illuminate\\Routing\\Router->dispatchToRoute(Object(Illuminate\\Http\\Request))
#24 D:\\development\\CollaborateAgenToC\\AgentC\\vendor\\laravel\\framework\\src\\Illuminate\\Foundation\\Http\\Kernel.php(200): Illuminate\\Routing\\Router->dispatch(Object(Illuminate\\Http\\Request))
#25 D:\\development\\CollaborateAgenToC\\AgentC\\vendor\\laravel\\framework\\src\\Illuminate\\Pipeline\\Pipeline.php(169): Illuminate\\Foundation\\Http\\Kernel->{closure:Illuminate\\Foundation\\Http\\Kernel::dispatchToRouter():197}(Object(Illuminate\\Http\\Request))
#26 D:\\development\\CollaborateAgenToC\\AgentC\\vendor\\laravel\\framework\\src\\Illuminate\\Foundation\\Http\\Middleware\\TransformsRequest.php(21): Illuminate\\Pipeline\\Pipeline->{closure:Illuminate\\Pipeline\\Pipeline::prepareDestination():167}(Object(Illuminate\\Http\\Request))
#27 D:\\development\\CollaborateAgenToC\\AgentC\\vendor\\laravel\\framework\\src\\Illuminate\\Foundation\\Http\\Middleware\\ConvertEmptyStringsToNull.php(31): Illuminate\\Foundation\\Http\\Middleware\\TransformsRequest->handle(Object(Illuminate\\Http\\Request), Object(Closure))
#28 D:\\development\\CollaborateAgenToC\\AgentC\\vendor\\laravel\\framework\\src\\Illuminate\\Pipeline\\Pipeline.php(208): Illuminate\\Foundation\\Http\\Middleware\\ConvertEmptyStringsToNull->handle(Object(Illuminate\\Http\\Request), Object(Closure))
#29 D:\\development\\CollaborateAgenToC\\AgentC\\vendor\\laravel\\framework\\src\\Illuminate\\Foundation\\Http\\Middleware\\TransformsRequest.php(21): Illuminate\\Pipeline\\Pipeline->{closure:{closure:Illuminate\\Pipeline\\Pipeline::carry():183}:184}(Object(Illuminate\\Http\\Request))
#30 D:\\development\\CollaborateAgenToC\\AgentC\\vendor\\laravel\\framework\\src\\Illuminate\\Foundation\\Http\\Middleware\\TrimStrings.php(51): Illuminate\\Foundation\\Http\\Middleware\\TransformsRequest->handle(Object(Illuminate\\Http\\Request), Object(Closure))
#31 D:\\development\\CollaborateAgenToC\\AgentC\\vendor\\laravel\\framework\\src\\Illuminate\\Pipeline\\Pipeline.php(208): Illuminate\\Foundation\\Http\\Middleware\\TrimStrings->handle(Object(Illuminate\\Http\\Request), Object(Closure))
#32 D:\\development\\CollaborateAgenToC\\AgentC\\vendor\\laravel\\framework\\src\\Illuminate\\Http\\Middleware\\ValidatePostSize.php(27): Illuminate\\Pipeline\\Pipeline->{closure:{closure:Illuminate\\Pipeline\\Pipeline::carry():183}:184}(Object(Illuminate\\Http\\Request))
#33 D:\\development\\CollaborateAgenToC\\AgentC\\vendor\\laravel\\framework\\src\\Illuminate\\Pipeline\\Pipeline.php(208): Illuminate\\Http\\Middleware\\ValidatePostSize->handle(Object(Illuminate\\Http\\Request), Object(Closure))
#34 D:\\development\\CollaborateAgenToC\\AgentC\\vendor\\laravel\\framework\\src\\Illuminate\\Foundation\\Http\\Middleware\\PreventRequestsDuringMaintenance.php(109): Illuminate\\Pipeline\\Pipeline->{closure:{closure:Illuminate\\Pipeline\\Pipeline::carry():183}:184}(Object(Illuminate\\Http\\Request))
#35 D:\\development\\CollaborateAgenToC\\AgentC\\vendor\\laravel\\framework\\src\\Illuminate\\Pipeline\\Pipeline.php(208): Illuminate\\Foundation\\Http\\Middleware\\PreventRequestsDuringMaintenance->handle(Object(Illuminate\\Http\\Request), Object(Closure))
#36 D:\\development\\CollaborateAgenToC\\AgentC\\vendor\\laravel\\framework\\src\\Illuminate\\Http\\Middleware\\HandleCors.php(48): Illuminate\\Pipeline\\Pipeline->{closure:{closure:Illuminate\\Pipeline\\Pipeline::carry():183}:184}(Object(Illuminate\\Http\\Request))
#37 D:\\development\\CollaborateAgenToC\\AgentC\\vendor\\laravel\\framework\\src\\Illuminate\\Pipeline\\Pipeline.php(208): Illuminate\\Http\\Middleware\\HandleCors->handle(Object(Illuminate\\Http\\Request), Object(Closure))
#38 D:\\development\\CollaborateAgenToC\\AgentC\\vendor\\laravel\\framework\\src\\Illuminate\\Http\\Middleware\\TrustProxies.php(58): Illuminate\\Pipeline\\Pipeline->{closure:{closure:Illuminate\\Pipeline\\Pipeline::carry():183}:184}(Object(Illuminate\\Http\\Request))
#39 D:\\development\\CollaborateAgenToC\\AgentC\\vendor\\laravel\\framework\\src\\Illuminate\\Pipeline\\Pipeline.php(208): Illuminate\\Http\\Middleware\\TrustProxies->handle(Object(Illuminate\\Http\\Request), Object(Closure))
#40 D:\\development\\CollaborateAgenToC\\AgentC\\vendor\\laravel\\framework\\src\\Illuminate\\Foundation\\Http\\Middleware\\InvokeDeferredCallbacks.php(22): Illuminate\\Pipeline\\Pipeline->{closure:{closure:Illuminate\\Pipeline\\Pipeline::carry():183}:184}(Object(Illuminate\\Http\\Request))
#41 D:\\development\\CollaborateAgenToC\\AgentC\\vendor\\laravel\\framework\\src\\Illuminate\\Pipeline\\Pipeline.php(208): Illuminate\\Foundation\\Http\\Middleware\\InvokeDeferredCallbacks->handle(Object(Illuminate\\Http\\Request), Object(Closure))
#42 D:\\development\\CollaborateAgenToC\\AgentC\\vendor\\laravel\\framework\\src\\Illuminate\\Http\\Middleware\\ValidatePathEncoding.php(26): Illuminate\\Pipeline\\Pipeline->{closure:{closure:Illuminate\\Pipeline\\Pipeline::carry():183}:184}(Object(Illuminate\\Http\\Request))
#43 D:\\development\\CollaborateAgenToC\\AgentC\\vendor\\laravel\\framework\\src\\Illuminate\\Pipeline\\Pipeline.php(208): Illuminate\\Http\\Middleware\\ValidatePathEncoding->handle(Object(Illuminate\\Http\\Request), Object(Closure))
#44 D:\\development\\CollaborateAgenToC\\AgentC\\vendor\\laravel\\framework\\src\\Illuminate\\Pipeline\\Pipeline.php(126): Illuminate\\Pipeline\\Pipeline->{closure:{closure:Illuminate\\Pipeline\\Pipeline::carry():183}:184}(Object(Illuminate\\Http\\Request))
#45 D:\\development\\CollaborateAgenToC\\AgentC\\vendor\\laravel\\framework\\src\\Illuminate\\Foundation\\Http\\Kernel.php(175): Illuminate\\Pipeline\\Pipeline->then(Object(Closure))
#46 D:\\development\\CollaborateAgenToC\\AgentC\\vendor\\laravel\\framework\\src\\Illuminate\\Foundation\\Http\\Kernel.php(144): Illuminate\\Foundation\\Http\\Kernel->sendRequestThroughRouter(Object(Illuminate\\Http\\Request))
#47 D:\\development\\CollaborateAgenToC\\AgentC\\vendor\\laravel\\framework\\src\\Illuminate\\Foundation\\Application.php(1219): Illuminate\\Foundation\\Http\\Kernel->handle(Object(Illuminate\\Http\\Request))
#48 D:\\development\\CollaborateAgenToC\\AgentC\\public\\index.php(20): Illuminate\\Foundation\\Application->handleRequest(Object(Illuminate\\Http\\Request))
#49 D:\\development\\CollaborateAgenToC\\AgentC\\vendor\\laravel\\framework\\src\\Illuminate\\Foundation\\resources\\server.php(23): require_once('D:\\\\development\\\\...')
#50 {main}"} 
[2025-08-29 10:09:44] Development.INFO: Processed data: {"full_name":"Achmad Saepudin","email":"sssnerv@gmail.com","title":"sample title","description":"asd","card_number":"4111111111111111","product_code":"GD-2310","due_date":"2025-08-29 10:09:00","product_group_name":"Visual Graphic Design","price":"230000","uploaded_files":["/assets/media/task/1756436984_KK.jpeg"]} 
[2025-08-29 10:09:44] Development.INFO: Begin TransactionImpl.checkout  
[2025-08-29 10:09:44] Development.INFO: Begin AuthImpl.register() call{"full_name":"Achmad Saepudin","email":"sssnerv@gmail.com","title":"sample title","description":"asd","card_number":"4111111111111111","product_code":"GD-2310","due_date":"2025-08-29 10:09:00","product_group_name":"Visual Graphic Design","price":"230000","uploaded_files":["\/assets\/media\/task\/1756436984_KK.jpeg"],"role":"client","password":"uniq123","skills":"","tag_line":"","username":"sssnerv@gmail.com"}  
[2025-08-29 10:09:44] Development.INFO: Browser Log: {"message":{"full_name":"Achmad Saepudin","email":"sssnerv@gmail.com","title":"sample title","description":"asd","card_number":"4111111111111111","product_code":"GD-2310","due_date":"2025-08-29 10:09:00","product_group_name":"Visual Graphic Design","price":"230000","uploaded_files":["/assets/media/task/1756436984_KK.jpeg"],"role":"client","password":"uniq123","skills":"","tag_line":"","username":"sssnerv@gmail.com"},"data":"Begin AuthImpl.register() call"} 
[2025-08-29 10:09:44] Development.INFO: Browser Log: {"message":{"full_name":"Achmad Saepudin","email":"sssnerv@gmail.com","title":"sample title","description":"asd","card_number":"4111111111111111","product_code":"GD-2310","due_date":"2025-08-29 10:09:00","product_group_name":"Visual Graphic Design","price":"230000","uploaded_files":["/assets/media/task/1756436984_KK.jpeg"],"role":"client","password":"uniq123","skills":"","tag_line":"","username":"sssnerv@gmail.com"},"data":"Register User role: RUSER"} 
[2025-08-29 10:09:45] Development.INFO: userDetail {"\u0000*\u0000connection":"sqlite","\u0000*\u0000table":"user_detail","\u0000*\u0000primaryKey":"id","\u0000*\u0000keyType":"int","incrementing":true,"\u0000*\u0000with":[],"\u0000*\u0000withCount":[],"preventsLazyLoading":false,"\u0000*\u0000perPage":15,"exists":true,"wasRecentlyCreated":true,"\u0000*\u0000escapeWhenCastingToString":false,"\u0000*\u0000attributes":{"user_detail_id":"UD-3495-2908","full_name":"Achmad Saepudin","skills":"","tag_line":"","credit_number":"4111111111111111","updated_at":"2025-08-29 10:09:45","created_at":"2025-08-29 10:09:45","id":1},"\u0000*\u0000original":{"user_detail_id":"UD-3495-2908","full_name":"Achmad Saepudin","skills":"","tag_line":"","credit_number":"4111111111111111","updated_at":"2025-08-29 10:09:45","created_at":"2025-08-29 10:09:45","id":1},"\u0000*\u0000changes":[],"\u0000*\u0000previous":[],"\u0000*\u0000casts":[],"\u0000*\u0000classCastCache":[],"\u0000*\u0000attributeCastCache":[],"\u0000*\u0000dateFormat":null,"\u0000*\u0000appends":[],"\u0000*\u0000dispatchesEvents":[],"\u0000*\u0000observables":[],"\u0000*\u0000relations":[],"\u0000*\u0000touches":[],"\u0000*\u0000relationAutoloadCallback":null,"\u0000*\u0000relationAutoloadContext":null,"timestamps":true,"usesUniqueIds":false,"\u0000*\u0000hidden":[],"\u0000*\u0000visible":[],"\u0000*\u0000fillable":["user_detail_id","full_name","skills","tag_line","address_detail","phone_number","postal_code","credit_number","balance_coins"],"\u0000*\u0000guarded":["*"]} 
[2025-08-29 10:09:45] Development.INFO: Browser Log: {"message":"after db insert","data":{"App\\Models\\Users\\User":{"user_detail_id":"UD-3495-2908","username":"sssnerv@gmail.com","email":"sssnerv@gmail.com","email_verified_at":"2025-08-29T03:09:45.000000Z","updated_at":"2025-08-29T03:09:45.000000Z","created_at":"2025-08-29T03:09:45.000000Z","id":1}}} 
[2025-08-29 10:09:45] Development.ERROR: TransactionImpl.checkout ["SQLSTATE[23000]: Integrity constraint violation: 19 FOREIGN KEY constraint failed (Connection: sqlite, SQL: insert into \"task_detail\" (\"id\", \"title\", \"description\", \"task_type\", \"price\", \"task_contract\", \"required_skills\", \"updated_at\", \"created_at\") values (DTK-4944, sample title, asd, catalog_product, 230000, inquiry, , 2025-08-29 10:09:45, 2025-08-29 10:09:45))"] 
[2025-08-29 10:09:45] Development.ERROR: Transaction Checkout error:  {"error":"SQLSTATE[23000]: Integrity constraint violation: 19 FOREIGN KEY constraint failed (Connection: sqlite, SQL: insert into \"task_detail\" (\"id\", \"title\", \"description\", \"task_type\", \"price\", \"task_contract\", \"required_skills\", \"updated_at\", \"created_at\") values (DTK-4944, sample title, asd, catalog_product, 230000, inquiry, , 2025-08-29 10:09:45, 2025-08-29 10:09:45))","trace":"#0 D:\\development\\CollaborateAgenToC\\AgentC\\app\\Http\\Controllers\\TransactionsController.php(84): App\\Services\\Impl\\TransactionImpl->checkout(Array)
#1 D:\\development\\CollaborateAgenToC\\AgentC\\vendor\\laravel\\framework\\src\\Illuminate\\Routing\\ControllerDispatcher.php(46): App\\Http\\Controllers\\TransactionsController->checkout(Object(Illuminate\\Http\\Request))
#2 D:\\development\\CollaborateAgenToC\\AgentC\\vendor\\laravel\\framework\\src\\Illuminate\\Routing\\Route.php(265): Illuminate\\Routing\\ControllerDispatcher->dispatch(Object(Illuminate\\Routing\\Route), Object(App\\Http\\Controllers\\TransactionsController), 'checkout')
#3 D:\\development\\CollaborateAgenToC\\AgentC\\vendor\\laravel\\framework\\src\\Illuminate\\Routing\\Route.php(211): Illuminate\\Routing\\Route->runController()
#4 D:\\development\\CollaborateAgenToC\\AgentC\\vendor\\laravel\\framework\\src\\Illuminate\\Routing\\Router.php(808): Illuminate\\Routing\\Route->run()
#5 D:\\development\\CollaborateAgenToC\\AgentC\\vendor\\laravel\\framework\\src\\Illuminate\\Pipeline\\Pipeline.php(169): Illuminate\\Routing\\Router->{closure:Illuminate\\Routing\\Router::runRouteWithinStack():807}(Object(Illuminate\\Http\\Request))
#6 D:\\development\\CollaborateAgenToC\\AgentC\\vendor\\laravel\\framework\\src\\Illuminate\\Routing\\Middleware\\SubstituteBindings.php(50): Illuminate\\Pipeline\\Pipeline->{closure:Illuminate\\Pipeline\\Pipeline::prepareDestination():167}(Object(Illuminate\\Http\\Request))
#7 D:\\development\\CollaborateAgenToC\\AgentC\\vendor\\laravel\\framework\\src\\Illuminate\\Pipeline\\Pipeline.php(208): Illuminate\\Routing\\Middleware\\SubstituteBindings->handle(Object(Illuminate\\Http\\Request), Object(Closure))
#8 D:\\development\\CollaborateAgenToC\\AgentC\\vendor\\laravel\\framework\\src\\Illuminate\\Foundation\\Http\\Middleware\\VerifyCsrfToken.php(87): Illuminate\\Pipeline\\Pipeline->{closure:{closure:Illuminate\\Pipeline\\Pipeline::carry():183}:184}(Object(Illuminate\\Http\\Request))
#9 D:\\development\\CollaborateAgenToC\\AgentC\\vendor\\laravel\\framework\\src\\Illuminate\\Pipeline\\Pipeline.php(208): Illuminate\\Foundation\\Http\\Middleware\\VerifyCsrfToken->handle(Object(Illuminate\\Http\\Request), Object(Closure))
#10 D:\\development\\CollaborateAgenToC\\AgentC\\vendor\\laravel\\framework\\src\\Illuminate\\View\\Middleware\\ShareErrorsFromSession.php(48): Illuminate\\Pipeline\\Pipeline->{closure:{closure:Illuminate\\Pipeline\\Pipeline::carry():183}:184}(Object(Illuminate\\Http\\Request))
#11 D:\\development\\CollaborateAgenToC\\AgentC\\vendor\\laravel\\framework\\src\\Illuminate\\Pipeline\\Pipeline.php(208): Illuminate\\View\\Middleware\\ShareErrorsFromSession->handle(Object(Illuminate\\Http\\Request), Object(Closure))
#12 D:\\development\\CollaborateAgenToC\\AgentC\\vendor\\laravel\\framework\\src\\Illuminate\\Session\\Middleware\\StartSession.php(120): Illuminate\\Pipeline\\Pipeline->{closure:{closure:Illuminate\\Pipeline\\Pipeline::carry():183}:184}(Object(Illuminate\\Http\\Request))
#13 D:\\development\\CollaborateAgenToC\\AgentC\\vendor\\laravel\\framework\\src\\Illuminate\\Session\\Middleware\\StartSession.php(63): Illuminate\\Session\\Middleware\\StartSession->handleStatefulRequest(Object(Illuminate\\Http\\Request), Object(Illuminate\\Session\\Store), Object(Closure))
#14 D:\\development\\CollaborateAgenToC\\AgentC\\vendor\\laravel\\framework\\src\\Illuminate\\Pipeline\\Pipeline.php(208): Illuminate\\Session\\Middleware\\StartSession->handle(Object(Illuminate\\Http\\Request), Object(Closure))
#15 D:\\development\\CollaborateAgenToC\\AgentC\\vendor\\laravel\\framework\\src\\Illuminate\\Cookie\\Middleware\\AddQueuedCookiesToResponse.php(36): Illuminate\\Pipeline\\Pipeline->{closure:{closure:Illuminate\\Pipeline\\Pipeline::carry():183}:184}(Object(Illuminate\\Http\\Request))
#16 D:\\development\\CollaborateAgenToC\\AgentC\\vendor\\laravel\\framework\\src\\Illuminate\\Pipeline\\Pipeline.php(208): Illuminate\\Cookie\\Middleware\\AddQueuedCookiesToResponse->handle(Object(Illuminate\\Http\\Request), Object(Closure))
#17 D:\\development\\CollaborateAgenToC\\AgentC\\vendor\\laravel\\framework\\src\\Illuminate\\Cookie\\Middleware\\EncryptCookies.php(74): Illuminate\\Pipeline\\Pipeline->{closure:{closure:Illuminate\\Pipeline\\Pipeline::carry():183}:184}(Object(Illuminate\\Http\\Request))
#18 D:\\development\\CollaborateAgenToC\\AgentC\\vendor\\laravel\\framework\\src\\Illuminate\\Pipeline\\Pipeline.php(208): Illuminate\\Cookie\\Middleware\\EncryptCookies->handle(Object(Illuminate\\Http\\Request), Object(Closure))
#19 D:\\development\\CollaborateAgenToC\\AgentC\\vendor\\laravel\\framework\\src\\Illuminate\\Pipeline\\Pipeline.php(126): Illuminate\\Pipeline\\Pipeline->{closure:{closure:Illuminate\\Pipeline\\Pipeline::carry():183}:184}(Object(Illuminate\\Http\\Request))
#20 D:\\development\\CollaborateAgenToC\\AgentC\\vendor\\laravel\\framework\\src\\Illuminate\\Routing\\Router.php(807): Illuminate\\Pipeline\\Pipeline->then(Object(Closure))
#21 D:\\development\\CollaborateAgenToC\\AgentC\\vendor\\laravel\\framework\\src\\Illuminate\\Routing\\Router.php(786): Illuminate\\Routing\\Router->runRouteWithinStack(Object(Illuminate\\Routing\\Route), Object(Illuminate\\Http\\Request))
#22 D:\\development\\CollaborateAgenToC\\AgentC\\vendor\\laravel\\framework\\src\\Illuminate\\Routing\\Router.php(750): Illuminate\\Routing\\Router->runRoute(Object(Illuminate\\Http\\Request), Object(Illuminate\\Routing\\Route))
#23 D:\\development\\CollaborateAgenToC\\AgentC\\vendor\\laravel\\framework\\src\\Illuminate\\Routing\\Router.php(739): Illuminate\\Routing\\Router->dispatchToRoute(Object(Illuminate\\Http\\Request))
#24 D:\\development\\CollaborateAgenToC\\AgentC\\vendor\\laravel\\framework\\src\\Illuminate\\Foundation\\Http\\Kernel.php(200): Illuminate\\Routing\\Router->dispatch(Object(Illuminate\\Http\\Request))
#25 D:\\development\\CollaborateAgenToC\\AgentC\\vendor\\laravel\\framework\\src\\Illuminate\\Pipeline\\Pipeline.php(169): Illuminate\\Foundation\\Http\\Kernel->{closure:Illuminate\\Foundation\\Http\\Kernel::dispatchToRouter():197}(Object(Illuminate\\Http\\Request))
#26 D:\\development\\CollaborateAgenToC\\AgentC\\vendor\\laravel\\framework\\src\\Illuminate\\Foundation\\Http\\Middleware\\TransformsRequest.php(21): Illuminate\\Pipeline\\Pipeline->{closure:Illuminate\\Pipeline\\Pipeline::prepareDestination():167}(Object(Illuminate\\Http\\Request))
#27 D:\\development\\CollaborateAgenToC\\AgentC\\vendor\\laravel\\framework\\src\\Illuminate\\Foundation\\Http\\Middleware\\ConvertEmptyStringsToNull.php(31): Illuminate\\Foundation\\Http\\Middleware\\TransformsRequest->handle(Object(Illuminate\\Http\\Request), Object(Closure))
#28 D:\\development\\CollaborateAgenToC\\AgentC\\vendor\\laravel\\framework\\src\\Illuminate\\Pipeline\\Pipeline.php(208): Illuminate\\Foundation\\Http\\Middleware\\ConvertEmptyStringsToNull->handle(Object(Illuminate\\Http\\Request), Object(Closure))
#29 D:\\development\\CollaborateAgenToC\\AgentC\\vendor\\laravel\\framework\\src\\Illuminate\\Foundation\\Http\\Middleware\\TransformsRequest.php(21): Illuminate\\Pipeline\\Pipeline->{closure:{closure:Illuminate\\Pipeline\\Pipeline::carry():183}:184}(Object(Illuminate\\Http\\Request))
#30 D:\\development\\CollaborateAgenToC\\AgentC\\vendor\\laravel\\framework\\src\\Illuminate\\Foundation\\Http\\Middleware\\TrimStrings.php(51): Illuminate\\Foundation\\Http\\Middleware\\TransformsRequest->handle(Object(Illuminate\\Http\\Request), Object(Closure))
#31 D:\\development\\CollaborateAgenToC\\AgentC\\vendor\\laravel\\framework\\src\\Illuminate\\Pipeline\\Pipeline.php(208): Illuminate\\Foundation\\Http\\Middleware\\TrimStrings->handle(Object(Illuminate\\Http\\Request), Object(Closure))
#32 D:\\development\\CollaborateAgenToC\\AgentC\\vendor\\laravel\\framework\\src\\Illuminate\\Http\\Middleware\\ValidatePostSize.php(27): Illuminate\\Pipeline\\Pipeline->{closure:{closure:Illuminate\\Pipeline\\Pipeline::carry():183}:184}(Object(Illuminate\\Http\\Request))
#33 D:\\development\\CollaborateAgenToC\\AgentC\\vendor\\laravel\\framework\\src\\Illuminate\\Pipeline\\Pipeline.php(208): Illuminate\\Http\\Middleware\\ValidatePostSize->handle(Object(Illuminate\\Http\\Request), Object(Closure))
#34 D:\\development\\CollaborateAgenToC\\AgentC\\vendor\\laravel\\framework\\src\\Illuminate\\Foundation\\Http\\Middleware\\PreventRequestsDuringMaintenance.php(109): Illuminate\\Pipeline\\Pipeline->{closure:{closure:Illuminate\\Pipeline\\Pipeline::carry():183}:184}(Object(Illuminate\\Http\\Request))
#35 D:\\development\\CollaborateAgenToC\\AgentC\\vendor\\laravel\\framework\\src\\Illuminate\\Pipeline\\Pipeline.php(208): Illuminate\\Foundation\\Http\\Middleware\\PreventRequestsDuringMaintenance->handle(Object(Illuminate\\Http\\Request), Object(Closure))
#36 D:\\development\\CollaborateAgenToC\\AgentC\\vendor\\laravel\\framework\\src\\Illuminate\\Http\\Middleware\\HandleCors.php(48): Illuminate\\Pipeline\\Pipeline->{closure:{closure:Illuminate\\Pipeline\\Pipeline::carry():183}:184}(Object(Illuminate\\Http\\Request))
#37 D:\\development\\CollaborateAgenToC\\AgentC\\vendor\\laravel\\framework\\src\\Illuminate\\Pipeline\\Pipeline.php(208): Illuminate\\Http\\Middleware\\HandleCors->handle(Object(Illuminate\\Http\\Request), Object(Closure))
#38 D:\\development\\CollaborateAgenToC\\AgentC\\vendor\\laravel\\framework\\src\\Illuminate\\Http\\Middleware\\TrustProxies.php(58): Illuminate\\Pipeline\\Pipeline->{closure:{closure:Illuminate\\Pipeline\\Pipeline::carry():183}:184}(Object(Illuminate\\Http\\Request))
#39 D:\\development\\CollaborateAgenToC\\AgentC\\vendor\\laravel\\framework\\src\\Illuminate\\Pipeline\\Pipeline.php(208): Illuminate\\Http\\Middleware\\TrustProxies->handle(Object(Illuminate\\Http\\Request), Object(Closure))
#40 D:\\development\\CollaborateAgenToC\\AgentC\\vendor\\laravel\\framework\\src\\Illuminate\\Foundation\\Http\\Middleware\\InvokeDeferredCallbacks.php(22): Illuminate\\Pipeline\\Pipeline->{closure:{closure:Illuminate\\Pipeline\\Pipeline::carry():183}:184}(Object(Illuminate\\Http\\Request))
#41 D:\\development\\CollaborateAgenToC\\AgentC\\vendor\\laravel\\framework\\src\\Illuminate\\Pipeline\\Pipeline.php(208): Illuminate\\Foundation\\Http\\Middleware\\InvokeDeferredCallbacks->handle(Object(Illuminate\\Http\\Request), Object(Closure))
#42 D:\\development\\CollaborateAgenToC\\AgentC\\vendor\\laravel\\framework\\src\\Illuminate\\Http\\Middleware\\ValidatePathEncoding.php(26): Illuminate\\Pipeline\\Pipeline->{closure:{closure:Illuminate\\Pipeline\\Pipeline::carry():183}:184}(Object(Illuminate\\Http\\Request))
#43 D:\\development\\CollaborateAgenToC\\AgentC\\vendor\\laravel\\framework\\src\\Illuminate\\Pipeline\\Pipeline.php(208): Illuminate\\Http\\Middleware\\ValidatePathEncoding->handle(Object(Illuminate\\Http\\Request), Object(Closure))
#44 D:\\development\\CollaborateAgenToC\\AgentC\\vendor\\laravel\\framework\\src\\Illuminate\\Pipeline\\Pipeline.php(126): Illuminate\\Pipeline\\Pipeline->{closure:{closure:Illuminate\\Pipeline\\Pipeline::carry():183}:184}(Object(Illuminate\\Http\\Request))
#45 D:\\development\\CollaborateAgenToC\\AgentC\\vendor\\laravel\\framework\\src\\Illuminate\\Foundation\\Http\\Kernel.php(175): Illuminate\\Pipeline\\Pipeline->then(Object(Closure))
#46 D:\\development\\CollaborateAgenToC\\AgentC\\vendor\\laravel\\framework\\src\\Illuminate\\Foundation\\Http\\Kernel.php(144): Illuminate\\Foundation\\Http\\Kernel->sendRequestThroughRouter(Object(Illuminate\\Http\\Request))
#47 D:\\development\\CollaborateAgenToC\\AgentC\\vendor\\laravel\\framework\\src\\Illuminate\\Foundation\\Application.php(1219): Illuminate\\Foundation\\Http\\Kernel->handle(Object(Illuminate\\Http\\Request))
#48 D:\\development\\CollaborateAgenToC\\AgentC\\public\\index.php(20): Illuminate\\Foundation\\Application->handleRequest(Object(Illuminate\\Http\\Request))
#49 D:\\development\\CollaborateAgenToC\\AgentC\\vendor\\laravel\\framework\\src\\Illuminate\\Foundation\\resources\\server.php(23): require_once('D:\\\\development\\\\...')
#50 {main}"} 
[2025-08-29 10:12:52] Development.ERROR: Cannot use empty array elements in arrays {"exception":"[object] (Symfony\\Component\\ErrorHandler\\Error\\FatalError(code: 0): Cannot use empty array elements in arrays at D:\\development\\CollaborateAgenToC\\AgentC\\app\\Services\\Impl\\TransactionImpl.php:99)
[stacktrace]
#0 {main}
"} 
[2025-08-29 10:14:37] Development.INFO: Processed data: {"full_name":"Achmad Saepudin","email":"achmad.saepudin21@gmail.com","title":"sample title","description":"dsada","card_number":"4111111111111111","product_code":"GD-2310","due_date":"2025-08-29 10:14:00","product_group_name":"Visual Graphic Design","price":"230000","uploaded_files":["/assets/media/task/1756437277_KK.jpeg"]} 
[2025-08-29 10:14:37] Development.INFO: Begin TransactionImpl.checkout  
[2025-08-29 10:14:37] Development.INFO: Begin AuthImpl.register() call{"full_name":"Achmad Saepudin","email":"achmad.saepudin21@gmail.com","title":"sample title","description":"dsada","card_number":"4111111111111111","product_code":"GD-2310","due_date":"2025-08-29 10:14:00","product_group_name":"Visual Graphic Design","price":"230000","uploaded_files":["\/assets\/media\/task\/1756437277_KK.jpeg"],"role":"client","password":"uniq123","skills":"","tag_line":"","username":"achmad.saepudin21@gmail.com"}  
[2025-08-29 10:14:37] Development.INFO: Browser Log: {"message":{"full_name":"Achmad Saepudin","email":"achmad.saepudin21@gmail.com","title":"sample title","description":"dsada","card_number":"4111111111111111","product_code":"GD-2310","due_date":"2025-08-29 10:14:00","product_group_name":"Visual Graphic Design","price":"230000","uploaded_files":["/assets/media/task/1756437277_KK.jpeg"],"role":"client","password":"uniq123","skills":"","tag_line":"","username":"achmad.saepudin21@gmail.com"},"data":"Begin AuthImpl.register() call"} 
[2025-08-29 10:14:37] Development.INFO: Browser Log: {"message":{"full_name":"Achmad Saepudin","email":"achmad.saepudin21@gmail.com","title":"sample title","description":"dsada","card_number":"4111111111111111","product_code":"GD-2310","due_date":"2025-08-29 10:14:00","product_group_name":"Visual Graphic Design","price":"230000","uploaded_files":["/assets/media/task/1756437277_KK.jpeg"],"role":"client","password":"uniq123","skills":"","tag_line":"","username":"achmad.saepudin21@gmail.com"},"data":"Register User role: RUSER"} 
[2025-08-29 10:14:37] Development.INFO: userDetail {"\u0000*\u0000connection":"sqlite","\u0000*\u0000table":"user_detail","\u0000*\u0000primaryKey":"id","\u0000*\u0000keyType":"int","incrementing":true,"\u0000*\u0000with":[],"\u0000*\u0000withCount":[],"preventsLazyLoading":false,"\u0000*\u0000perPage":15,"exists":true,"wasRecentlyCreated":true,"\u0000*\u0000escapeWhenCastingToString":false,"\u0000*\u0000attributes":{"user_detail_id":"UD-4382-2908","full_name":"Achmad Saepudin","skills":"","tag_line":"","credit_number":"4111111111111111","updated_at":"2025-08-29 10:14:37","created_at":"2025-08-29 10:14:37","id":2},"\u0000*\u0000original":{"user_detail_id":"UD-4382-2908","full_name":"Achmad Saepudin","skills":"","tag_line":"","credit_number":"4111111111111111","updated_at":"2025-08-29 10:14:37","created_at":"2025-08-29 10:14:37","id":2},"\u0000*\u0000changes":[],"\u0000*\u0000previous":[],"\u0000*\u0000casts":[],"\u0000*\u0000classCastCache":[],"\u0000*\u0000attributeCastCache":[],"\u0000*\u0000dateFormat":null,"\u0000*\u0000appends":[],"\u0000*\u0000dispatchesEvents":[],"\u0000*\u0000observables":[],"\u0000*\u0000relations":[],"\u0000*\u0000touches":[],"\u0000*\u0000relationAutoloadCallback":null,"\u0000*\u0000relationAutoloadContext":null,"timestamps":true,"usesUniqueIds":false,"\u0000*\u0000hidden":[],"\u0000*\u0000visible":[],"\u0000*\u0000fillable":["user_detail_id","full_name","skills","tag_line","address_detail","phone_number","postal_code","credit_number","balance_coins"],"\u0000*\u0000guarded":["*"]} 
[2025-08-29 10:14:37] Development.INFO: Browser Log: {"message":"after db insert","data":{"App\\Models\\Users\\User":{"user_detail_id":"UD-4382-2908","username":"achmad.saepudin21@gmail.com","email":"achmad.saepudin21@gmail.com","email_verified_at":"2025-08-29T03:14:37.000000Z","updated_at":"2025-08-29T03:14:37.000000Z","created_at":"2025-08-29T03:14:37.000000Z","id":2}}} 
[2025-08-29 10:14:37] Development.ERROR: AuthImpl.register() error: Undefined variable $user_detail_id  
[2025-08-29 10:14:37] Development.ERROR: TransactionImpl.checkout ["DB transaction failed :Undefined variable $user_detail_id"] 
[2025-08-29 10:14:37] Development.ERROR: Transaction Checkout error:  {"error":"DB transaction failed :Undefined variable $user_detail_id","trace":"#0 D:\\development\\CollaborateAgenToC\\AgentC\\app\\Http\\Controllers\\TransactionsController.php(84): App\\Services\\Impl\\TransactionImpl->checkout(Array)
#1 D:\\development\\CollaborateAgenToC\\AgentC\\vendor\\laravel\\framework\\src\\Illuminate\\Routing\\ControllerDispatcher.php(46): App\\Http\\Controllers\\TransactionsController->checkout(Object(Illuminate\\Http\\Request))
#2 D:\\development\\CollaborateAgenToC\\AgentC\\vendor\\laravel\\framework\\src\\Illuminate\\Routing\\Route.php(265): Illuminate\\Routing\\ControllerDispatcher->dispatch(Object(Illuminate\\Routing\\Route), Object(App\\Http\\Controllers\\TransactionsController), 'checkout')
#3 D:\\development\\CollaborateAgenToC\\AgentC\\vendor\\laravel\\framework\\src\\Illuminate\\Routing\\Route.php(211): Illuminate\\Routing\\Route->runController()
#4 D:\\development\\CollaborateAgenToC\\AgentC\\vendor\\laravel\\framework\\src\\Illuminate\\Routing\\Router.php(808): Illuminate\\Routing\\Route->run()
#5 D:\\development\\CollaborateAgenToC\\AgentC\\vendor\\laravel\\framework\\src\\Illuminate\\Pipeline\\Pipeline.php(169): Illuminate\\Routing\\Router->{closure:Illuminate\\Routing\\Router::runRouteWithinStack():807}(Object(Illuminate\\Http\\Request))
#6 D:\\development\\CollaborateAgenToC\\AgentC\\vendor\\laravel\\framework\\src\\Illuminate\\Routing\\Middleware\\SubstituteBindings.php(50): Illuminate\\Pipeline\\Pipeline->{closure:Illuminate\\Pipeline\\Pipeline::prepareDestination():167}(Object(Illuminate\\Http\\Request))
#7 D:\\development\\CollaborateAgenToC\\AgentC\\vendor\\laravel\\framework\\src\\Illuminate\\Pipeline\\Pipeline.php(208): Illuminate\\Routing\\Middleware\\SubstituteBindings->handle(Object(Illuminate\\Http\\Request), Object(Closure))
#8 D:\\development\\CollaborateAgenToC\\AgentC\\vendor\\laravel\\framework\\src\\Illuminate\\Foundation\\Http\\Middleware\\VerifyCsrfToken.php(87): Illuminate\\Pipeline\\Pipeline->{closure:{closure:Illuminate\\Pipeline\\Pipeline::carry():183}:184}(Object(Illuminate\\Http\\Request))
#9 D:\\development\\CollaborateAgenToC\\AgentC\\vendor\\laravel\\framework\\src\\Illuminate\\Pipeline\\Pipeline.php(208): Illuminate\\Foundation\\Http\\Middleware\\VerifyCsrfToken->handle(Object(Illuminate\\Http\\Request), Object(Closure))
#10 D:\\development\\CollaborateAgenToC\\AgentC\\vendor\\laravel\\framework\\src\\Illuminate\\View\\Middleware\\ShareErrorsFromSession.php(48): Illuminate\\Pipeline\\Pipeline->{closure:{closure:Illuminate\\Pipeline\\Pipeline::carry():183}:184}(Object(Illuminate\\Http\\Request))
#11 D:\\development\\CollaborateAgenToC\\AgentC\\vendor\\laravel\\framework\\src\\Illuminate\\Pipeline\\Pipeline.php(208): Illuminate\\View\\Middleware\\ShareErrorsFromSession->handle(Object(Illuminate\\Http\\Request), Object(Closure))
#12 D:\\development\\CollaborateAgenToC\\AgentC\\vendor\\laravel\\framework\\src\\Illuminate\\Session\\Middleware\\StartSession.php(120): Illuminate\\Pipeline\\Pipeline->{closure:{closure:Illuminate\\Pipeline\\Pipeline::carry():183}:184}(Object(Illuminate\\Http\\Request))
#13 D:\\development\\CollaborateAgenToC\\AgentC\\vendor\\laravel\\framework\\src\\Illuminate\\Session\\Middleware\\StartSession.php(63): Illuminate\\Session\\Middleware\\StartSession->handleStatefulRequest(Object(Illuminate\\Http\\Request), Object(Illuminate\\Session\\Store), Object(Closure))
#14 D:\\development\\CollaborateAgenToC\\AgentC\\vendor\\laravel\\framework\\src\\Illuminate\\Pipeline\\Pipeline.php(208): Illuminate\\Session\\Middleware\\StartSession->handle(Object(Illuminate\\Http\\Request), Object(Closure))
#15 D:\\development\\CollaborateAgenToC\\AgentC\\vendor\\laravel\\framework\\src\\Illuminate\\Cookie\\Middleware\\AddQueuedCookiesToResponse.php(36): Illuminate\\Pipeline\\Pipeline->{closure:{closure:Illuminate\\Pipeline\\Pipeline::carry():183}:184}(Object(Illuminate\\Http\\Request))
#16 D:\\development\\CollaborateAgenToC\\AgentC\\vendor\\laravel\\framework\\src\\Illuminate\\Pipeline\\Pipeline.php(208): Illuminate\\Cookie\\Middleware\\AddQueuedCookiesToResponse->handle(Object(Illuminate\\Http\\Request), Object(Closure))
#17 D:\\development\\CollaborateAgenToC\\AgentC\\vendor\\laravel\\framework\\src\\Illuminate\\Cookie\\Middleware\\EncryptCookies.php(74): Illuminate\\Pipeline\\Pipeline->{closure:{closure:Illuminate\\Pipeline\\Pipeline::carry():183}:184}(Object(Illuminate\\Http\\Request))
#18 D:\\development\\CollaborateAgenToC\\AgentC\\vendor\\laravel\\framework\\src\\Illuminate\\Pipeline\\Pipeline.php(208): Illuminate\\Cookie\\Middleware\\EncryptCookies->handle(Object(Illuminate\\Http\\Request), Object(Closure))
#19 D:\\development\\CollaborateAgenToC\\AgentC\\vendor\\laravel\\framework\\src\\Illuminate\\Pipeline\\Pipeline.php(126): Illuminate\\Pipeline\\Pipeline->{closure:{closure:Illuminate\\Pipeline\\Pipeline::carry():183}:184}(Object(Illuminate\\Http\\Request))
#20 D:\\development\\CollaborateAgenToC\\AgentC\\vendor\\laravel\\framework\\src\\Illuminate\\Routing\\Router.php(807): Illuminate\\Pipeline\\Pipeline->then(Object(Closure))
#21 D:\\development\\CollaborateAgenToC\\AgentC\\vendor\\laravel\\framework\\src\\Illuminate\\Routing\\Router.php(786): Illuminate\\Routing\\Router->runRouteWithinStack(Object(Illuminate\\Routing\\Route), Object(Illuminate\\Http\\Request))
#22 D:\\development\\CollaborateAgenToC\\AgentC\\vendor\\laravel\\framework\\src\\Illuminate\\Routing\\Router.php(750): Illuminate\\Routing\\Router->runRoute(Object(Illuminate\\Http\\Request), Object(Illuminate\\Routing\\Route))
#23 D:\\development\\CollaborateAgenToC\\AgentC\\vendor\\laravel\\framework\\src\\Illuminate\\Routing\\Router.php(739): Illuminate\\Routing\\Router->dispatchToRoute(Object(Illuminate\\Http\\Request))
#24 D:\\development\\CollaborateAgenToC\\AgentC\\vendor\\laravel\\framework\\src\\Illuminate\\Foundation\\Http\\Kernel.php(200): Illuminate\\Routing\\Router->dispatch(Object(Illuminate\\Http\\Request))
#25 D:\\development\\CollaborateAgenToC\\AgentC\\vendor\\laravel\\framework\\src\\Illuminate\\Pipeline\\Pipeline.php(169): Illuminate\\Foundation\\Http\\Kernel->{closure:Illuminate\\Foundation\\Http\\Kernel::dispatchToRouter():197}(Object(Illuminate\\Http\\Request))
#26 D:\\development\\CollaborateAgenToC\\AgentC\\vendor\\laravel\\framework\\src\\Illuminate\\Foundation\\Http\\Middleware\\TransformsRequest.php(21): Illuminate\\Pipeline\\Pipeline->{closure:Illuminate\\Pipeline\\Pipeline::prepareDestination():167}(Object(Illuminate\\Http\\Request))
#27 D:\\development\\CollaborateAgenToC\\AgentC\\vendor\\laravel\\framework\\src\\Illuminate\\Foundation\\Http\\Middleware\\ConvertEmptyStringsToNull.php(31): Illuminate\\Foundation\\Http\\Middleware\\TransformsRequest->handle(Object(Illuminate\\Http\\Request), Object(Closure))
#28 D:\\development\\CollaborateAgenToC\\AgentC\\vendor\\laravel\\framework\\src\\Illuminate\\Pipeline\\Pipeline.php(208): Illuminate\\Foundation\\Http\\Middleware\\ConvertEmptyStringsToNull->handle(Object(Illuminate\\Http\\Request), Object(Closure))
#29 D:\\development\\CollaborateAgenToC\\AgentC\\vendor\\laravel\\framework\\src\\Illuminate\\Foundation\\Http\\Middleware\\TransformsRequest.php(21): Illuminate\\Pipeline\\Pipeline->{closure:{closure:Illuminate\\Pipeline\\Pipeline::carry():183}:184}(Object(Illuminate\\Http\\Request))
#30 D:\\development\\CollaborateAgenToC\\AgentC\\vendor\\laravel\\framework\\src\\Illuminate\\Foundation\\Http\\Middleware\\TrimStrings.php(51): Illuminate\\Foundation\\Http\\Middleware\\TransformsRequest->handle(Object(Illuminate\\Http\\Request), Object(Closure))
#31 D:\\development\\CollaborateAgenToC\\AgentC\\vendor\\laravel\\framework\\src\\Illuminate\\Pipeline\\Pipeline.php(208): Illuminate\\Foundation\\Http\\Middleware\\TrimStrings->handle(Object(Illuminate\\Http\\Request), Object(Closure))
#32 D:\\development\\CollaborateAgenToC\\AgentC\\vendor\\laravel\\framework\\src\\Illuminate\\Http\\Middleware\\ValidatePostSize.php(27): Illuminate\\Pipeline\\Pipeline->{closure:{closure:Illuminate\\Pipeline\\Pipeline::carry():183}:184}(Object(Illuminate\\Http\\Request))
#33 D:\\development\\CollaborateAgenToC\\AgentC\\vendor\\laravel\\framework\\src\\Illuminate\\Pipeline\\Pipeline.php(208): Illuminate\\Http\\Middleware\\ValidatePostSize->handle(Object(Illuminate\\Http\\Request), Object(Closure))
#34 D:\\development\\CollaborateAgenToC\\AgentC\\vendor\\laravel\\framework\\src\\Illuminate\\Foundation\\Http\\Middleware\\PreventRequestsDuringMaintenance.php(109): Illuminate\\Pipeline\\Pipeline->{closure:{closure:Illuminate\\Pipeline\\Pipeline::carry():183}:184}(Object(Illuminate\\Http\\Request))
#35 D:\\development\\CollaborateAgenToC\\AgentC\\vendor\\laravel\\framework\\src\\Illuminate\\Pipeline\\Pipeline.php(208): Illuminate\\Foundation\\Http\\Middleware\\PreventRequestsDuringMaintenance->handle(Object(Illuminate\\Http\\Request), Object(Closure))
#36 D:\\development\\CollaborateAgenToC\\AgentC\\vendor\\laravel\\framework\\src\\Illuminate\\Http\\Middleware\\HandleCors.php(48): Illuminate\\Pipeline\\Pipeline->{closure:{closure:Illuminate\\Pipeline\\Pipeline::carry():183}:184}(Object(Illuminate\\Http\\Request))
#37 D:\\development\\CollaborateAgenToC\\AgentC\\vendor\\laravel\\framework\\src\\Illuminate\\Pipeline\\Pipeline.php(208): Illuminate\\Http\\Middleware\\HandleCors->handle(Object(Illuminate\\Http\\Request), Object(Closure))
#38 D:\\development\\CollaborateAgenToC\\AgentC\\vendor\\laravel\\framework\\src\\Illuminate\\Http\\Middleware\\TrustProxies.php(58): Illuminate\\Pipeline\\Pipeline->{closure:{closure:Illuminate\\Pipeline\\Pipeline::carry():183}:184}(Object(Illuminate\\Http\\Request))
#39 D:\\development\\CollaborateAgenToC\\AgentC\\vendor\\laravel\\framework\\src\\Illuminate\\Pipeline\\Pipeline.php(208): Illuminate\\Http\\Middleware\\TrustProxies->handle(Object(Illuminate\\Http\\Request), Object(Closure))
#40 D:\\development\\CollaborateAgenToC\\AgentC\\vendor\\laravel\\framework\\src\\Illuminate\\Foundation\\Http\\Middleware\\InvokeDeferredCallbacks.php(22): Illuminate\\Pipeline\\Pipeline->{closure:{closure:Illuminate\\Pipeline\\Pipeline::carry():183}:184}(Object(Illuminate\\Http\\Request))
#41 D:\\development\\CollaborateAgenToC\\AgentC\\vendor\\laravel\\framework\\src\\Illuminate\\Pipeline\\Pipeline.php(208): Illuminate\\Foundation\\Http\\Middleware\\InvokeDeferredCallbacks->handle(Object(Illuminate\\Http\\Request), Object(Closure))
#42 D:\\development\\CollaborateAgenToC\\AgentC\\vendor\\laravel\\framework\\src\\Illuminate\\Http\\Middleware\\ValidatePathEncoding.php(26): Illuminate\\Pipeline\\Pipeline->{closure:{closure:Illuminate\\Pipeline\\Pipeline::carry():183}:184}(Object(Illuminate\\Http\\Request))
#43 D:\\development\\CollaborateAgenToC\\AgentC\\vendor\\laravel\\framework\\src\\Illuminate\\Pipeline\\Pipeline.php(208): Illuminate\\Http\\Middleware\\ValidatePathEncoding->handle(Object(Illuminate\\Http\\Request), Object(Closure))
#44 D:\\development\\CollaborateAgenToC\\AgentC\\vendor\\laravel\\framework\\src\\Illuminate\\Pipeline\\Pipeline.php(126): Illuminate\\Pipeline\\Pipeline->{closure:{closure:Illuminate\\Pipeline\\Pipeline::carry():183}:184}(Object(Illuminate\\Http\\Request))
#45 D:\\development\\CollaborateAgenToC\\AgentC\\vendor\\laravel\\framework\\src\\Illuminate\\Foundation\\Http\\Kernel.php(175): Illuminate\\Pipeline\\Pipeline->then(Object(Closure))
#46 D:\\development\\CollaborateAgenToC\\AgentC\\vendor\\laravel\\framework\\src\\Illuminate\\Foundation\\Http\\Kernel.php(144): Illuminate\\Foundation\\Http\\Kernel->sendRequestThroughRouter(Object(Illuminate\\Http\\Request))
#47 D:\\development\\CollaborateAgenToC\\AgentC\\vendor\\laravel\\framework\\src\\Illuminate\\Foundation\\Application.php(1219): Illuminate\\Foundation\\Http\\Kernel->handle(Object(Illuminate\\Http\\Request))
#48 D:\\development\\CollaborateAgenToC\\AgentC\\public\\index.php(20): Illuminate\\Foundation\\Application->handleRequest(Object(Illuminate\\Http\\Request))
#49 D:\\development\\CollaborateAgenToC\\AgentC\\vendor\\laravel\\framework\\src\\Illuminate\\Foundation\\resources\\server.php(23): require_once('D:\\\\development\\\\...')
#50 {main}"} 
[2025-08-29 10:17:58] Development.INFO: Processed data: {"full_name":"Achmad Saepudin","email":"achmad.saepudin21@gmail.com","title":"sample title","description":"addasadsa","card_number":"4111111111111111","product_code":"GD-2310","due_date":"2025-08-29 10:17:00","product_group_name":"Visual Graphic Design","price":"230000","uploaded_files":["/assets/media/task/1756437478_KK.jpeg"]} 
[2025-08-29 10:17:58] Development.INFO: Begin TransactionImpl.checkout  
[2025-08-29 10:17:58] Development.INFO: Begin AuthImpl.register() call{"full_name":"Achmad Saepudin","email":"achmad.saepudin21@gmail.com","title":"sample title","description":"addasadsa","card_number":"4111111111111111","product_code":"GD-2310","due_date":"2025-08-29 10:17:00","product_group_name":"Visual Graphic Design","price":"230000","uploaded_files":["\/assets\/media\/task\/1756437478_KK.jpeg"],"role":"client","password":"uniq123","skills":"","tag_line":"","username":"achmad.saepudin21@gmail.com"}  
[2025-08-29 10:17:58] Development.INFO: Browser Log: {"message":{"full_name":"Achmad Saepudin","email":"achmad.saepudin21@gmail.com","title":"sample title","description":"addasadsa","card_number":"4111111111111111","product_code":"GD-2310","due_date":"2025-08-29 10:17:00","product_group_name":"Visual Graphic Design","price":"230000","uploaded_files":["/assets/media/task/1756437478_KK.jpeg"],"role":"client","password":"uniq123","skills":"","tag_line":"","username":"achmad.saepudin21@gmail.com"},"data":"Begin AuthImpl.register() call"} 
[2025-08-29 10:17:58] Development.INFO: Browser Log: {"message":{"full_name":"Achmad Saepudin","email":"achmad.saepudin21@gmail.com","title":"sample title","description":"addasadsa","card_number":"4111111111111111","product_code":"GD-2310","due_date":"2025-08-29 10:17:00","product_group_name":"Visual Graphic Design","price":"230000","uploaded_files":["/assets/media/task/1756437478_KK.jpeg"],"role":"client","password":"uniq123","skills":"","tag_line":"","username":"achmad.saepudin21@gmail.com"},"data":"Register User role: RUSER"} 
[2025-08-29 10:17:59] Development.INFO: userDetail {"\u0000*\u0000connection":"sqlite","\u0000*\u0000table":"user_detail","\u0000*\u0000primaryKey":"id","\u0000*\u0000keyType":"int","incrementing":true,"\u0000*\u0000with":[],"\u0000*\u0000withCount":[],"preventsLazyLoading":false,"\u0000*\u0000perPage":15,"exists":true,"wasRecentlyCreated":true,"\u0000*\u0000escapeWhenCastingToString":false,"\u0000*\u0000attributes":{"user_detail_id":"UD-3333-2908","full_name":"Achmad Saepudin","skills":"","tag_line":"","credit_number":"4111111111111111","updated_at":"2025-08-29 10:17:59","created_at":"2025-08-29 10:17:59","id":2},"\u0000*\u0000original":{"user_detail_id":"UD-3333-2908","full_name":"Achmad Saepudin","skills":"","tag_line":"","credit_number":"4111111111111111","updated_at":"2025-08-29 10:17:59","created_at":"2025-08-29 10:17:59","id":2},"\u0000*\u0000changes":[],"\u0000*\u0000previous":[],"\u0000*\u0000casts":[],"\u0000*\u0000classCastCache":[],"\u0000*\u0000attributeCastCache":[],"\u0000*\u0000dateFormat":null,"\u0000*\u0000appends":[],"\u0000*\u0000dispatchesEvents":[],"\u0000*\u0000observables":[],"\u0000*\u0000relations":[],"\u0000*\u0000touches":[],"\u0000*\u0000relationAutoloadCallback":null,"\u0000*\u0000relationAutoloadContext":null,"timestamps":true,"usesUniqueIds":false,"\u0000*\u0000hidden":[],"\u0000*\u0000visible":[],"\u0000*\u0000fillable":["user_detail_id","full_name","skills","tag_line","address_detail","phone_number","postal_code","credit_number","balance_coins"],"\u0000*\u0000guarded":["*"]} 
[2025-08-29 10:17:59] Development.INFO: Browser Log: {"message":"after db insert","data":{"App\\Models\\Users\\User":{"user_detail_id":"UD-3333-2908","username":"achmad.saepudin21@gmail.com","email":"achmad.saepudin21@gmail.com","email_verified_at":"2025-08-29T03:17:59.000000Z","updated_at":"2025-08-29T03:17:59.000000Z","created_at":"2025-08-29T03:17:59.000000Z","id":2}}} 
[2025-08-29 10:17:59] Development.ERROR: TransactionImpl.checkout ["SQLSTATE[23000]: Integrity constraint violation: 19 NOT NULL constraint failed: tasks.task_detail_id (Connection: sqlite, SQL: insert into \"tasks\" (\"id\", \"kanban_id\", \"client_id\", \"deadline\", \"updated_at\", \"created_at\") values (TSK-4897, KBN-6193, UD-3333-2908, 2025-08-29 10:17:00, 2025-08-29 10:17:59, 2025-08-29 10:17:59))"] 
[2025-08-29 10:17:59] Development.ERROR: Transaction Checkout error:  {"error":"SQLSTATE[23000]: Integrity constraint violation: 19 NOT NULL constraint failed: tasks.task_detail_id (Connection: sqlite, SQL: insert into \"tasks\" (\"id\", \"kanban_id\", \"client_id\", \"deadline\", \"updated_at\", \"created_at\") values (TSK-4897, KBN-6193, UD-3333-2908, 2025-08-29 10:17:00, 2025-08-29 10:17:59, 2025-08-29 10:17:59))","trace":"#0 D:\\development\\CollaborateAgenToC\\AgentC\\app\\Http\\Controllers\\TransactionsController.php(84): App\\Services\\Impl\\TransactionImpl->checkout(Array)
#1 D:\\development\\CollaborateAgenToC\\AgentC\\vendor\\laravel\\framework\\src\\Illuminate\\Routing\\ControllerDispatcher.php(46): App\\Http\\Controllers\\TransactionsController->checkout(Object(Illuminate\\Http\\Request))
#2 D:\\development\\CollaborateAgenToC\\AgentC\\vendor\\laravel\\framework\\src\\Illuminate\\Routing\\Route.php(265): Illuminate\\Routing\\ControllerDispatcher->dispatch(Object(Illuminate\\Routing\\Route), Object(App\\Http\\Controllers\\TransactionsController), 'checkout')
#3 D:\\development\\CollaborateAgenToC\\AgentC\\vendor\\laravel\\framework\\src\\Illuminate\\Routing\\Route.php(211): Illuminate\\Routing\\Route->runController()
#4 D:\\development\\CollaborateAgenToC\\AgentC\\vendor\\laravel\\framework\\src\\Illuminate\\Routing\\Router.php(808): Illuminate\\Routing\\Route->run()
#5 D:\\development\\CollaborateAgenToC\\AgentC\\vendor\\laravel\\framework\\src\\Illuminate\\Pipeline\\Pipeline.php(169): Illuminate\\Routing\\Router->{closure:Illuminate\\Routing\\Router::runRouteWithinStack():807}(Object(Illuminate\\Http\\Request))
#6 D:\\development\\CollaborateAgenToC\\AgentC\\vendor\\laravel\\framework\\src\\Illuminate\\Routing\\Middleware\\SubstituteBindings.php(50): Illuminate\\Pipeline\\Pipeline->{closure:Illuminate\\Pipeline\\Pipeline::prepareDestination():167}(Object(Illuminate\\Http\\Request))
#7 D:\\development\\CollaborateAgenToC\\AgentC\\vendor\\laravel\\framework\\src\\Illuminate\\Pipeline\\Pipeline.php(208): Illuminate\\Routing\\Middleware\\SubstituteBindings->handle(Object(Illuminate\\Http\\Request), Object(Closure))
#8 D:\\development\\CollaborateAgenToC\\AgentC\\vendor\\laravel\\framework\\src\\Illuminate\\Foundation\\Http\\Middleware\\VerifyCsrfToken.php(87): Illuminate\\Pipeline\\Pipeline->{closure:{closure:Illuminate\\Pipeline\\Pipeline::carry():183}:184}(Object(Illuminate\\Http\\Request))
#9 D:\\development\\CollaborateAgenToC\\AgentC\\vendor\\laravel\\framework\\src\\Illuminate\\Pipeline\\Pipeline.php(208): Illuminate\\Foundation\\Http\\Middleware\\VerifyCsrfToken->handle(Object(Illuminate\\Http\\Request), Object(Closure))
#10 D:\\development\\CollaborateAgenToC\\AgentC\\vendor\\laravel\\framework\\src\\Illuminate\\View\\Middleware\\ShareErrorsFromSession.php(48): Illuminate\\Pipeline\\Pipeline->{closure:{closure:Illuminate\\Pipeline\\Pipeline::carry():183}:184}(Object(Illuminate\\Http\\Request))
#11 D:\\development\\CollaborateAgenToC\\AgentC\\vendor\\laravel\\framework\\src\\Illuminate\\Pipeline\\Pipeline.php(208): Illuminate\\View\\Middleware\\ShareErrorsFromSession->handle(Object(Illuminate\\Http\\Request), Object(Closure))
#12 D:\\development\\CollaborateAgenToC\\AgentC\\vendor\\laravel\\framework\\src\\Illuminate\\Session\\Middleware\\StartSession.php(120): Illuminate\\Pipeline\\Pipeline->{closure:{closure:Illuminate\\Pipeline\\Pipeline::carry():183}:184}(Object(Illuminate\\Http\\Request))
#13 D:\\development\\CollaborateAgenToC\\AgentC\\vendor\\laravel\\framework\\src\\Illuminate\\Session\\Middleware\\StartSession.php(63): Illuminate\\Session\\Middleware\\StartSession->handleStatefulRequest(Object(Illuminate\\Http\\Request), Object(Illuminate\\Session\\Store), Object(Closure))
#14 D:\\development\\CollaborateAgenToC\\AgentC\\vendor\\laravel\\framework\\src\\Illuminate\\Pipeline\\Pipeline.php(208): Illuminate\\Session\\Middleware\\StartSession->handle(Object(Illuminate\\Http\\Request), Object(Closure))
#15 D:\\development\\CollaborateAgenToC\\AgentC\\vendor\\laravel\\framework\\src\\Illuminate\\Cookie\\Middleware\\AddQueuedCookiesToResponse.php(36): Illuminate\\Pipeline\\Pipeline->{closure:{closure:Illuminate\\Pipeline\\Pipeline::carry():183}:184}(Object(Illuminate\\Http\\Request))
#16 D:\\development\\CollaborateAgenToC\\AgentC\\vendor\\laravel\\framework\\src\\Illuminate\\Pipeline\\Pipeline.php(208): Illuminate\\Cookie\\Middleware\\AddQueuedCookiesToResponse->handle(Object(Illuminate\\Http\\Request), Object(Closure))
#17 D:\\development\\CollaborateAgenToC\\AgentC\\vendor\\laravel\\framework\\src\\Illuminate\\Cookie\\Middleware\\EncryptCookies.php(74): Illuminate\\Pipeline\\Pipeline->{closure:{closure:Illuminate\\Pipeline\\Pipeline::carry():183}:184}(Object(Illuminate\\Http\\Request))
#18 D:\\development\\CollaborateAgenToC\\AgentC\\vendor\\laravel\\framework\\src\\Illuminate\\Pipeline\\Pipeline.php(208): Illuminate\\Cookie\\Middleware\\EncryptCookies->handle(Object(Illuminate\\Http\\Request), Object(Closure))
#19 D:\\development\\CollaborateAgenToC\\AgentC\\vendor\\laravel\\framework\\src\\Illuminate\\Pipeline\\Pipeline.php(126): Illuminate\\Pipeline\\Pipeline->{closure:{closure:Illuminate\\Pipeline\\Pipeline::carry():183}:184}(Object(Illuminate\\Http\\Request))
#20 D:\\development\\CollaborateAgenToC\\AgentC\\vendor\\laravel\\framework\\src\\Illuminate\\Routing\\Router.php(807): Illuminate\\Pipeline\\Pipeline->then(Object(Closure))
#21 D:\\development\\CollaborateAgenToC\\AgentC\\vendor\\laravel\\framework\\src\\Illuminate\\Routing\\Router.php(786): Illuminate\\Routing\\Router->runRouteWithinStack(Object(Illuminate\\Routing\\Route), Object(Illuminate\\Http\\Request))
#22 D:\\development\\CollaborateAgenToC\\AgentC\\vendor\\laravel\\framework\\src\\Illuminate\\Routing\\Router.php(750): Illuminate\\Routing\\Router->runRoute(Object(Illuminate\\Http\\Request), Object(Illuminate\\Routing\\Route))
#23 D:\\development\\CollaborateAgenToC\\AgentC\\vendor\\laravel\\framework\\src\\Illuminate\\Routing\\Router.php(739): Illuminate\\Routing\\Router->dispatchToRoute(Object(Illuminate\\Http\\Request))
#24 D:\\development\\CollaborateAgenToC\\AgentC\\vendor\\laravel\\framework\\src\\Illuminate\\Foundation\\Http\\Kernel.php(200): Illuminate\\Routing\\Router->dispatch(Object(Illuminate\\Http\\Request))
#25 D:\\development\\CollaborateAgenToC\\AgentC\\vendor\\laravel\\framework\\src\\Illuminate\\Pipeline\\Pipeline.php(169): Illuminate\\Foundation\\Http\\Kernel->{closure:Illuminate\\Foundation\\Http\\Kernel::dispatchToRouter():197}(Object(Illuminate\\Http\\Request))
#26 D:\\development\\CollaborateAgenToC\\AgentC\\vendor\\laravel\\framework\\src\\Illuminate\\Foundation\\Http\\Middleware\\TransformsRequest.php(21): Illuminate\\Pipeline\\Pipeline->{closure:Illuminate\\Pipeline\\Pipeline::prepareDestination():167}(Object(Illuminate\\Http\\Request))
#27 D:\\development\\CollaborateAgenToC\\AgentC\\vendor\\laravel\\framework\\src\\Illuminate\\Foundation\\Http\\Middleware\\ConvertEmptyStringsToNull.php(31): Illuminate\\Foundation\\Http\\Middleware\\TransformsRequest->handle(Object(Illuminate\\Http\\Request), Object(Closure))
#28 D:\\development\\CollaborateAgenToC\\AgentC\\vendor\\laravel\\framework\\src\\Illuminate\\Pipeline\\Pipeline.php(208): Illuminate\\Foundation\\Http\\Middleware\\ConvertEmptyStringsToNull->handle(Object(Illuminate\\Http\\Request), Object(Closure))
#29 D:\\development\\CollaborateAgenToC\\AgentC\\vendor\\laravel\\framework\\src\\Illuminate\\Foundation\\Http\\Middleware\\TransformsRequest.php(21): Illuminate\\Pipeline\\Pipeline->{closure:{closure:Illuminate\\Pipeline\\Pipeline::carry():183}:184}(Object(Illuminate\\Http\\Request))
#30 D:\\development\\CollaborateAgenToC\\AgentC\\vendor\\laravel\\framework\\src\\Illuminate\\Foundation\\Http\\Middleware\\TrimStrings.php(51): Illuminate\\Foundation\\Http\\Middleware\\TransformsRequest->handle(Object(Illuminate\\Http\\Request), Object(Closure))
#31 D:\\development\\CollaborateAgenToC\\AgentC\\vendor\\laravel\\framework\\src\\Illuminate\\Pipeline\\Pipeline.php(208): Illuminate\\Foundation\\Http\\Middleware\\TrimStrings->handle(Object(Illuminate\\Http\\Request), Object(Closure))
#32 D:\\development\\CollaborateAgenToC\\AgentC\\vendor\\laravel\\framework\\src\\Illuminate\\Http\\Middleware\\ValidatePostSize.php(27): Illuminate\\Pipeline\\Pipeline->{closure:{closure:Illuminate\\Pipeline\\Pipeline::carry():183}:184}(Object(Illuminate\\Http\\Request))
#33 D:\\development\\CollaborateAgenToC\\AgentC\\vendor\\laravel\\framework\\src\\Illuminate\\Pipeline\\Pipeline.php(208): Illuminate\\Http\\Middleware\\ValidatePostSize->handle(Object(Illuminate\\Http\\Request), Object(Closure))
#34 D:\\development\\CollaborateAgenToC\\AgentC\\vendor\\laravel\\framework\\src\\Illuminate\\Foundation\\Http\\Middleware\\PreventRequestsDuringMaintenance.php(109): Illuminate\\Pipeline\\Pipeline->{closure:{closure:Illuminate\\Pipeline\\Pipeline::carry():183}:184}(Object(Illuminate\\Http\\Request))
#35 D:\\development\\CollaborateAgenToC\\AgentC\\vendor\\laravel\\framework\\src\\Illuminate\\Pipeline\\Pipeline.php(208): Illuminate\\Foundation\\Http\\Middleware\\PreventRequestsDuringMaintenance->handle(Object(Illuminate\\Http\\Request), Object(Closure))
#36 D:\\development\\CollaborateAgenToC\\AgentC\\vendor\\laravel\\framework\\src\\Illuminate\\Http\\Middleware\\HandleCors.php(48): Illuminate\\Pipeline\\Pipeline->{closure:{closure:Illuminate\\Pipeline\\Pipeline::carry():183}:184}(Object(Illuminate\\Http\\Request))
#37 D:\\development\\CollaborateAgenToC\\AgentC\\vendor\\laravel\\framework\\src\\Illuminate\\Pipeline\\Pipeline.php(208): Illuminate\\Http\\Middleware\\HandleCors->handle(Object(Illuminate\\Http\\Request), Object(Closure))
#38 D:\\development\\CollaborateAgenToC\\AgentC\\vendor\\laravel\\framework\\src\\Illuminate\\Http\\Middleware\\TrustProxies.php(58): Illuminate\\Pipeline\\Pipeline->{closure:{closure:Illuminate\\Pipeline\\Pipeline::carry():183}:184}(Object(Illuminate\\Http\\Request))
#39 D:\\development\\CollaborateAgenToC\\AgentC\\vendor\\laravel\\framework\\src\\Illuminate\\Pipeline\\Pipeline.php(208): Illuminate\\Http\\Middleware\\TrustProxies->handle(Object(Illuminate\\Http\\Request), Object(Closure))
#40 D:\\development\\CollaborateAgenToC\\AgentC\\vendor\\laravel\\framework\\src\\Illuminate\\Foundation\\Http\\Middleware\\InvokeDeferredCallbacks.php(22): Illuminate\\Pipeline\\Pipeline->{closure:{closure:Illuminate\\Pipeline\\Pipeline::carry():183}:184}(Object(Illuminate\\Http\\Request))
#41 D:\\development\\CollaborateAgenToC\\AgentC\\vendor\\laravel\\framework\\src\\Illuminate\\Pipeline\\Pipeline.php(208): Illuminate\\Foundation\\Http\\Middleware\\InvokeDeferredCallbacks->handle(Object(Illuminate\\Http\\Request), Object(Closure))
#42 D:\\development\\CollaborateAgenToC\\AgentC\\vendor\\laravel\\framework\\src\\Illuminate\\Http\\Middleware\\ValidatePathEncoding.php(26): Illuminate\\Pipeline\\Pipeline->{closure:{closure:Illuminate\\Pipeline\\Pipeline::carry():183}:184}(Object(Illuminate\\Http\\Request))
#43 D:\\development\\CollaborateAgenToC\\AgentC\\vendor\\laravel\\framework\\src\\Illuminate\\Pipeline\\Pipeline.php(208): Illuminate\\Http\\Middleware\\ValidatePathEncoding->handle(Object(Illuminate\\Http\\Request), Object(Closure))
#44 D:\\development\\CollaborateAgenToC\\AgentC\\vendor\\laravel\\framework\\src\\Illuminate\\Pipeline\\Pipeline.php(126): Illuminate\\Pipeline\\Pipeline->{closure:{closure:Illuminate\\Pipeline\\Pipeline::carry():183}:184}(Object(Illuminate\\Http\\Request))
#45 D:\\development\\CollaborateAgenToC\\AgentC\\vendor\\laravel\\framework\\src\\Illuminate\\Foundation\\Http\\Kernel.php(175): Illuminate\\Pipeline\\Pipeline->then(Object(Closure))
#46 D:\\development\\CollaborateAgenToC\\AgentC\\vendor\\laravel\\framework\\src\\Illuminate\\Foundation\\Http\\Kernel.php(144): Illuminate\\Foundation\\Http\\Kernel->sendRequestThroughRouter(Object(Illuminate\\Http\\Request))
#47 D:\\development\\CollaborateAgenToC\\AgentC\\vendor\\laravel\\framework\\src\\Illuminate\\Foundation\\Application.php(1219): Illuminate\\Foundation\\Http\\Kernel->handle(Object(Illuminate\\Http\\Request))
#48 D:\\development\\CollaborateAgenToC\\AgentC\\public\\index.php(20): Illuminate\\Foundation\\Application->handleRequest(Object(Illuminate\\Http\\Request))
#49 D:\\development\\CollaborateAgenToC\\AgentC\\vendor\\laravel\\framework\\src\\Illuminate\\Foundation\\resources\\server.php(23): require_once('D:\\\\development\\\\...')
#50 {main}"} 
[2025-08-29 10:21:32] Development.INFO: Processed data: {"full_name":"Achmad Saepudin","email":"achmad.saepudin21@gmail.com","title":"sample title","description":"asddad","card_number":"4111111111111111","product_code":"GD-2310","due_date":"2025-08-29 10:21:00","product_group_name":"Visual Graphic Design","price":"230000","uploaded_files":["/assets/media/task/1756437692_KK.jpeg"]} 
[2025-08-29 10:21:32] Development.INFO: Begin TransactionImpl.checkout  
[2025-08-29 10:21:32] Development.INFO: Begin AuthImpl.register() call{"full_name":"Achmad Saepudin","email":"achmad.saepudin21@gmail.com","title":"sample title","description":"asddad","card_number":"4111111111111111","product_code":"GD-2310","due_date":"2025-08-29 10:21:00","product_group_name":"Visual Graphic Design","price":"230000","uploaded_files":["\/assets\/media\/task\/1756437692_KK.jpeg"],"role":"client","password":"uniq123","skills":"","tag_line":"","username":"achmad.saepudin21@gmail.com"}  
[2025-08-29 10:21:32] Development.INFO: Browser Log: {"message":{"full_name":"Achmad Saepudin","email":"achmad.saepudin21@gmail.com","title":"sample title","description":"asddad","card_number":"4111111111111111","product_code":"GD-2310","due_date":"2025-08-29 10:21:00","product_group_name":"Visual Graphic Design","price":"230000","uploaded_files":["/assets/media/task/1756437692_KK.jpeg"],"role":"client","password":"uniq123","skills":"","tag_line":"","username":"achmad.saepudin21@gmail.com"},"data":"Begin AuthImpl.register() call"} 
[2025-08-29 10:21:32] Development.INFO: Browser Log: {"message":{"full_name":"Achmad Saepudin","email":"achmad.saepudin21@gmail.com","title":"sample title","description":"asddad","card_number":"4111111111111111","product_code":"GD-2310","due_date":"2025-08-29 10:21:00","product_group_name":"Visual Graphic Design","price":"230000","uploaded_files":["/assets/media/task/1756437692_KK.jpeg"],"role":"client","password":"uniq123","skills":"","tag_line":"","username":"achmad.saepudin21@gmail.com"},"data":"Register User role: RUSER"} 
[2025-08-29 10:21:32] Development.INFO: userDetail {"\u0000*\u0000connection":"sqlite","\u0000*\u0000table":"user_detail","\u0000*\u0000primaryKey":"id","\u0000*\u0000keyType":"int","incrementing":true,"\u0000*\u0000with":[],"\u0000*\u0000withCount":[],"preventsLazyLoading":false,"\u0000*\u0000perPage":15,"exists":true,"wasRecentlyCreated":true,"\u0000*\u0000escapeWhenCastingToString":false,"\u0000*\u0000attributes":{"user_detail_id":"UD-2232-2908","full_name":"Achmad Saepudin","skills":"","tag_line":"","credit_number":"4111111111111111","updated_at":"2025-08-29 10:21:32","created_at":"2025-08-29 10:21:32","id":3},"\u0000*\u0000original":{"user_detail_id":"UD-2232-2908","full_name":"Achmad Saepudin","skills":"","tag_line":"","credit_number":"4111111111111111","updated_at":"2025-08-29 10:21:32","created_at":"2025-08-29 10:21:32","id":3},"\u0000*\u0000changes":[],"\u0000*\u0000previous":[],"\u0000*\u0000casts":[],"\u0000*\u0000classCastCache":[],"\u0000*\u0000attributeCastCache":[],"\u0000*\u0000dateFormat":null,"\u0000*\u0000appends":[],"\u0000*\u0000dispatchesEvents":[],"\u0000*\u0000observables":[],"\u0000*\u0000relations":[],"\u0000*\u0000touches":[],"\u0000*\u0000relationAutoloadCallback":null,"\u0000*\u0000relationAutoloadContext":null,"timestamps":true,"usesUniqueIds":false,"\u0000*\u0000hidden":[],"\u0000*\u0000visible":[],"\u0000*\u0000fillable":["user_detail_id","full_name","skills","tag_line","address_detail","phone_number","postal_code","credit_number","balance_coins"],"\u0000*\u0000guarded":["*"]} 
[2025-08-29 10:21:32] Development.INFO: Browser Log: {"message":"after db insert","data":{"App\\Models\\Users\\User":{"user_detail_id":"UD-2232-2908","username":"achmad.saepudin21@gmail.com","email":"achmad.saepudin21@gmail.com","email_verified_at":"2025-08-29T03:21:32.000000Z","updated_at":"2025-08-29T03:21:32.000000Z","created_at":"2025-08-29T03:21:32.000000Z","id":3}}} 
[2025-08-29 10:21:32] Development.ERROR: TransactionImpl.checkout ["SQLSTATE[HY000]: General error: 1 table transactions has no column named user_id (Connection: sqlite, SQL: insert into \"transactions\" (\"id\", \"task_id\", \"user_id\", \"product_id\", \"product_type\", \"payment_method\", \"total_price\", \"status\", \"updated_at\", \"created_at\") values (INV-7633, 1, UD-2232-2908, GD-2310, Visual Graphic Design, transfer_bank, 230000, 0, 2025-08-29 10:21:32, 2025-08-29 10:21:32))"] 
[2025-08-29 10:21:32] Development.ERROR: Transaction Checkout error:  {"error":"SQLSTATE[HY000]: General error: 1 table transactions has no column named user_id (Connection: sqlite, SQL: insert into \"transactions\" (\"id\", \"task_id\", \"user_id\", \"product_id\", \"product_type\", \"payment_method\", \"total_price\", \"status\", \"updated_at\", \"created_at\") values (INV-7633, 1, UD-2232-2908, GD-2310, Visual Graphic Design, transfer_bank, 230000, 0, 2025-08-29 10:21:32, 2025-08-29 10:21:32))","trace":"#0 D:\\development\\CollaborateAgenToC\\AgentC\\app\\Http\\Controllers\\TransactionsController.php(84): App\\Services\\Impl\\TransactionImpl->checkout(Array)
#1 D:\\development\\CollaborateAgenToC\\AgentC\\vendor\\laravel\\framework\\src\\Illuminate\\Routing\\ControllerDispatcher.php(46): App\\Http\\Controllers\\TransactionsController->checkout(Object(Illuminate\\Http\\Request))
#2 D:\\development\\CollaborateAgenToC\\AgentC\\vendor\\laravel\\framework\\src\\Illuminate\\Routing\\Route.php(265): Illuminate\\Routing\\ControllerDispatcher->dispatch(Object(Illuminate\\Routing\\Route), Object(App\\Http\\Controllers\\TransactionsController), 'checkout')
#3 D:\\development\\CollaborateAgenToC\\AgentC\\vendor\\laravel\\framework\\src\\Illuminate\\Routing\\Route.php(211): Illuminate\\Routing\\Route->runController()
#4 D:\\development\\CollaborateAgenToC\\AgentC\\vendor\\laravel\\framework\\src\\Illuminate\\Routing\\Router.php(808): Illuminate\\Routing\\Route->run()
#5 D:\\development\\CollaborateAgenToC\\AgentC\\vendor\\laravel\\framework\\src\\Illuminate\\Pipeline\\Pipeline.php(169): Illuminate\\Routing\\Router->{closure:Illuminate\\Routing\\Router::runRouteWithinStack():807}(Object(Illuminate\\Http\\Request))
#6 D:\\development\\CollaborateAgenToC\\AgentC\\vendor\\laravel\\framework\\src\\Illuminate\\Routing\\Middleware\\SubstituteBindings.php(50): Illuminate\\Pipeline\\Pipeline->{closure:Illuminate\\Pipeline\\Pipeline::prepareDestination():167}(Object(Illuminate\\Http\\Request))
#7 D:\\development\\CollaborateAgenToC\\AgentC\\vendor\\laravel\\framework\\src\\Illuminate\\Pipeline\\Pipeline.php(208): Illuminate\\Routing\\Middleware\\SubstituteBindings->handle(Object(Illuminate\\Http\\Request), Object(Closure))
#8 D:\\development\\CollaborateAgenToC\\AgentC\\vendor\\laravel\\framework\\src\\Illuminate\\Foundation\\Http\\Middleware\\VerifyCsrfToken.php(87): Illuminate\\Pipeline\\Pipeline->{closure:{closure:Illuminate\\Pipeline\\Pipeline::carry():183}:184}(Object(Illuminate\\Http\\Request))
#9 D:\\development\\CollaborateAgenToC\\AgentC\\vendor\\laravel\\framework\\src\\Illuminate\\Pipeline\\Pipeline.php(208): Illuminate\\Foundation\\Http\\Middleware\\VerifyCsrfToken->handle(Object(Illuminate\\Http\\Request), Object(Closure))
#10 D:\\development\\CollaborateAgenToC\\AgentC\\vendor\\laravel\\framework\\src\\Illuminate\\View\\Middleware\\ShareErrorsFromSession.php(48): Illuminate\\Pipeline\\Pipeline->{closure:{closure:Illuminate\\Pipeline\\Pipeline::carry():183}:184}(Object(Illuminate\\Http\\Request))
#11 D:\\development\\CollaborateAgenToC\\AgentC\\vendor\\laravel\\framework\\src\\Illuminate\\Pipeline\\Pipeline.php(208): Illuminate\\View\\Middleware\\ShareErrorsFromSession->handle(Object(Illuminate\\Http\\Request), Object(Closure))
#12 D:\\development\\CollaborateAgenToC\\AgentC\\vendor\\laravel\\framework\\src\\Illuminate\\Session\\Middleware\\StartSession.php(120): Illuminate\\Pipeline\\Pipeline->{closure:{closure:Illuminate\\Pipeline\\Pipeline::carry():183}:184}(Object(Illuminate\\Http\\Request))
#13 D:\\development\\CollaborateAgenToC\\AgentC\\vendor\\laravel\\framework\\src\\Illuminate\\Session\\Middleware\\StartSession.php(63): Illuminate\\Session\\Middleware\\StartSession->handleStatefulRequest(Object(Illuminate\\Http\\Request), Object(Illuminate\\Session\\Store), Object(Closure))
#14 D:\\development\\CollaborateAgenToC\\AgentC\\vendor\\laravel\\framework\\src\\Illuminate\\Pipeline\\Pipeline.php(208): Illuminate\\Session\\Middleware\\StartSession->handle(Object(Illuminate\\Http\\Request), Object(Closure))
#15 D:\\development\\CollaborateAgenToC\\AgentC\\vendor\\laravel\\framework\\src\\Illuminate\\Cookie\\Middleware\\AddQueuedCookiesToResponse.php(36): Illuminate\\Pipeline\\Pipeline->{closure:{closure:Illuminate\\Pipeline\\Pipeline::carry():183}:184}(Object(Illuminate\\Http\\Request))
#16 D:\\development\\CollaborateAgenToC\\AgentC\\vendor\\laravel\\framework\\src\\Illuminate\\Pipeline\\Pipeline.php(208): Illuminate\\Cookie\\Middleware\\AddQueuedCookiesToResponse->handle(Object(Illuminate\\Http\\Request), Object(Closure))
#17 D:\\development\\CollaborateAgenToC\\AgentC\\vendor\\laravel\\framework\\src\\Illuminate\\Cookie\\Middleware\\EncryptCookies.php(74): Illuminate\\Pipeline\\Pipeline->{closure:{closure:Illuminate\\Pipeline\\Pipeline::carry():183}:184}(Object(Illuminate\\Http\\Request))
#18 D:\\development\\CollaborateAgenToC\\AgentC\\vendor\\laravel\\framework\\src\\Illuminate\\Pipeline\\Pipeline.php(208): Illuminate\\Cookie\\Middleware\\EncryptCookies->handle(Object(Illuminate\\Http\\Request), Object(Closure))
#19 D:\\development\\CollaborateAgenToC\\AgentC\\vendor\\laravel\\framework\\src\\Illuminate\\Pipeline\\Pipeline.php(126): Illuminate\\Pipeline\\Pipeline->{closure:{closure:Illuminate\\Pipeline\\Pipeline::carry():183}:184}(Object(Illuminate\\Http\\Request))
#20 D:\\development\\CollaborateAgenToC\\AgentC\\vendor\\laravel\\framework\\src\\Illuminate\\Routing\\Router.php(807): Illuminate\\Pipeline\\Pipeline->then(Object(Closure))
#21 D:\\development\\CollaborateAgenToC\\AgentC\\vendor\\laravel\\framework\\src\\Illuminate\\Routing\\Router.php(786): Illuminate\\Routing\\Router->runRouteWithinStack(Object(Illuminate\\Routing\\Route), Object(Illuminate\\Http\\Request))
#22 D:\\development\\CollaborateAgenToC\\AgentC\\vendor\\laravel\\framework\\src\\Illuminate\\Routing\\Router.php(750): Illuminate\\Routing\\Router->runRoute(Object(Illuminate\\Http\\Request), Object(Illuminate\\Routing\\Route))
#23 D:\\development\\CollaborateAgenToC\\AgentC\\vendor\\laravel\\framework\\src\\Illuminate\\Routing\\Router.php(739): Illuminate\\Routing\\Router->dispatchToRoute(Object(Illuminate\\Http\\Request))
#24 D:\\development\\CollaborateAgenToC\\AgentC\\vendor\\laravel\\framework\\src\\Illuminate\\Foundation\\Http\\Kernel.php(200): Illuminate\\Routing\\Router->dispatch(Object(Illuminate\\Http\\Request))
#25 D:\\development\\CollaborateAgenToC\\AgentC\\vendor\\laravel\\framework\\src\\Illuminate\\Pipeline\\Pipeline.php(169): Illuminate\\Foundation\\Http\\Kernel->{closure:Illuminate\\Foundation\\Http\\Kernel::dispatchToRouter():197}(Object(Illuminate\\Http\\Request))
#26 D:\\development\\CollaborateAgenToC\\AgentC\\vendor\\laravel\\framework\\src\\Illuminate\\Foundation\\Http\\Middleware\\TransformsRequest.php(21): Illuminate\\Pipeline\\Pipeline->{closure:Illuminate\\Pipeline\\Pipeline::prepareDestination():167}(Object(Illuminate\\Http\\Request))
#27 D:\\development\\CollaborateAgenToC\\AgentC\\vendor\\laravel\\framework\\src\\Illuminate\\Foundation\\Http\\Middleware\\ConvertEmptyStringsToNull.php(31): Illuminate\\Foundation\\Http\\Middleware\\TransformsRequest->handle(Object(Illuminate\\Http\\Request), Object(Closure))
#28 D:\\development\\CollaborateAgenToC\\AgentC\\vendor\\laravel\\framework\\src\\Illuminate\\Pipeline\\Pipeline.php(208): Illuminate\\Foundation\\Http\\Middleware\\ConvertEmptyStringsToNull->handle(Object(Illuminate\\Http\\Request), Object(Closure))
#29 D:\\development\\CollaborateAgenToC\\AgentC\\vendor\\laravel\\framework\\src\\Illuminate\\Foundation\\Http\\Middleware\\TransformsRequest.php(21): Illuminate\\Pipeline\\Pipeline->{closure:{closure:Illuminate\\Pipeline\\Pipeline::carry():183}:184}(Object(Illuminate\\Http\\Request))
#30 D:\\development\\CollaborateAgenToC\\AgentC\\vendor\\laravel\\framework\\src\\Illuminate\\Foundation\\Http\\Middleware\\TrimStrings.php(51): Illuminate\\Foundation\\Http\\Middleware\\TransformsRequest->handle(Object(Illuminate\\Http\\Request), Object(Closure))
#31 D:\\development\\CollaborateAgenToC\\AgentC\\vendor\\laravel\\framework\\src\\Illuminate\\Pipeline\\Pipeline.php(208): Illuminate\\Foundation\\Http\\Middleware\\TrimStrings->handle(Object(Illuminate\\Http\\Request), Object(Closure))
#32 D:\\development\\CollaborateAgenToC\\AgentC\\vendor\\laravel\\framework\\src\\Illuminate\\Http\\Middleware\\ValidatePostSize.php(27): Illuminate\\Pipeline\\Pipeline->{closure:{closure:Illuminate\\Pipeline\\Pipeline::carry():183}:184}(Object(Illuminate\\Http\\Request))
#33 D:\\development\\CollaborateAgenToC\\AgentC\\vendor\\laravel\\framework\\src\\Illuminate\\Pipeline\\Pipeline.php(208): Illuminate\\Http\\Middleware\\ValidatePostSize->handle(Object(Illuminate\\Http\\Request), Object(Closure))
#34 D:\\development\\CollaborateAgenToC\\AgentC\\vendor\\laravel\\framework\\src\\Illuminate\\Foundation\\Http\\Middleware\\PreventRequestsDuringMaintenance.php(109): Illuminate\\Pipeline\\Pipeline->{closure:{closure:Illuminate\\Pipeline\\Pipeline::carry():183}:184}(Object(Illuminate\\Http\\Request))
#35 D:\\development\\CollaborateAgenToC\\AgentC\\vendor\\laravel\\framework\\src\\Illuminate\\Pipeline\\Pipeline.php(208): Illuminate\\Foundation\\Http\\Middleware\\PreventRequestsDuringMaintenance->handle(Object(Illuminate\\Http\\Request), Object(Closure))
#36 D:\\development\\CollaborateAgenToC\\AgentC\\vendor\\laravel\\framework\\src\\Illuminate\\Http\\Middleware\\HandleCors.php(48): Illuminate\\Pipeline\\Pipeline->{closure:{closure:Illuminate\\Pipeline\\Pipeline::carry():183}:184}(Object(Illuminate\\Http\\Request))
#37 D:\\development\\CollaborateAgenToC\\AgentC\\vendor\\laravel\\framework\\src\\Illuminate\\Pipeline\\Pipeline.php(208): Illuminate\\Http\\Middleware\\HandleCors->handle(Object(Illuminate\\Http\\Request), Object(Closure))
#38 D:\\development\\CollaborateAgenToC\\AgentC\\vendor\\laravel\\framework\\src\\Illuminate\\Http\\Middleware\\TrustProxies.php(58): Illuminate\\Pipeline\\Pipeline->{closure:{closure:Illuminate\\Pipeline\\Pipeline::carry():183}:184}(Object(Illuminate\\Http\\Request))
#39 D:\\development\\CollaborateAgenToC\\AgentC\\vendor\\laravel\\framework\\src\\Illuminate\\Pipeline\\Pipeline.php(208): Illuminate\\Http\\Middleware\\TrustProxies->handle(Object(Illuminate\\Http\\Request), Object(Closure))
#40 D:\\development\\CollaborateAgenToC\\AgentC\\vendor\\laravel\\framework\\src\\Illuminate\\Foundation\\Http\\Middleware\\InvokeDeferredCallbacks.php(22): Illuminate\\Pipeline\\Pipeline->{closure:{closure:Illuminate\\Pipeline\\Pipeline::carry():183}:184}(Object(Illuminate\\Http\\Request))
#41 D:\\development\\CollaborateAgenToC\\AgentC\\vendor\\laravel\\framework\\src\\Illuminate\\Pipeline\\Pipeline.php(208): Illuminate\\Foundation\\Http\\Middleware\\InvokeDeferredCallbacks->handle(Object(Illuminate\\Http\\Request), Object(Closure))
#42 D:\\development\\CollaborateAgenToC\\AgentC\\vendor\\laravel\\framework\\src\\Illuminate\\Http\\Middleware\\ValidatePathEncoding.php(26): Illuminate\\Pipeline\\Pipeline->{closure:{closure:Illuminate\\Pipeline\\Pipeline::carry():183}:184}(Object(Illuminate\\Http\\Request))
#43 D:\\development\\CollaborateAgenToC\\AgentC\\vendor\\laravel\\framework\\src\\Illuminate\\Pipeline\\Pipeline.php(208): Illuminate\\Http\\Middleware\\ValidatePathEncoding->handle(Object(Illuminate\\Http\\Request), Object(Closure))
#44 D:\\development\\CollaborateAgenToC\\AgentC\\vendor\\laravel\\framework\\src\\Illuminate\\Pipeline\\Pipeline.php(126): Illuminate\\Pipeline\\Pipeline->{closure:{closure:Illuminate\\Pipeline\\Pipeline::carry():183}:184}(Object(Illuminate\\Http\\Request))
#45 D:\\development\\CollaborateAgenToC\\AgentC\\vendor\\laravel\\framework\\src\\Illuminate\\Foundation\\Http\\Kernel.php(175): Illuminate\\Pipeline\\Pipeline->then(Object(Closure))
#46 D:\\development\\CollaborateAgenToC\\AgentC\\vendor\\laravel\\framework\\src\\Illuminate\\Foundation\\Http\\Kernel.php(144): Illuminate\\Foundation\\Http\\Kernel->sendRequestThroughRouter(Object(Illuminate\\Http\\Request))
#47 D:\\development\\CollaborateAgenToC\\AgentC\\vendor\\laravel\\framework\\src\\Illuminate\\Foundation\\Application.php(1219): Illuminate\\Foundation\\Http\\Kernel->handle(Object(Illuminate\\Http\\Request))
#48 D:\\development\\CollaborateAgenToC\\AgentC\\public\\index.php(20): Illuminate\\Foundation\\Application->handleRequest(Object(Illuminate\\Http\\Request))
#49 D:\\development\\CollaborateAgenToC\\AgentC\\vendor\\laravel\\framework\\src\\Illuminate\\Foundation\\resources\\server.php(23): require_once('D:\\\\development\\\\...')
#50 {main}"} 
[2025-08-29 10:23:50] Development.INFO: Processed data: {"full_name":"Achmad Saepudin","email":"achmad.saepudin21@gmail.com","title":"sample title","description":"sadasd","card_number":"4111111111111111","product_code":"GD-2310","due_date":"2025-08-29 10:23:00","product_group_name":"Visual Graphic Design","price":"230000","uploaded_files":["/assets/media/task/1756437830_KK.jpeg"]} 
[2025-08-29 10:23:50] Development.INFO: Begin TransactionImpl.checkout  
[2025-08-29 10:23:50] Development.INFO: Begin AuthImpl.register() call{"full_name":"Achmad Saepudin","email":"achmad.saepudin21@gmail.com","title":"sample title","description":"sadasd","card_number":"4111111111111111","product_code":"GD-2310","due_date":"2025-08-29 10:23:00","product_group_name":"Visual Graphic Design","price":"230000","uploaded_files":["\/assets\/media\/task\/1756437830_KK.jpeg"],"role":"client","password":"uniq123","skills":"","tag_line":"","username":"achmad.saepudin21@gmail.com"}  
[2025-08-29 10:23:50] Development.INFO: Browser Log: {"message":{"full_name":"Achmad Saepudin","email":"achmad.saepudin21@gmail.com","title":"sample title","description":"sadasd","card_number":"4111111111111111","product_code":"GD-2310","due_date":"2025-08-29 10:23:00","product_group_name":"Visual Graphic Design","price":"230000","uploaded_files":["/assets/media/task/1756437830_KK.jpeg"],"role":"client","password":"uniq123","skills":"","tag_line":"","username":"achmad.saepudin21@gmail.com"},"data":"Begin AuthImpl.register() call"} 
[2025-08-29 10:23:50] Development.INFO: Browser Log: {"message":{"full_name":"Achmad Saepudin","email":"achmad.saepudin21@gmail.com","title":"sample title","description":"sadasd","card_number":"4111111111111111","product_code":"GD-2310","due_date":"2025-08-29 10:23:00","product_group_name":"Visual Graphic Design","price":"230000","uploaded_files":["/assets/media/task/1756437830_KK.jpeg"],"role":"client","password":"uniq123","skills":"","tag_line":"","username":"achmad.saepudin21@gmail.com"},"data":"Register User role: RUSER"} 
[2025-08-29 10:23:50] Development.INFO: userDetail {"\u0000*\u0000connection":"sqlite","\u0000*\u0000table":"user_detail","\u0000*\u0000primaryKey":"id","\u0000*\u0000keyType":"int","incrementing":true,"\u0000*\u0000with":[],"\u0000*\u0000withCount":[],"preventsLazyLoading":false,"\u0000*\u0000perPage":15,"exists":true,"wasRecentlyCreated":true,"\u0000*\u0000escapeWhenCastingToString":false,"\u0000*\u0000attributes":{"user_detail_id":"UD-6943-2908","full_name":"Achmad Saepudin","skills":"","tag_line":"","credit_number":"4111111111111111","updated_at":"2025-08-29 10:23:50","created_at":"2025-08-29 10:23:50","id":4},"\u0000*\u0000original":{"user_detail_id":"UD-6943-2908","full_name":"Achmad Saepudin","skills":"","tag_line":"","credit_number":"4111111111111111","updated_at":"2025-08-29 10:23:50","created_at":"2025-08-29 10:23:50","id":4},"\u0000*\u0000changes":[],"\u0000*\u0000previous":[],"\u0000*\u0000casts":[],"\u0000*\u0000classCastCache":[],"\u0000*\u0000attributeCastCache":[],"\u0000*\u0000dateFormat":null,"\u0000*\u0000appends":[],"\u0000*\u0000dispatchesEvents":[],"\u0000*\u0000observables":[],"\u0000*\u0000relations":[],"\u0000*\u0000touches":[],"\u0000*\u0000relationAutoloadCallback":null,"\u0000*\u0000relationAutoloadContext":null,"timestamps":true,"usesUniqueIds":false,"\u0000*\u0000hidden":[],"\u0000*\u0000visible":[],"\u0000*\u0000fillable":["user_detail_id","full_name","skills","tag_line","address_detail","phone_number","postal_code","credit_number","balance_coins"],"\u0000*\u0000guarded":["*"]} 
[2025-08-29 10:23:50] Development.INFO: Browser Log: {"message":"after db insert","data":{"App\\Models\\Users\\User":{"user_detail_id":"UD-6943-2908","username":"achmad.saepudin21@gmail.com","email":"achmad.saepudin21@gmail.com","email_verified_at":"2025-08-29T03:23:50.000000Z","updated_at":"2025-08-29T03:23:50.000000Z","created_at":"2025-08-29T03:23:50.000000Z","id":4}}} 
[2025-08-29 10:23:50] Development.ERROR: TransactionImpl.checkout ["SQLSTATE[23000]: Integrity constraint violation: 19 NOT NULL constraint failed: transactions.user_detail_id (Connection: sqlite, SQL: insert into \"transactions\" (\"id\", \"task_id\", \"product_type\", \"payment_method\", \"total_price\", \"status\", \"updated_at\", \"created_at\") values (INV-5842, 1, Visual Graphic Design, transfer_bank, 230000, 0, 2025-08-29 10:23:50, 2025-08-29 10:23:50))"] 
[2025-08-29 10:23:50] Development.ERROR: Transaction Checkout error:  {"error":"SQLSTATE[23000]: Integrity constraint violation: 19 NOT NULL constraint failed: transactions.user_detail_id (Connection: sqlite, SQL: insert into \"transactions\" (\"id\", \"task_id\", \"product_type\", \"payment_method\", \"total_price\", \"status\", \"updated_at\", \"created_at\") values (INV-5842, 1, Visual Graphic Design, transfer_bank, 230000, 0, 2025-08-29 10:23:50, 2025-08-29 10:23:50))","trace":"#0 D:\\development\\CollaborateAgenToC\\AgentC\\app\\Http\\Controllers\\TransactionsController.php(84): App\\Services\\Impl\\TransactionImpl->checkout(Array)
#1 D:\\development\\CollaborateAgenToC\\AgentC\\vendor\\laravel\\framework\\src\\Illuminate\\Routing\\ControllerDispatcher.php(46): App\\Http\\Controllers\\TransactionsController->checkout(Object(Illuminate\\Http\\Request))
#2 D:\\development\\CollaborateAgenToC\\AgentC\\vendor\\laravel\\framework\\src\\Illuminate\\Routing\\Route.php(265): Illuminate\\Routing\\ControllerDispatcher->dispatch(Object(Illuminate\\Routing\\Route), Object(App\\Http\\Controllers\\TransactionsController), 'checkout')
#3 D:\\development\\CollaborateAgenToC\\AgentC\\vendor\\laravel\\framework\\src\\Illuminate\\Routing\\Route.php(211): Illuminate\\Routing\\Route->runController()
#4 D:\\development\\CollaborateAgenToC\\AgentC\\vendor\\laravel\\framework\\src\\Illuminate\\Routing\\Router.php(808): Illuminate\\Routing\\Route->run()
#5 D:\\development\\CollaborateAgenToC\\AgentC\\vendor\\laravel\\framework\\src\\Illuminate\\Pipeline\\Pipeline.php(169): Illuminate\\Routing\\Router->{closure:Illuminate\\Routing\\Router::runRouteWithinStack():807}(Object(Illuminate\\Http\\Request))
#6 D:\\development\\CollaborateAgenToC\\AgentC\\vendor\\laravel\\framework\\src\\Illuminate\\Routing\\Middleware\\SubstituteBindings.php(50): Illuminate\\Pipeline\\Pipeline->{closure:Illuminate\\Pipeline\\Pipeline::prepareDestination():167}(Object(Illuminate\\Http\\Request))
#7 D:\\development\\CollaborateAgenToC\\AgentC\\vendor\\laravel\\framework\\src\\Illuminate\\Pipeline\\Pipeline.php(208): Illuminate\\Routing\\Middleware\\SubstituteBindings->handle(Object(Illuminate\\Http\\Request), Object(Closure))
#8 D:\\development\\CollaborateAgenToC\\AgentC\\vendor\\laravel\\framework\\src\\Illuminate\\Foundation\\Http\\Middleware\\VerifyCsrfToken.php(87): Illuminate\\Pipeline\\Pipeline->{closure:{closure:Illuminate\\Pipeline\\Pipeline::carry():183}:184}(Object(Illuminate\\Http\\Request))
#9 D:\\development\\CollaborateAgenToC\\AgentC\\vendor\\laravel\\framework\\src\\Illuminate\\Pipeline\\Pipeline.php(208): Illuminate\\Foundation\\Http\\Middleware\\VerifyCsrfToken->handle(Object(Illuminate\\Http\\Request), Object(Closure))
#10 D:\\development\\CollaborateAgenToC\\AgentC\\vendor\\laravel\\framework\\src\\Illuminate\\View\\Middleware\\ShareErrorsFromSession.php(48): Illuminate\\Pipeline\\Pipeline->{closure:{closure:Illuminate\\Pipeline\\Pipeline::carry():183}:184}(Object(Illuminate\\Http\\Request))
#11 D:\\development\\CollaborateAgenToC\\AgentC\\vendor\\laravel\\framework\\src\\Illuminate\\Pipeline\\Pipeline.php(208): Illuminate\\View\\Middleware\\ShareErrorsFromSession->handle(Object(Illuminate\\Http\\Request), Object(Closure))
#12 D:\\development\\CollaborateAgenToC\\AgentC\\vendor\\laravel\\framework\\src\\Illuminate\\Session\\Middleware\\StartSession.php(120): Illuminate\\Pipeline\\Pipeline->{closure:{closure:Illuminate\\Pipeline\\Pipeline::carry():183}:184}(Object(Illuminate\\Http\\Request))
#13 D:\\development\\CollaborateAgenToC\\AgentC\\vendor\\laravel\\framework\\src\\Illuminate\\Session\\Middleware\\StartSession.php(63): Illuminate\\Session\\Middleware\\StartSession->handleStatefulRequest(Object(Illuminate\\Http\\Request), Object(Illuminate\\Session\\Store), Object(Closure))
#14 D:\\development\\CollaborateAgenToC\\AgentC\\vendor\\laravel\\framework\\src\\Illuminate\\Pipeline\\Pipeline.php(208): Illuminate\\Session\\Middleware\\StartSession->handle(Object(Illuminate\\Http\\Request), Object(Closure))
#15 D:\\development\\CollaborateAgenToC\\AgentC\\vendor\\laravel\\framework\\src\\Illuminate\\Cookie\\Middleware\\AddQueuedCookiesToResponse.php(36): Illuminate\\Pipeline\\Pipeline->{closure:{closure:Illuminate\\Pipeline\\Pipeline::carry():183}:184}(Object(Illuminate\\Http\\Request))
#16 D:\\development\\CollaborateAgenToC\\AgentC\\vendor\\laravel\\framework\\src\\Illuminate\\Pipeline\\Pipeline.php(208): Illuminate\\Cookie\\Middleware\\AddQueuedCookiesToResponse->handle(Object(Illuminate\\Http\\Request), Object(Closure))
#17 D:\\development\\CollaborateAgenToC\\AgentC\\vendor\\laravel\\framework\\src\\Illuminate\\Cookie\\Middleware\\EncryptCookies.php(74): Illuminate\\Pipeline\\Pipeline->{closure:{closure:Illuminate\\Pipeline\\Pipeline::carry():183}:184}(Object(Illuminate\\Http\\Request))
#18 D:\\development\\CollaborateAgenToC\\AgentC\\vendor\\laravel\\framework\\src\\Illuminate\\Pipeline\\Pipeline.php(208): Illuminate\\Cookie\\Middleware\\EncryptCookies->handle(Object(Illuminate\\Http\\Request), Object(Closure))
#19 D:\\development\\CollaborateAgenToC\\AgentC\\vendor\\laravel\\framework\\src\\Illuminate\\Pipeline\\Pipeline.php(126): Illuminate\\Pipeline\\Pipeline->{closure:{closure:Illuminate\\Pipeline\\Pipeline::carry():183}:184}(Object(Illuminate\\Http\\Request))
#20 D:\\development\\CollaborateAgenToC\\AgentC\\vendor\\laravel\\framework\\src\\Illuminate\\Routing\\Router.php(807): Illuminate\\Pipeline\\Pipeline->then(Object(Closure))
#21 D:\\development\\CollaborateAgenToC\\AgentC\\vendor\\laravel\\framework\\src\\Illuminate\\Routing\\Router.php(786): Illuminate\\Routing\\Router->runRouteWithinStack(Object(Illuminate\\Routing\\Route), Object(Illuminate\\Http\\Request))
#22 D:\\development\\CollaborateAgenToC\\AgentC\\vendor\\laravel\\framework\\src\\Illuminate\\Routing\\Router.php(750): Illuminate\\Routing\\Router->runRoute(Object(Illuminate\\Http\\Request), Object(Illuminate\\Routing\\Route))
#23 D:\\development\\CollaborateAgenToC\\AgentC\\vendor\\laravel\\framework\\src\\Illuminate\\Routing\\Router.php(739): Illuminate\\Routing\\Router->dispatchToRoute(Object(Illuminate\\Http\\Request))
#24 D:\\development\\CollaborateAgenToC\\AgentC\\vendor\\laravel\\framework\\src\\Illuminate\\Foundation\\Http\\Kernel.php(200): Illuminate\\Routing\\Router->dispatch(Object(Illuminate\\Http\\Request))
#25 D:\\development\\CollaborateAgenToC\\AgentC\\vendor\\laravel\\framework\\src\\Illuminate\\Pipeline\\Pipeline.php(169): Illuminate\\Foundation\\Http\\Kernel->{closure:Illuminate\\Foundation\\Http\\Kernel::dispatchToRouter():197}(Object(Illuminate\\Http\\Request))
#26 D:\\development\\CollaborateAgenToC\\AgentC\\vendor\\laravel\\framework\\src\\Illuminate\\Foundation\\Http\\Middleware\\TransformsRequest.php(21): Illuminate\\Pipeline\\Pipeline->{closure:Illuminate\\Pipeline\\Pipeline::prepareDestination():167}(Object(Illuminate\\Http\\Request))
#27 D:\\development\\CollaborateAgenToC\\AgentC\\vendor\\laravel\\framework\\src\\Illuminate\\Foundation\\Http\\Middleware\\ConvertEmptyStringsToNull.php(31): Illuminate\\Foundation\\Http\\Middleware\\TransformsRequest->handle(Object(Illuminate\\Http\\Request), Object(Closure))
#28 D:\\development\\CollaborateAgenToC\\AgentC\\vendor\\laravel\\framework\\src\\Illuminate\\Pipeline\\Pipeline.php(208): Illuminate\\Foundation\\Http\\Middleware\\ConvertEmptyStringsToNull->handle(Object(Illuminate\\Http\\Request), Object(Closure))
#29 D:\\development\\CollaborateAgenToC\\AgentC\\vendor\\laravel\\framework\\src\\Illuminate\\Foundation\\Http\\Middleware\\TransformsRequest.php(21): Illuminate\\Pipeline\\Pipeline->{closure:{closure:Illuminate\\Pipeline\\Pipeline::carry():183}:184}(Object(Illuminate\\Http\\Request))
#30 D:\\development\\CollaborateAgenToC\\AgentC\\vendor\\laravel\\framework\\src\\Illuminate\\Foundation\\Http\\Middleware\\TrimStrings.php(51): Illuminate\\Foundation\\Http\\Middleware\\TransformsRequest->handle(Object(Illuminate\\Http\\Request), Object(Closure))
#31 D:\\development\\CollaborateAgenToC\\AgentC\\vendor\\laravel\\framework\\src\\Illuminate\\Pipeline\\Pipeline.php(208): Illuminate\\Foundation\\Http\\Middleware\\TrimStrings->handle(Object(Illuminate\\Http\\Request), Object(Closure))
#32 D:\\development\\CollaborateAgenToC\\AgentC\\vendor\\laravel\\framework\\src\\Illuminate\\Http\\Middleware\\ValidatePostSize.php(27): Illuminate\\Pipeline\\Pipeline->{closure:{closure:Illuminate\\Pipeline\\Pipeline::carry():183}:184}(Object(Illuminate\\Http\\Request))
#33 D:\\development\\CollaborateAgenToC\\AgentC\\vendor\\laravel\\framework\\src\\Illuminate\\Pipeline\\Pipeline.php(208): Illuminate\\Http\\Middleware\\ValidatePostSize->handle(Object(Illuminate\\Http\\Request), Object(Closure))
#34 D:\\development\\CollaborateAgenToC\\AgentC\\vendor\\laravel\\framework\\src\\Illuminate\\Foundation\\Http\\Middleware\\PreventRequestsDuringMaintenance.php(109): Illuminate\\Pipeline\\Pipeline->{closure:{closure:Illuminate\\Pipeline\\Pipeline::carry():183}:184}(Object(Illuminate\\Http\\Request))
#35 D:\\development\\CollaborateAgenToC\\AgentC\\vendor\\laravel\\framework\\src\\Illuminate\\Pipeline\\Pipeline.php(208): Illuminate\\Foundation\\Http\\Middleware\\PreventRequestsDuringMaintenance->handle(Object(Illuminate\\Http\\Request), Object(Closure))
#36 D:\\development\\CollaborateAgenToC\\AgentC\\vendor\\laravel\\framework\\src\\Illuminate\\Http\\Middleware\\HandleCors.php(48): Illuminate\\Pipeline\\Pipeline->{closure:{closure:Illuminate\\Pipeline\\Pipeline::carry():183}:184}(Object(Illuminate\\Http\\Request))
#37 D:\\development\\CollaborateAgenToC\\AgentC\\vendor\\laravel\\framework\\src\\Illuminate\\Pipeline\\Pipeline.php(208): Illuminate\\Http\\Middleware\\HandleCors->handle(Object(Illuminate\\Http\\Request), Object(Closure))
#38 D:\\development\\CollaborateAgenToC\\AgentC\\vendor\\laravel\\framework\\src\\Illuminate\\Http\\Middleware\\TrustProxies.php(58): Illuminate\\Pipeline\\Pipeline->{closure:{closure:Illuminate\\Pipeline\\Pipeline::carry():183}:184}(Object(Illuminate\\Http\\Request))
#39 D:\\development\\CollaborateAgenToC\\AgentC\\vendor\\laravel\\framework\\src\\Illuminate\\Pipeline\\Pipeline.php(208): Illuminate\\Http\\Middleware\\TrustProxies->handle(Object(Illuminate\\Http\\Request), Object(Closure))
#40 D:\\development\\CollaborateAgenToC\\AgentC\\vendor\\laravel\\framework\\src\\Illuminate\\Foundation\\Http\\Middleware\\InvokeDeferredCallbacks.php(22): Illuminate\\Pipeline\\Pipeline->{closure:{closure:Illuminate\\Pipeline\\Pipeline::carry():183}:184}(Object(Illuminate\\Http\\Request))
#41 D:\\development\\CollaborateAgenToC\\AgentC\\vendor\\laravel\\framework\\src\\Illuminate\\Pipeline\\Pipeline.php(208): Illuminate\\Foundation\\Http\\Middleware\\InvokeDeferredCallbacks->handle(Object(Illuminate\\Http\\Request), Object(Closure))
#42 D:\\development\\CollaborateAgenToC\\AgentC\\vendor\\laravel\\framework\\src\\Illuminate\\Http\\Middleware\\ValidatePathEncoding.php(26): Illuminate\\Pipeline\\Pipeline->{closure:{closure:Illuminate\\Pipeline\\Pipeline::carry():183}:184}(Object(Illuminate\\Http\\Request))
#43 D:\\development\\CollaborateAgenToC\\AgentC\\vendor\\laravel\\framework\\src\\Illuminate\\Pipeline\\Pipeline.php(208): Illuminate\\Http\\Middleware\\ValidatePathEncoding->handle(Object(Illuminate\\Http\\Request), Object(Closure))
#44 D:\\development\\CollaborateAgenToC\\AgentC\\vendor\\laravel\\framework\\src\\Illuminate\\Pipeline\\Pipeline.php(126): Illuminate\\Pipeline\\Pipeline->{closure:{closure:Illuminate\\Pipeline\\Pipeline::carry():183}:184}(Object(Illuminate\\Http\\Request))
#45 D:\\development\\CollaborateAgenToC\\AgentC\\vendor\\laravel\\framework\\src\\Illuminate\\Foundation\\Http\\Kernel.php(175): Illuminate\\Pipeline\\Pipeline->then(Object(Closure))
#46 D:\\development\\CollaborateAgenToC\\AgentC\\vendor\\laravel\\framework\\src\\Illuminate\\Foundation\\Http\\Kernel.php(144): Illuminate\\Foundation\\Http\\Kernel->sendRequestThroughRouter(Object(Illuminate\\Http\\Request))
#47 D:\\development\\CollaborateAgenToC\\AgentC\\vendor\\laravel\\framework\\src\\Illuminate\\Foundation\\Application.php(1219): Illuminate\\Foundation\\Http\\Kernel->handle(Object(Illuminate\\Http\\Request))
#48 D:\\development\\CollaborateAgenToC\\AgentC\\public\\index.php(20): Illuminate\\Foundation\\Application->handleRequest(Object(Illuminate\\Http\\Request))
#49 D:\\development\\CollaborateAgenToC\\AgentC\\vendor\\laravel\\framework\\src\\Illuminate\\Foundation\\resources\\server.php(23): require_once('D:\\\\development\\\\...')
#50 {main}"} 
[2025-08-29 10:25:50] Development.INFO: Processed data: {"full_name":"Achmad Saepudin","email":"achmad.saepudin21@gmail.com","title":"sdada","description":"dad","card_number":"4111111111111111","product_code":"GD-2310","due_date":"2025-08-29 10:25:00","product_group_name":"Visual Graphic Design","price":"230000","uploaded_files":["/assets/media/task/1756437950_KK.jpeg"]} 
[2025-08-29 10:25:50] Development.INFO: Begin TransactionImpl.checkout  
[2025-08-29 10:25:50] Development.INFO: Begin AuthImpl.register() call{"full_name":"Achmad Saepudin","email":"achmad.saepudin21@gmail.com","title":"sdada","description":"dad","card_number":"4111111111111111","product_code":"GD-2310","due_date":"2025-08-29 10:25:00","product_group_name":"Visual Graphic Design","price":"230000","uploaded_files":["\/assets\/media\/task\/1756437950_KK.jpeg"],"role":"client","password":"uniq123","skills":"","tag_line":"","username":"achmad.saepudin21@gmail.com"}  
[2025-08-29 10:25:50] Development.INFO: Browser Log: {"message":{"full_name":"Achmad Saepudin","email":"achmad.saepudin21@gmail.com","title":"sdada","description":"dad","card_number":"4111111111111111","product_code":"GD-2310","due_date":"2025-08-29 10:25:00","product_group_name":"Visual Graphic Design","price":"230000","uploaded_files":["/assets/media/task/1756437950_KK.jpeg"],"role":"client","password":"uniq123","skills":"","tag_line":"","username":"achmad.saepudin21@gmail.com"},"data":"Begin AuthImpl.register() call"} 
[2025-08-29 10:25:50] Development.INFO: Browser Log: {"message":{"full_name":"Achmad Saepudin","email":"achmad.saepudin21@gmail.com","title":"sdada","description":"dad","card_number":"4111111111111111","product_code":"GD-2310","due_date":"2025-08-29 10:25:00","product_group_name":"Visual Graphic Design","price":"230000","uploaded_files":["/assets/media/task/1756437950_KK.jpeg"],"role":"client","password":"uniq123","skills":"","tag_line":"","username":"achmad.saepudin21@gmail.com"},"data":"Register User role: RUSER"} 
[2025-08-29 10:25:50] Development.INFO: userDetail {"\u0000*\u0000connection":"sqlite","\u0000*\u0000table":"user_detail","\u0000*\u0000primaryKey":"id","\u0000*\u0000keyType":"int","incrementing":true,"\u0000*\u0000with":[],"\u0000*\u0000withCount":[],"preventsLazyLoading":false,"\u0000*\u0000perPage":15,"exists":true,"wasRecentlyCreated":true,"\u0000*\u0000escapeWhenCastingToString":false,"\u0000*\u0000attributes":{"user_detail_id":"UD-1793-2908","full_name":"Achmad Saepudin","skills":"","tag_line":"","credit_number":"4111111111111111","updated_at":"2025-08-29 10:25:50","created_at":"2025-08-29 10:25:50","id":5},"\u0000*\u0000original":{"user_detail_id":"UD-1793-2908","full_name":"Achmad Saepudin","skills":"","tag_line":"","credit_number":"4111111111111111","updated_at":"2025-08-29 10:25:50","created_at":"2025-08-29 10:25:50","id":5},"\u0000*\u0000changes":[],"\u0000*\u0000previous":[],"\u0000*\u0000casts":[],"\u0000*\u0000classCastCache":[],"\u0000*\u0000attributeCastCache":[],"\u0000*\u0000dateFormat":null,"\u0000*\u0000appends":[],"\u0000*\u0000dispatchesEvents":[],"\u0000*\u0000observables":[],"\u0000*\u0000relations":[],"\u0000*\u0000touches":[],"\u0000*\u0000relationAutoloadCallback":null,"\u0000*\u0000relationAutoloadContext":null,"timestamps":true,"usesUniqueIds":false,"\u0000*\u0000hidden":[],"\u0000*\u0000visible":[],"\u0000*\u0000fillable":["user_detail_id","full_name","skills","tag_line","address_detail","phone_number","postal_code","credit_number","balance_coins"],"\u0000*\u0000guarded":["*"]} 
[2025-08-29 10:25:50] Development.INFO: Browser Log: {"message":"after db insert","data":{"App\\Models\\Users\\User":{"user_detail_id":"UD-1793-2908","username":"achmad.saepudin21@gmail.com","email":"achmad.saepudin21@gmail.com","email_verified_at":"2025-08-29T03:25:50.000000Z","updated_at":"2025-08-29T03:25:50.000000Z","created_at":"2025-08-29T03:25:50.000000Z","id":5}}} 
[2025-08-29 10:25:50] Development.ERROR: SQLSTATE[HY000]: General error: 1 no such column: transactions.product_id (Connection: sqlite, SQL: select "transactions".*, "products".* from "transactions" inner join "products" on "transactions"."product_id" = "products"."product_code" where "transactions"."id" = INV-9759 limit 1) {"exception":"[object] (Illuminate\\Database\\QueryException(code: HY000): SQLSTATE[HY000]: General error: 1 no such column: transactions.product_id (Connection: sqlite, SQL: select \"transactions\".*, \"products\".* from \"transactions\" inner join \"products\" on \"transactions\".\"product_id\" = \"products\".\"product_code\" where \"transactions\".\"id\" = INV-9759 limit 1) at D:\\development\\CollaborateAgenToC\\AgentC\\vendor\\laravel\\framework\\src\\Illuminate\\Database\\Connection.php:822)
[stacktrace]
#0 D:\\development\\CollaborateAgenToC\\AgentC\\vendor\\laravel\\framework\\src\\Illuminate\\Database\\Connection.php(776): Illuminate\\Database\\Connection->runQueryCallback('select \"transac...', Array, Object(Closure))
#1 D:\\development\\CollaborateAgenToC\\AgentC\\vendor\\laravel\\framework\\src\\Illuminate\\Database\\Connection.php(395): Illuminate\\Database\\Connection->run('select \"transac...', Array, Object(Closure))
#2 D:\\development\\CollaborateAgenToC\\AgentC\\vendor\\laravel\\framework\\src\\Illuminate\\Database\\Query\\Builder.php(3131): Illuminate\\Database\\Connection->select('select \"transac...', Array, true)
#3 D:\\development\\CollaborateAgenToC\\AgentC\\vendor\\laravel\\framework\\src\\Illuminate\\Database\\Query\\Builder.php(3116): Illuminate\\Database\\Query\\Builder->runSelect()
#4 D:\\development\\CollaborateAgenToC\\AgentC\\vendor\\laravel\\framework\\src\\Illuminate\\Database\\Query\\Builder.php(3706): Illuminate\\Database\\Query\\Builder->{closure:Illuminate\\Database\\Query\\Builder::get():3115}()
#5 D:\\development\\CollaborateAgenToC\\AgentC\\vendor\\laravel\\framework\\src\\Illuminate\\Database\\Query\\Builder.php(3115): Illuminate\\Database\\Query\\Builder->onceWithColumns(Array, Object(Closure))
#6 D:\\development\\CollaborateAgenToC\\AgentC\\vendor\\laravel\\framework\\src\\Illuminate\\Database\\Concerns\\BuildsQueries.php(366): Illuminate\\Database\\Query\\Builder->get(Array)
#7 D:\\development\\CollaborateAgenToC\\AgentC\\app\\Http\\Controllers\\TransactionsController.php(157): Illuminate\\Database\\Query\\Builder->first()
#8 D:\\development\\CollaborateAgenToC\\AgentC\\vendor\\laravel\\framework\\src\\Illuminate\\Routing\\ControllerDispatcher.php(46): App\\Http\\Controllers\\TransactionsController->receipt('INV-9759')
#9 D:\\development\\CollaborateAgenToC\\AgentC\\vendor\\laravel\\framework\\src\\Illuminate\\Routing\\Route.php(265): Illuminate\\Routing\\ControllerDispatcher->dispatch(Object(Illuminate\\Routing\\Route), Object(App\\Http\\Controllers\\TransactionsController), 'receipt')
#10 D:\\development\\CollaborateAgenToC\\AgentC\\vendor\\laravel\\framework\\src\\Illuminate\\Routing\\Route.php(211): Illuminate\\Routing\\Route->runController()
#11 D:\\development\\CollaborateAgenToC\\AgentC\\vendor\\laravel\\framework\\src\\Illuminate\\Routing\\Router.php(808): Illuminate\\Routing\\Route->run()
#12 D:\\development\\CollaborateAgenToC\\AgentC\\vendor\\laravel\\framework\\src\\Illuminate\\Pipeline\\Pipeline.php(169): Illuminate\\Routing\\Router->{closure:Illuminate\\Routing\\Router::runRouteWithinStack():807}(Object(Illuminate\\Http\\Request))
#13 D:\\development\\CollaborateAgenToC\\AgentC\\vendor\\laravel\\framework\\src\\Illuminate\\Routing\\Middleware\\SubstituteBindings.php(50): Illuminate\\Pipeline\\Pipeline->{closure:Illuminate\\Pipeline\\Pipeline::prepareDestination():167}(Object(Illuminate\\Http\\Request))
#14 D:\\development\\CollaborateAgenToC\\AgentC\\vendor\\laravel\\framework\\src\\Illuminate\\Pipeline\\Pipeline.php(208): Illuminate\\Routing\\Middleware\\SubstituteBindings->handle(Object(Illuminate\\Http\\Request), Object(Closure))
#15 D:\\development\\CollaborateAgenToC\\AgentC\\vendor\\laravel\\framework\\src\\Illuminate\\Foundation\\Http\\Middleware\\VerifyCsrfToken.php(87): Illuminate\\Pipeline\\Pipeline->{closure:{closure:Illuminate\\Pipeline\\Pipeline::carry():183}:184}(Object(Illuminate\\Http\\Request))
#16 D:\\development\\CollaborateAgenToC\\AgentC\\vendor\\laravel\\framework\\src\\Illuminate\\Pipeline\\Pipeline.php(208): Illuminate\\Foundation\\Http\\Middleware\\VerifyCsrfToken->handle(Object(Illuminate\\Http\\Request), Object(Closure))
#17 D:\\development\\CollaborateAgenToC\\AgentC\\vendor\\laravel\\framework\\src\\Illuminate\\View\\Middleware\\ShareErrorsFromSession.php(48): Illuminate\\Pipeline\\Pipeline->{closure:{closure:Illuminate\\Pipeline\\Pipeline::carry():183}:184}(Object(Illuminate\\Http\\Request))
#18 D:\\development\\CollaborateAgenToC\\AgentC\\vendor\\laravel\\framework\\src\\Illuminate\\Pipeline\\Pipeline.php(208): Illuminate\\View\\Middleware\\ShareErrorsFromSession->handle(Object(Illuminate\\Http\\Request), Object(Closure))
#19 D:\\development\\CollaborateAgenToC\\AgentC\\vendor\\laravel\\framework\\src\\Illuminate\\Session\\Middleware\\StartSession.php(120): Illuminate\\Pipeline\\Pipeline->{closure:{closure:Illuminate\\Pipeline\\Pipeline::carry():183}:184}(Object(Illuminate\\Http\\Request))
#20 D:\\development\\CollaborateAgenToC\\AgentC\\vendor\\laravel\\framework\\src\\Illuminate\\Session\\Middleware\\StartSession.php(63): Illuminate\\Session\\Middleware\\StartSession->handleStatefulRequest(Object(Illuminate\\Http\\Request), Object(Illuminate\\Session\\Store), Object(Closure))
#21 D:\\development\\CollaborateAgenToC\\AgentC\\vendor\\laravel\\framework\\src\\Illuminate\\Pipeline\\Pipeline.php(208): Illuminate\\Session\\Middleware\\StartSession->handle(Object(Illuminate\\Http\\Request), Object(Closure))
#22 D:\\development\\CollaborateAgenToC\\AgentC\\vendor\\laravel\\framework\\src\\Illuminate\\Cookie\\Middleware\\AddQueuedCookiesToResponse.php(36): Illuminate\\Pipeline\\Pipeline->{closure:{closure:Illuminate\\Pipeline\\Pipeline::carry():183}:184}(Object(Illuminate\\Http\\Request))
#23 D:\\development\\CollaborateAgenToC\\AgentC\\vendor\\laravel\\framework\\src\\Illuminate\\Pipeline\\Pipeline.php(208): Illuminate\\Cookie\\Middleware\\AddQueuedCookiesToResponse->handle(Object(Illuminate\\Http\\Request), Object(Closure))
#24 D:\\development\\CollaborateAgenToC\\AgentC\\vendor\\laravel\\framework\\src\\Illuminate\\Cookie\\Middleware\\EncryptCookies.php(74): Illuminate\\Pipeline\\Pipeline->{closure:{closure:Illuminate\\Pipeline\\Pipeline::carry():183}:184}(Object(Illuminate\\Http\\Request))
#25 D:\\development\\CollaborateAgenToC\\AgentC\\vendor\\laravel\\framework\\src\\Illuminate\\Pipeline\\Pipeline.php(208): Illuminate\\Cookie\\Middleware\\EncryptCookies->handle(Object(Illuminate\\Http\\Request), Object(Closure))
#26 D:\\development\\CollaborateAgenToC\\AgentC\\vendor\\laravel\\framework\\src\\Illuminate\\Pipeline\\Pipeline.php(126): Illuminate\\Pipeline\\Pipeline->{closure:{closure:Illuminate\\Pipeline\\Pipeline::carry():183}:184}(Object(Illuminate\\Http\\Request))
#27 D:\\development\\CollaborateAgenToC\\AgentC\\vendor\\laravel\\framework\\src\\Illuminate\\Routing\\Router.php(807): Illuminate\\Pipeline\\Pipeline->then(Object(Closure))
#28 D:\\development\\CollaborateAgenToC\\AgentC\\vendor\\laravel\\framework\\src\\Illuminate\\Routing\\Router.php(786): Illuminate\\Routing\\Router->runRouteWithinStack(Object(Illuminate\\Routing\\Route), Object(Illuminate\\Http\\Request))
#29 D:\\development\\CollaborateAgenToC\\AgentC\\vendor\\laravel\\framework\\src\\Illuminate\\Routing\\Router.php(750): Illuminate\\Routing\\Router->runRoute(Object(Illuminate\\Http\\Request), Object(Illuminate\\Routing\\Route))
#30 D:\\development\\CollaborateAgenToC\\AgentC\\vendor\\laravel\\framework\\src\\Illuminate\\Routing\\Router.php(739): Illuminate\\Routing\\Router->dispatchToRoute(Object(Illuminate\\Http\\Request))
#31 D:\\development\\CollaborateAgenToC\\AgentC\\vendor\\laravel\\framework\\src\\Illuminate\\Foundation\\Http\\Kernel.php(200): Illuminate\\Routing\\Router->dispatch(Object(Illuminate\\Http\\Request))
#32 D:\\development\\CollaborateAgenToC\\AgentC\\vendor\\laravel\\framework\\src\\Illuminate\\Pipeline\\Pipeline.php(169): Illuminate\\Foundation\\Http\\Kernel->{closure:Illuminate\\Foundation\\Http\\Kernel::dispatchToRouter():197}(Object(Illuminate\\Http\\Request))
#33 D:\\development\\CollaborateAgenToC\\AgentC\\vendor\\laravel\\framework\\src\\Illuminate\\Foundation\\Http\\Middleware\\TransformsRequest.php(21): Illuminate\\Pipeline\\Pipeline->{closure:Illuminate\\Pipeline\\Pipeline::prepareDestination():167}(Object(Illuminate\\Http\\Request))
#34 D:\\development\\CollaborateAgenToC\\AgentC\\vendor\\laravel\\framework\\src\\Illuminate\\Foundation\\Http\\Middleware\\ConvertEmptyStringsToNull.php(31): Illuminate\\Foundation\\Http\\Middleware\\TransformsRequest->handle(Object(Illuminate\\Http\\Request), Object(Closure))
#35 D:\\development\\CollaborateAgenToC\\AgentC\\vendor\\laravel\\framework\\src\\Illuminate\\Pipeline\\Pipeline.php(208): Illuminate\\Foundation\\Http\\Middleware\\ConvertEmptyStringsToNull->handle(Object(Illuminate\\Http\\Request), Object(Closure))
#36 D:\\development\\CollaborateAgenToC\\AgentC\\vendor\\laravel\\framework\\src\\Illuminate\\Foundation\\Http\\Middleware\\TransformsRequest.php(21): Illuminate\\Pipeline\\Pipeline->{closure:{closure:Illuminate\\Pipeline\\Pipeline::carry():183}:184}(Object(Illuminate\\Http\\Request))
#37 D:\\development\\CollaborateAgenToC\\AgentC\\vendor\\laravel\\framework\\src\\Illuminate\\Foundation\\Http\\Middleware\\TrimStrings.php(51): Illuminate\\Foundation\\Http\\Middleware\\TransformsRequest->handle(Object(Illuminate\\Http\\Request), Object(Closure))
#38 D:\\development\\CollaborateAgenToC\\AgentC\\vendor\\laravel\\framework\\src\\Illuminate\\Pipeline\\Pipeline.php(208): Illuminate\\Foundation\\Http\\Middleware\\TrimStrings->handle(Object(Illuminate\\Http\\Request), Object(Closure))
#39 D:\\development\\CollaborateAgenToC\\AgentC\\vendor\\laravel\\framework\\src\\Illuminate\\Http\\Middleware\\ValidatePostSize.php(27): Illuminate\\Pipeline\\Pipeline->{closure:{closure:Illuminate\\Pipeline\\Pipeline::carry():183}:184}(Object(Illuminate\\Http\\Request))
#40 D:\\development\\CollaborateAgenToC\\AgentC\\vendor\\laravel\\framework\\src\\Illuminate\\Pipeline\\Pipeline.php(208): Illuminate\\Http\\Middleware\\ValidatePostSize->handle(Object(Illuminate\\Http\\Request), Object(Closure))
#41 D:\\development\\CollaborateAgenToC\\AgentC\\vendor\\laravel\\framework\\src\\Illuminate\\Foundation\\Http\\Middleware\\PreventRequestsDuringMaintenance.php(109): Illuminate\\Pipeline\\Pipeline->{closure:{closure:Illuminate\\Pipeline\\Pipeline::carry():183}:184}(Object(Illuminate\\Http\\Request))
#42 D:\\development\\CollaborateAgenToC\\AgentC\\vendor\\laravel\\framework\\src\\Illuminate\\Pipeline\\Pipeline.php(208): Illuminate\\Foundation\\Http\\Middleware\\PreventRequestsDuringMaintenance->handle(Object(Illuminate\\Http\\Request), Object(Closure))
#43 D:\\development\\CollaborateAgenToC\\AgentC\\vendor\\laravel\\framework\\src\\Illuminate\\Http\\Middleware\\HandleCors.php(48): Illuminate\\Pipeline\\Pipeline->{closure:{closure:Illuminate\\Pipeline\\Pipeline::carry():183}:184}(Object(Illuminate\\Http\\Request))
#44 D:\\development\\CollaborateAgenToC\\AgentC\\vendor\\laravel\\framework\\src\\Illuminate\\Pipeline\\Pipeline.php(208): Illuminate\\Http\\Middleware\\HandleCors->handle(Object(Illuminate\\Http\\Request), Object(Closure))
#45 D:\\development\\CollaborateAgenToC\\AgentC\\vendor\\laravel\\framework\\src\\Illuminate\\Http\\Middleware\\TrustProxies.php(58): Illuminate\\Pipeline\\Pipeline->{closure:{closure:Illuminate\\Pipeline\\Pipeline::carry():183}:184}(Object(Illuminate\\Http\\Request))
#46 D:\\development\\CollaborateAgenToC\\AgentC\\vendor\\laravel\\framework\\src\\Illuminate\\Pipeline\\Pipeline.php(208): Illuminate\\Http\\Middleware\\TrustProxies->handle(Object(Illuminate\\Http\\Request), Object(Closure))
#47 D:\\development\\CollaborateAgenToC\\AgentC\\vendor\\laravel\\framework\\src\\Illuminate\\Foundation\\Http\\Middleware\\InvokeDeferredCallbacks.php(22): Illuminate\\Pipeline\\Pipeline->{closure:{closure:Illuminate\\Pipeline\\Pipeline::carry():183}:184}(Object(Illuminate\\Http\\Request))
#48 D:\\development\\CollaborateAgenToC\\AgentC\\vendor\\laravel\\framework\\src\\Illuminate\\Pipeline\\Pipeline.php(208): Illuminate\\Foundation\\Http\\Middleware\\InvokeDeferredCallbacks->handle(Object(Illuminate\\Http\\Request), Object(Closure))
#49 D:\\development\\CollaborateAgenToC\\AgentC\\vendor\\laravel\\framework\\src\\Illuminate\\Http\\Middleware\\ValidatePathEncoding.php(26): Illuminate\\Pipeline\\Pipeline->{closure:{closure:Illuminate\\Pipeline\\Pipeline::carry():183}:184}(Object(Illuminate\\Http\\Request))
#50 D:\\development\\CollaborateAgenToC\\AgentC\\vendor\\laravel\\framework\\src\\Illuminate\\Pipeline\\Pipeline.php(208): Illuminate\\Http\\Middleware\\ValidatePathEncoding->handle(Object(Illuminate\\Http\\Request), Object(Closure))
#51 D:\\development\\CollaborateAgenToC\\AgentC\\vendor\\laravel\\framework\\src\\Illuminate\\Pipeline\\Pipeline.php(126): Illuminate\\Pipeline\\Pipeline->{closure:{closure:Illuminate\\Pipeline\\Pipeline::carry():183}:184}(Object(Illuminate\\Http\\Request))
#52 D:\\development\\CollaborateAgenToC\\AgentC\\vendor\\laravel\\framework\\src\\Illuminate\\Foundation\\Http\\Kernel.php(175): Illuminate\\Pipeline\\Pipeline->then(Object(Closure))
#53 D:\\development\\CollaborateAgenToC\\AgentC\\vendor\\laravel\\framework\\src\\Illuminate\\Foundation\\Http\\Kernel.php(144): Illuminate\\Foundation\\Http\\Kernel->sendRequestThroughRouter(Object(Illuminate\\Http\\Request))
#54 D:\\development\\CollaborateAgenToC\\AgentC\\vendor\\laravel\\framework\\src\\Illuminate\\Foundation\\Application.php(1219): Illuminate\\Foundation\\Http\\Kernel->handle(Object(Illuminate\\Http\\Request))
#55 D:\\development\\CollaborateAgenToC\\AgentC\\public\\index.php(20): Illuminate\\Foundation\\Application->handleRequest(Object(Illuminate\\Http\\Request))
#56 D:\\development\\CollaborateAgenToC\\AgentC\\vendor\\laravel\\framework\\src\\Illuminate\\Foundation\\resources\\server.php(23): require_once('D:\\\\development\\\\...')
#57 {main}

[previous exception] [object] (PDOException(code: HY000): SQLSTATE[HY000]: General error: 1 no such column: transactions.product_id at D:\\development\\CollaborateAgenToC\\AgentC\\vendor\\laravel\\framework\\src\\Illuminate\\Database\\Connection.php:404)
[stacktrace]
#0 D:\\development\\CollaborateAgenToC\\AgentC\\vendor\\laravel\\framework\\src\\Illuminate\\Database\\Connection.php(404): PDO->prepare('select \"transac...')
#1 D:\\development\\CollaborateAgenToC\\AgentC\\vendor\\laravel\\framework\\src\\Illuminate\\Database\\Connection.php(809): Illuminate\\Database\\Connection->{closure:Illuminate\\Database\\Connection::select():395}('select \"transac...', Array)
#2 D:\\development\\CollaborateAgenToC\\AgentC\\vendor\\laravel\\framework\\src\\Illuminate\\Database\\Connection.php(776): Illuminate\\Database\\Connection->runQueryCallback('select \"transac...', Array, Object(Closure))
#3 D:\\development\\CollaborateAgenToC\\AgentC\\vendor\\laravel\\framework\\src\\Illuminate\\Database\\Connection.php(395): Illuminate\\Database\\Connection->run('select \"transac...', Array, Object(Closure))
#4 D:\\development\\CollaborateAgenToC\\AgentC\\vendor\\laravel\\framework\\src\\Illuminate\\Database\\Query\\Builder.php(3131): Illuminate\\Database\\Connection->select('select \"transac...', Array, true)
#5 D:\\development\\CollaborateAgenToC\\AgentC\\vendor\\laravel\\framework\\src\\Illuminate\\Database\\Query\\Builder.php(3116): Illuminate\\Database\\Query\\Builder->runSelect()
#6 D:\\development\\CollaborateAgenToC\\AgentC\\vendor\\laravel\\framework\\src\\Illuminate\\Database\\Query\\Builder.php(3706): Illuminate\\Database\\Query\\Builder->{closure:Illuminate\\Database\\Query\\Builder::get():3115}()
#7 D:\\development\\CollaborateAgenToC\\AgentC\\vendor\\laravel\\framework\\src\\Illuminate\\Database\\Query\\Builder.php(3115): Illuminate\\Database\\Query\\Builder->onceWithColumns(Array, Object(Closure))
#8 D:\\development\\CollaborateAgenToC\\AgentC\\vendor\\laravel\\framework\\src\\Illuminate\\Database\\Concerns\\BuildsQueries.php(366): Illuminate\\Database\\Query\\Builder->get(Array)
#9 D:\\development\\CollaborateAgenToC\\AgentC\\app\\Http\\Controllers\\TransactionsController.php(157): Illuminate\\Database\\Query\\Builder->first()
#10 D:\\development\\CollaborateAgenToC\\AgentC\\vendor\\laravel\\framework\\src\\Illuminate\\Routing\\ControllerDispatcher.php(46): App\\Http\\Controllers\\TransactionsController->receipt('INV-9759')
#11 D:\\development\\CollaborateAgenToC\\AgentC\\vendor\\laravel\\framework\\src\\Illuminate\\Routing\\Route.php(265): Illuminate\\Routing\\ControllerDispatcher->dispatch(Object(Illuminate\\Routing\\Route), Object(App\\Http\\Controllers\\TransactionsController), 'receipt')
#12 D:\\development\\CollaborateAgenToC\\AgentC\\vendor\\laravel\\framework\\src\\Illuminate\\Routing\\Route.php(211): Illuminate\\Routing\\Route->runController()
#13 D:\\development\\CollaborateAgenToC\\AgentC\\vendor\\laravel\\framework\\src\\Illuminate\\Routing\\Router.php(808): Illuminate\\Routing\\Route->run()
#14 D:\\development\\CollaborateAgenToC\\AgentC\\vendor\\laravel\\framework\\src\\Illuminate\\Pipeline\\Pipeline.php(169): Illuminate\\Routing\\Router->{closure:Illuminate\\Routing\\Router::runRouteWithinStack():807}(Object(Illuminate\\Http\\Request))
#15 D:\\development\\CollaborateAgenToC\\AgentC\\vendor\\laravel\\framework\\src\\Illuminate\\Routing\\Middleware\\SubstituteBindings.php(50): Illuminate\\Pipeline\\Pipeline->{closure:Illuminate\\Pipeline\\Pipeline::prepareDestination():167}(Object(Illuminate\\Http\\Request))
#16 D:\\development\\CollaborateAgenToC\\AgentC\\vendor\\laravel\\framework\\src\\Illuminate\\Pipeline\\Pipeline.php(208): Illuminate\\Routing\\Middleware\\SubstituteBindings->handle(Object(Illuminate\\Http\\Request), Object(Closure))
#17 D:\\development\\CollaborateAgenToC\\AgentC\\vendor\\laravel\\framework\\src\\Illuminate\\Foundation\\Http\\Middleware\\VerifyCsrfToken.php(87): Illuminate\\Pipeline\\Pipeline->{closure:{closure:Illuminate\\Pipeline\\Pipeline::carry():183}:184}(Object(Illuminate\\Http\\Request))
#18 D:\\development\\CollaborateAgenToC\\AgentC\\vendor\\laravel\\framework\\src\\Illuminate\\Pipeline\\Pipeline.php(208): Illuminate\\Foundation\\Http\\Middleware\\VerifyCsrfToken->handle(Object(Illuminate\\Http\\Request), Object(Closure))
#19 D:\\development\\CollaborateAgenToC\\AgentC\\vendor\\laravel\\framework\\src\\Illuminate\\View\\Middleware\\ShareErrorsFromSession.php(48): Illuminate\\Pipeline\\Pipeline->{closure:{closure:Illuminate\\Pipeline\\Pipeline::carry():183}:184}(Object(Illuminate\\Http\\Request))
#20 D:\\development\\CollaborateAgenToC\\AgentC\\vendor\\laravel\\framework\\src\\Illuminate\\Pipeline\\Pipeline.php(208): Illuminate\\View\\Middleware\\ShareErrorsFromSession->handle(Object(Illuminate\\Http\\Request), Object(Closure))
#21 D:\\development\\CollaborateAgenToC\\AgentC\\vendor\\laravel\\framework\\src\\Illuminate\\Session\\Middleware\\StartSession.php(120): Illuminate\\Pipeline\\Pipeline->{closure:{closure:Illuminate\\Pipeline\\Pipeline::carry():183}:184}(Object(Illuminate\\Http\\Request))
#22 D:\\development\\CollaborateAgenToC\\AgentC\\vendor\\laravel\\framework\\src\\Illuminate\\Session\\Middleware\\StartSession.php(63): Illuminate\\Session\\Middleware\\StartSession->handleStatefulRequest(Object(Illuminate\\Http\\Request), Object(Illuminate\\Session\\Store), Object(Closure))
#23 D:\\development\\CollaborateAgenToC\\AgentC\\vendor\\laravel\\framework\\src\\Illuminate\\Pipeline\\Pipeline.php(208): Illuminate\\Session\\Middleware\\StartSession->handle(Object(Illuminate\\Http\\Request), Object(Closure))
#24 D:\\development\\CollaborateAgenToC\\AgentC\\vendor\\laravel\\framework\\src\\Illuminate\\Cookie\\Middleware\\AddQueuedCookiesToResponse.php(36): Illuminate\\Pipeline\\Pipeline->{closure:{closure:Illuminate\\Pipeline\\Pipeline::carry():183}:184}(Object(Illuminate\\Http\\Request))
#25 D:\\development\\CollaborateAgenToC\\AgentC\\vendor\\laravel\\framework\\src\\Illuminate\\Pipeline\\Pipeline.php(208): Illuminate\\Cookie\\Middleware\\AddQueuedCookiesToResponse->handle(Object(Illuminate\\Http\\Request), Object(Closure))
#26 D:\\development\\CollaborateAgenToC\\AgentC\\vendor\\laravel\\framework\\src\\Illuminate\\Cookie\\Middleware\\EncryptCookies.php(74): Illuminate\\Pipeline\\Pipeline->{closure:{closure:Illuminate\\Pipeline\\Pipeline::carry():183}:184}(Object(Illuminate\\Http\\Request))
#27 D:\\development\\CollaborateAgenToC\\AgentC\\vendor\\laravel\\framework\\src\\Illuminate\\Pipeline\\Pipeline.php(208): Illuminate\\Cookie\\Middleware\\EncryptCookies->handle(Object(Illuminate\\Http\\Request), Object(Closure))
#28 D:\\development\\CollaborateAgenToC\\AgentC\\vendor\\laravel\\framework\\src\\Illuminate\\Pipeline\\Pipeline.php(126): Illuminate\\Pipeline\\Pipeline->{closure:{closure:Illuminate\\Pipeline\\Pipeline::carry():183}:184}(Object(Illuminate\\Http\\Request))
#29 D:\\development\\CollaborateAgenToC\\AgentC\\vendor\\laravel\\framework\\src\\Illuminate\\Routing\\Router.php(807): Illuminate\\Pipeline\\Pipeline->then(Object(Closure))
#30 D:\\development\\CollaborateAgenToC\\AgentC\\vendor\\laravel\\framework\\src\\Illuminate\\Routing\\Router.php(786): Illuminate\\Routing\\Router->runRouteWithinStack(Object(Illuminate\\Routing\\Route), Object(Illuminate\\Http\\Request))
#31 D:\\development\\CollaborateAgenToC\\AgentC\\vendor\\laravel\\framework\\src\\Illuminate\\Routing\\Router.php(750): Illuminate\\Routing\\Router->runRoute(Object(Illuminate\\Http\\Request), Object(Illuminate\\Routing\\Route))
#32 D:\\development\\CollaborateAgenToC\\AgentC\\vendor\\laravel\\framework\\src\\Illuminate\\Routing\\Router.php(739): Illuminate\\Routing\\Router->dispatchToRoute(Object(Illuminate\\Http\\Request))
#33 D:\\development\\CollaborateAgenToC\\AgentC\\vendor\\laravel\\framework\\src\\Illuminate\\Foundation\\Http\\Kernel.php(200): Illuminate\\Routing\\Router->dispatch(Object(Illuminate\\Http\\Request))
#34 D:\\development\\CollaborateAgenToC\\AgentC\\vendor\\laravel\\framework\\src\\Illuminate\\Pipeline\\Pipeline.php(169): Illuminate\\Foundation\\Http\\Kernel->{closure:Illuminate\\Foundation\\Http\\Kernel::dispatchToRouter():197}(Object(Illuminate\\Http\\Request))
#35 D:\\development\\CollaborateAgenToC\\AgentC\\vendor\\laravel\\framework\\src\\Illuminate\\Foundation\\Http\\Middleware\\TransformsRequest.php(21): Illuminate\\Pipeline\\Pipeline->{closure:Illuminate\\Pipeline\\Pipeline::prepareDestination():167}(Object(Illuminate\\Http\\Request))
#36 D:\\development\\CollaborateAgenToC\\AgentC\\vendor\\laravel\\framework\\src\\Illuminate\\Foundation\\Http\\Middleware\\ConvertEmptyStringsToNull.php(31): Illuminate\\Foundation\\Http\\Middleware\\TransformsRequest->handle(Object(Illuminate\\Http\\Request), Object(Closure))
#37 D:\\development\\CollaborateAgenToC\\AgentC\\vendor\\laravel\\framework\\src\\Illuminate\\Pipeline\\Pipeline.php(208): Illuminate\\Foundation\\Http\\Middleware\\ConvertEmptyStringsToNull->handle(Object(Illuminate\\Http\\Request), Object(Closure))
#38 D:\\development\\CollaborateAgenToC\\AgentC\\vendor\\laravel\\framework\\src\\Illuminate\\Foundation\\Http\\Middleware\\TransformsRequest.php(21): Illuminate\\Pipeline\\Pipeline->{closure:{closure:Illuminate\\Pipeline\\Pipeline::carry():183}:184}(Object(Illuminate\\Http\\Request))
#39 D:\\development\\CollaborateAgenToC\\AgentC\\vendor\\laravel\\framework\\src\\Illuminate\\Foundation\\Http\\Middleware\\TrimStrings.php(51): Illuminate\\Foundation\\Http\\Middleware\\TransformsRequest->handle(Object(Illuminate\\Http\\Request), Object(Closure))
#40 D:\\development\\CollaborateAgenToC\\AgentC\\vendor\\laravel\\framework\\src\\Illuminate\\Pipeline\\Pipeline.php(208): Illuminate\\Foundation\\Http\\Middleware\\TrimStrings->handle(Object(Illuminate\\Http\\Request), Object(Closure))
#41 D:\\development\\CollaborateAgenToC\\AgentC\\vendor\\laravel\\framework\\src\\Illuminate\\Http\\Middleware\\ValidatePostSize.php(27): Illuminate\\Pipeline\\Pipeline->{closure:{closure:Illuminate\\Pipeline\\Pipeline::carry():183}:184}(Object(Illuminate\\Http\\Request))
#42 D:\\development\\CollaborateAgenToC\\AgentC\\vendor\\laravel\\framework\\src\\Illuminate\\Pipeline\\Pipeline.php(208): Illuminate\\Http\\Middleware\\ValidatePostSize->handle(Object(Illuminate\\Http\\Request), Object(Closure))
#43 D:\\development\\CollaborateAgenToC\\AgentC\\vendor\\laravel\\framework\\src\\Illuminate\\Foundation\\Http\\Middleware\\PreventRequestsDuringMaintenance.php(109): Illuminate\\Pipeline\\Pipeline->{closure:{closure:Illuminate\\Pipeline\\Pipeline::carry():183}:184}(Object(Illuminate\\Http\\Request))
#44 D:\\development\\CollaborateAgenToC\\AgentC\\vendor\\laravel\\framework\\src\\Illuminate\\Pipeline\\Pipeline.php(208): Illuminate\\Foundation\\Http\\Middleware\\PreventRequestsDuringMaintenance->handle(Object(Illuminate\\Http\\Request), Object(Closure))
#45 D:\\development\\CollaborateAgenToC\\AgentC\\vendor\\laravel\\framework\\src\\Illuminate\\Http\\Middleware\\HandleCors.php(48): Illuminate\\Pipeline\\Pipeline->{closure:{closure:Illuminate\\Pipeline\\Pipeline::carry():183}:184}(Object(Illuminate\\Http\\Request))
#46 D:\\development\\CollaborateAgenToC\\AgentC\\vendor\\laravel\\framework\\src\\Illuminate\\Pipeline\\Pipeline.php(208): Illuminate\\Http\\Middleware\\HandleCors->handle(Object(Illuminate\\Http\\Request), Object(Closure))
#47 D:\\development\\CollaborateAgenToC\\AgentC\\vendor\\laravel\\framework\\src\\Illuminate\\Http\\Middleware\\TrustProxies.php(58): Illuminate\\Pipeline\\Pipeline->{closure:{closure:Illuminate\\Pipeline\\Pipeline::carry():183}:184}(Object(Illuminate\\Http\\Request))
#48 D:\\development\\CollaborateAgenToC\\AgentC\\vendor\\laravel\\framework\\src\\Illuminate\\Pipeline\\Pipeline.php(208): Illuminate\\Http\\Middleware\\TrustProxies->handle(Object(Illuminate\\Http\\Request), Object(Closure))
#49 D:\\development\\CollaborateAgenToC\\AgentC\\vendor\\laravel\\framework\\src\\Illuminate\\Foundation\\Http\\Middleware\\InvokeDeferredCallbacks.php(22): Illuminate\\Pipeline\\Pipeline->{closure:{closure:Illuminate\\Pipeline\\Pipeline::carry():183}:184}(Object(Illuminate\\Http\\Request))
#50 D:\\development\\CollaborateAgenToC\\AgentC\\vendor\\laravel\\framework\\src\\Illuminate\\Pipeline\\Pipeline.php(208): Illuminate\\Foundation\\Http\\Middleware\\InvokeDeferredCallbacks->handle(Object(Illuminate\\Http\\Request), Object(Closure))
#51 D:\\development\\CollaborateAgenToC\\AgentC\\vendor\\laravel\\framework\\src\\Illuminate\\Http\\Middleware\\ValidatePathEncoding.php(26): Illuminate\\Pipeline\\Pipeline->{closure:{closure:Illuminate\\Pipeline\\Pipeline::carry():183}:184}(Object(Illuminate\\Http\\Request))
#52 D:\\development\\CollaborateAgenToC\\AgentC\\vendor\\laravel\\framework\\src\\Illuminate\\Pipeline\\Pipeline.php(208): Illuminate\\Http\\Middleware\\ValidatePathEncoding->handle(Object(Illuminate\\Http\\Request), Object(Closure))
#53 D:\\development\\CollaborateAgenToC\\AgentC\\vendor\\laravel\\framework\\src\\Illuminate\\Pipeline\\Pipeline.php(126): Illuminate\\Pipeline\\Pipeline->{closure:{closure:Illuminate\\Pipeline\\Pipeline::carry():183}:184}(Object(Illuminate\\Http\\Request))
#54 D:\\development\\CollaborateAgenToC\\AgentC\\vendor\\laravel\\framework\\src\\Illuminate\\Foundation\\Http\\Kernel.php(175): Illuminate\\Pipeline\\Pipeline->then(Object(Closure))
#55 D:\\development\\CollaborateAgenToC\\AgentC\\vendor\\laravel\\framework\\src\\Illuminate\\Foundation\\Http\\Kernel.php(144): Illuminate\\Foundation\\Http\\Kernel->sendRequestThroughRouter(Object(Illuminate\\Http\\Request))
#56 D:\\development\\CollaborateAgenToC\\AgentC\\vendor\\laravel\\framework\\src\\Illuminate\\Foundation\\Application.php(1219): Illuminate\\Foundation\\Http\\Kernel->handle(Object(Illuminate\\Http\\Request))
#57 D:\\development\\CollaborateAgenToC\\AgentC\\public\\index.php(20): Illuminate\\Foundation\\Application->handleRequest(Object(Illuminate\\Http\\Request))
#58 D:\\development\\CollaborateAgenToC\\AgentC\\vendor\\laravel\\framework\\src\\Illuminate\\Foundation\\resources\\server.php(23): require_once('D:\\\\development\\\\...')
#59 {main}
"} 
[2025-08-29 10:27:18] Development.ERROR: Cannot use App\Models\User as User because the name is already in use {"exception":"[object] (Symfony\\Component\\ErrorHandler\\Error\\FatalError(code: 0): Cannot use App\\Models\\User as User because the name is already in use at D:\\development\\CollaborateAgenToC\\AgentC\\app\\Http\\Controllers\\TransactionsController.php:10)
[stacktrace]
#0 {main}
"} 
[2025-08-29 10:27:19] Development.ERROR: Cannot use App\Models\User as User because the name is already in use {"exception":"[object] (Symfony\\Component\\ErrorHandler\\Error\\FatalError(code: 0): Cannot use App\\Models\\User as User because the name is already in use at D:\\development\\CollaborateAgenToC\\AgentC\\app\\Http\\Controllers\\TransactionsController.php:10)
[stacktrace]
#0 {main}
"} 
[2025-08-29 10:27:34] Development.ERROR: Undefined property: stdClass::$user_id  
[2025-08-29 10:27:36] Development.ERROR: Undefined property: stdClass::$user_id  
[2025-08-29 10:27:55] Development.ERROR: Undefined property: stdClass::$user_id  
[2025-08-29 10:27:56] Development.ERROR: Undefined property: stdClass::$user_id  
[2025-08-29 10:27:56] Development.ERROR: Undefined property: stdClass::$user_id  
[2025-08-29 10:55:13] Development.ERROR: Attempt to read property "first_name" on null (View: D:\development\CollaborateAgenToC\AgentC\resources\views\transaction\receipt.blade.php) {"exception":"[object] (Illuminate\\View\\ViewException(code: 0): Attempt to read property \"first_name\" on null (View: D:\\development\\CollaborateAgenToC\\AgentC\\resources\\views\\transaction\\receipt.blade.php) at D:\\development\\CollaborateAgenToC\\AgentC\\storage\\framework\\views\\a2c19a32c08e629f139836f12dd716ec.php:49)
[stacktrace]
#0 D:\\development\\CollaborateAgenToC\\AgentC\\vendor\\laravel\\framework\\src\\Illuminate\\View\\Engines\\PhpEngine.php(59): Illuminate\\View\\Engines\\CompilerEngine->handleViewException(Object(ErrorException), 0)
#1 D:\\development\\CollaborateAgenToC\\AgentC\\vendor\\laravel\\framework\\src\\Illuminate\\View\\Engines\\CompilerEngine.php(74): Illuminate\\View\\Engines\\PhpEngine->evaluatePath('D:\\\\development\\\\...', Array)
#2 D:\\development\\CollaborateAgenToC\\AgentC\\vendor\\laravel\\framework\\src\\Illuminate\\View\\View.php(208): Illuminate\\View\\Engines\\CompilerEngine->get('D:\\\\development\\\\...', Array)
#3 D:\\development\\CollaborateAgenToC\\AgentC\\vendor\\laravel\\framework\\src\\Illuminate\\View\\View.php(191): Illuminate\\View\\View->getContents()
#4 D:\\development\\CollaborateAgenToC\\AgentC\\vendor\\laravel\\framework\\src\\Illuminate\\View\\View.php(160): Illuminate\\View\\View->renderContents()
#5 D:\\development\\CollaborateAgenToC\\AgentC\\vendor\\laravel\\framework\\src\\Illuminate\\Http\\Response.php(78): Illuminate\\View\\View->render()
#6 D:\\development\\CollaborateAgenToC\\AgentC\\vendor\\laravel\\framework\\src\\Illuminate\\Http\\Response.php(34): Illuminate\\Http\\Response->setContent(Object(Illuminate\\View\\View))
#7 D:\\development\\CollaborateAgenToC\\AgentC\\vendor\\laravel\\framework\\src\\Illuminate\\Routing\\Router.php(924): Illuminate\\Http\\Response->__construct(Object(Illuminate\\View\\View), 200, Array)
#8 D:\\development\\CollaborateAgenToC\\AgentC\\vendor\\laravel\\framework\\src\\Illuminate\\Routing\\Router.php(891): Illuminate\\Routing\\Router::toResponse(Object(Illuminate\\Http\\Request), Object(Illuminate\\View\\View))
#9 D:\\development\\CollaborateAgenToC\\AgentC\\vendor\\laravel\\framework\\src\\Illuminate\\Routing\\Router.php(807): Illuminate\\Routing\\Router->prepareResponse(Object(Illuminate\\Http\\Request), Object(Illuminate\\View\\View))
#10 D:\\development\\CollaborateAgenToC\\AgentC\\vendor\\laravel\\framework\\src\\Illuminate\\Pipeline\\Pipeline.php(169): Illuminate\\Routing\\Router->{closure:Illuminate\\Routing\\Router::runRouteWithinStack():807}(Object(Illuminate\\Http\\Request))
#11 D:\\development\\CollaborateAgenToC\\AgentC\\vendor\\laravel\\framework\\src\\Illuminate\\Routing\\Middleware\\SubstituteBindings.php(50): Illuminate\\Pipeline\\Pipeline->{closure:Illuminate\\Pipeline\\Pipeline::prepareDestination():167}(Object(Illuminate\\Http\\Request))
#12 D:\\development\\CollaborateAgenToC\\AgentC\\vendor\\laravel\\framework\\src\\Illuminate\\Pipeline\\Pipeline.php(208): Illuminate\\Routing\\Middleware\\SubstituteBindings->handle(Object(Illuminate\\Http\\Request), Object(Closure))
#13 D:\\development\\CollaborateAgenToC\\AgentC\\vendor\\laravel\\framework\\src\\Illuminate\\Foundation\\Http\\Middleware\\VerifyCsrfToken.php(87): Illuminate\\Pipeline\\Pipeline->{closure:{closure:Illuminate\\Pipeline\\Pipeline::carry():183}:184}(Object(Illuminate\\Http\\Request))
#14 D:\\development\\CollaborateAgenToC\\AgentC\\vendor\\laravel\\framework\\src\\Illuminate\\Pipeline\\Pipeline.php(208): Illuminate\\Foundation\\Http\\Middleware\\VerifyCsrfToken->handle(Object(Illuminate\\Http\\Request), Object(Closure))
#15 D:\\development\\CollaborateAgenToC\\AgentC\\vendor\\laravel\\framework\\src\\Illuminate\\View\\Middleware\\ShareErrorsFromSession.php(48): Illuminate\\Pipeline\\Pipeline->{closure:{closure:Illuminate\\Pipeline\\Pipeline::carry():183}:184}(Object(Illuminate\\Http\\Request))
#16 D:\\development\\CollaborateAgenToC\\AgentC\\vendor\\laravel\\framework\\src\\Illuminate\\Pipeline\\Pipeline.php(208): Illuminate\\View\\Middleware\\ShareErrorsFromSession->handle(Object(Illuminate\\Http\\Request), Object(Closure))
#17 D:\\development\\CollaborateAgenToC\\AgentC\\vendor\\laravel\\framework\\src\\Illuminate\\Session\\Middleware\\StartSession.php(120): Illuminate\\Pipeline\\Pipeline->{closure:{closure:Illuminate\\Pipeline\\Pipeline::carry():183}:184}(Object(Illuminate\\Http\\Request))
#18 D:\\development\\CollaborateAgenToC\\AgentC\\vendor\\laravel\\framework\\src\\Illuminate\\Session\\Middleware\\StartSession.php(63): Illuminate\\Session\\Middleware\\StartSession->handleStatefulRequest(Object(Illuminate\\Http\\Request), Object(Illuminate\\Session\\Store), Object(Closure))
#19 D:\\development\\CollaborateAgenToC\\AgentC\\vendor\\laravel\\framework\\src\\Illuminate\\Pipeline\\Pipeline.php(208): Illuminate\\Session\\Middleware\\StartSession->handle(Object(Illuminate\\Http\\Request), Object(Closure))
#20 D:\\development\\CollaborateAgenToC\\AgentC\\vendor\\laravel\\framework\\src\\Illuminate\\Cookie\\Middleware\\AddQueuedCookiesToResponse.php(36): Illuminate\\Pipeline\\Pipeline->{closure:{closure:Illuminate\\Pipeline\\Pipeline::carry():183}:184}(Object(Illuminate\\Http\\Request))
#21 D:\\development\\CollaborateAgenToC\\AgentC\\vendor\\laravel\\framework\\src\\Illuminate\\Pipeline\\Pipeline.php(208): Illuminate\\Cookie\\Middleware\\AddQueuedCookiesToResponse->handle(Object(Illuminate\\Http\\Request), Object(Closure))
#22 D:\\development\\CollaborateAgenToC\\AgentC\\vendor\\laravel\\framework\\src\\Illuminate\\Cookie\\Middleware\\EncryptCookies.php(74): Illuminate\\Pipeline\\Pipeline->{closure:{closure:Illuminate\\Pipeline\\Pipeline::carry():183}:184}(Object(Illuminate\\Http\\Request))
#23 D:\\development\\CollaborateAgenToC\\AgentC\\vendor\\laravel\\framework\\src\\Illuminate\\Pipeline\\Pipeline.php(208): Illuminate\\Cookie\\Middleware\\EncryptCookies->handle(Object(Illuminate\\Http\\Request), Object(Closure))
#24 D:\\development\\CollaborateAgenToC\\AgentC\\vendor\\laravel\\framework\\src\\Illuminate\\Pipeline\\Pipeline.php(126): Illuminate\\Pipeline\\Pipeline->{closure:{closure:Illuminate\\Pipeline\\Pipeline::carry():183}:184}(Object(Illuminate\\Http\\Request))
#25 D:\\development\\CollaborateAgenToC\\AgentC\\vendor\\laravel\\framework\\src\\Illuminate\\Routing\\Router.php(807): Illuminate\\Pipeline\\Pipeline->then(Object(Closure))
#26 D:\\development\\CollaborateAgenToC\\AgentC\\vendor\\laravel\\framework\\src\\Illuminate\\Routing\\Router.php(786): Illuminate\\Routing\\Router->runRouteWithinStack(Object(Illuminate\\Routing\\Route), Object(Illuminate\\Http\\Request))
#27 D:\\development\\CollaborateAgenToC\\AgentC\\vendor\\laravel\\framework\\src\\Illuminate\\Routing\\Router.php(750): Illuminate\\Routing\\Router->runRoute(Object(Illuminate\\Http\\Request), Object(Illuminate\\Routing\\Route))
#28 D:\\development\\CollaborateAgenToC\\AgentC\\vendor\\laravel\\framework\\src\\Illuminate\\Routing\\Router.php(739): Illuminate\\Routing\\Router->dispatchToRoute(Object(Illuminate\\Http\\Request))
#29 D:\\development\\CollaborateAgenToC\\AgentC\\vendor\\laravel\\framework\\src\\Illuminate\\Foundation\\Http\\Kernel.php(200): Illuminate\\Routing\\Router->dispatch(Object(Illuminate\\Http\\Request))
#30 D:\\development\\CollaborateAgenToC\\AgentC\\vendor\\laravel\\framework\\src\\Illuminate\\Pipeline\\Pipeline.php(169): Illuminate\\Foundation\\Http\\Kernel->{closure:Illuminate\\Foundation\\Http\\Kernel::dispatchToRouter():197}(Object(Illuminate\\Http\\Request))
#31 D:\\development\\CollaborateAgenToC\\AgentC\\vendor\\laravel\\framework\\src\\Illuminate\\Foundation\\Http\\Middleware\\TransformsRequest.php(21): Illuminate\\Pipeline\\Pipeline->{closure:Illuminate\\Pipeline\\Pipeline::prepareDestination():167}(Object(Illuminate\\Http\\Request))
#32 D:\\development\\CollaborateAgenToC\\AgentC\\vendor\\laravel\\framework\\src\\Illuminate\\Foundation\\Http\\Middleware\\ConvertEmptyStringsToNull.php(31): Illuminate\\Foundation\\Http\\Middleware\\TransformsRequest->handle(Object(Illuminate\\Http\\Request), Object(Closure))
#33 D:\\development\\CollaborateAgenToC\\AgentC\\vendor\\laravel\\framework\\src\\Illuminate\\Pipeline\\Pipeline.php(208): Illuminate\\Foundation\\Http\\Middleware\\ConvertEmptyStringsToNull->handle(Object(Illuminate\\Http\\Request), Object(Closure))
#34 D:\\development\\CollaborateAgenToC\\AgentC\\vendor\\laravel\\framework\\src\\Illuminate\\Foundation\\Http\\Middleware\\TransformsRequest.php(21): Illuminate\\Pipeline\\Pipeline->{closure:{closure:Illuminate\\Pipeline\\Pipeline::carry():183}:184}(Object(Illuminate\\Http\\Request))
#35 D:\\development\\CollaborateAgenToC\\AgentC\\vendor\\laravel\\framework\\src\\Illuminate\\Foundation\\Http\\Middleware\\TrimStrings.php(51): Illuminate\\Foundation\\Http\\Middleware\\TransformsRequest->handle(Object(Illuminate\\Http\\Request), Object(Closure))
#36 D:\\development\\CollaborateAgenToC\\AgentC\\vendor\\laravel\\framework\\src\\Illuminate\\Pipeline\\Pipeline.php(208): Illuminate\\Foundation\\Http\\Middleware\\TrimStrings->handle(Object(Illuminate\\Http\\Request), Object(Closure))
#37 D:\\development\\CollaborateAgenToC\\AgentC\\vendor\\laravel\\framework\\src\\Illuminate\\Http\\Middleware\\ValidatePostSize.php(27): Illuminate\\Pipeline\\Pipeline->{closure:{closure:Illuminate\\Pipeline\\Pipeline::carry():183}:184}(Object(Illuminate\\Http\\Request))
#38 D:\\development\\CollaborateAgenToC\\AgentC\\vendor\\laravel\\framework\\src\\Illuminate\\Pipeline\\Pipeline.php(208): Illuminate\\Http\\Middleware\\ValidatePostSize->handle(Object(Illuminate\\Http\\Request), Object(Closure))
#39 D:\\development\\CollaborateAgenToC\\AgentC\\vendor\\laravel\\framework\\src\\Illuminate\\Foundation\\Http\\Middleware\\PreventRequestsDuringMaintenance.php(109): Illuminate\\Pipeline\\Pipeline->{closure:{closure:Illuminate\\Pipeline\\Pipeline::carry():183}:184}(Object(Illuminate\\Http\\Request))
#40 D:\\development\\CollaborateAgenToC\\AgentC\\vendor\\laravel\\framework\\src\\Illuminate\\Pipeline\\Pipeline.php(208): Illuminate\\Foundation\\Http\\Middleware\\PreventRequestsDuringMaintenance->handle(Object(Illuminate\\Http\\Request), Object(Closure))
#41 D:\\development\\CollaborateAgenToC\\AgentC\\vendor\\laravel\\framework\\src\\Illuminate\\Http\\Middleware\\HandleCors.php(48): Illuminate\\Pipeline\\Pipeline->{closure:{closure:Illuminate\\Pipeline\\Pipeline::carry():183}:184}(Object(Illuminate\\Http\\Request))
#42 D:\\development\\CollaborateAgenToC\\AgentC\\vendor\\laravel\\framework\\src\\Illuminate\\Pipeline\\Pipeline.php(208): Illuminate\\Http\\Middleware\\HandleCors->handle(Object(Illuminate\\Http\\Request), Object(Closure))
#43 D:\\development\\CollaborateAgenToC\\AgentC\\vendor\\laravel\\framework\\src\\Illuminate\\Http\\Middleware\\TrustProxies.php(58): Illuminate\\Pipeline\\Pipeline->{closure:{closure:Illuminate\\Pipeline\\Pipeline::carry():183}:184}(Object(Illuminate\\Http\\Request))
#44 D:\\development\\CollaborateAgenToC\\AgentC\\vendor\\laravel\\framework\\src\\Illuminate\\Pipeline\\Pipeline.php(208): Illuminate\\Http\\Middleware\\TrustProxies->handle(Object(Illuminate\\Http\\Request), Object(Closure))
#45 D:\\development\\CollaborateAgenToC\\AgentC\\vendor\\laravel\\framework\\src\\Illuminate\\Foundation\\Http\\Middleware\\InvokeDeferredCallbacks.php(22): Illuminate\\Pipeline\\Pipeline->{closure:{closure:Illuminate\\Pipeline\\Pipeline::carry():183}:184}(Object(Illuminate\\Http\\Request))
#46 D:\\development\\CollaborateAgenToC\\AgentC\\vendor\\laravel\\framework\\src\\Illuminate\\Pipeline\\Pipeline.php(208): Illuminate\\Foundation\\Http\\Middleware\\InvokeDeferredCallbacks->handle(Object(Illuminate\\Http\\Request), Object(Closure))
#47 D:\\development\\CollaborateAgenToC\\AgentC\\vendor\\laravel\\framework\\src\\Illuminate\\Http\\Middleware\\ValidatePathEncoding.php(26): Illuminate\\Pipeline\\Pipeline->{closure:{closure:Illuminate\\Pipeline\\Pipeline::carry():183}:184}(Object(Illuminate\\Http\\Request))
#48 D:\\development\\CollaborateAgenToC\\AgentC\\vendor\\laravel\\framework\\src\\Illuminate\\Pipeline\\Pipeline.php(208): Illuminate\\Http\\Middleware\\ValidatePathEncoding->handle(Object(Illuminate\\Http\\Request), Object(Closure))
#49 D:\\development\\CollaborateAgenToC\\AgentC\\vendor\\laravel\\framework\\src\\Illuminate\\Pipeline\\Pipeline.php(126): Illuminate\\Pipeline\\Pipeline->{closure:{closure:Illuminate\\Pipeline\\Pipeline::carry():183}:184}(Object(Illuminate\\Http\\Request))
#50 D:\\development\\CollaborateAgenToC\\AgentC\\vendor\\laravel\\framework\\src\\Illuminate\\Foundation\\Http\\Kernel.php(175): Illuminate\\Pipeline\\Pipeline->then(Object(Closure))
#51 D:\\development\\CollaborateAgenToC\\AgentC\\vendor\\laravel\\framework\\src\\Illuminate\\Foundation\\Http\\Kernel.php(144): Illuminate\\Foundation\\Http\\Kernel->sendRequestThroughRouter(Object(Illuminate\\Http\\Request))
#52 D:\\development\\CollaborateAgenToC\\AgentC\\vendor\\laravel\\framework\\src\\Illuminate\\Foundation\\Application.php(1219): Illuminate\\Foundation\\Http\\Kernel->handle(Object(Illuminate\\Http\\Request))
#53 D:\\development\\CollaborateAgenToC\\AgentC\\public\\index.php(20): Illuminate\\Foundation\\Application->handleRequest(Object(Illuminate\\Http\\Request))
#54 D:\\development\\CollaborateAgenToC\\AgentC\\vendor\\laravel\\framework\\src\\Illuminate\\Foundation\\resources\\server.php(23): require_once('D:\\\\development\\\\...')
#55 {main}

[previous exception] [object] (ErrorException(code: 0): Attempt to read property \"first_name\" on null at D:\\development\\CollaborateAgenToC\\AgentC\\storage\\framework\\views\\a2c19a32c08e629f139836f12dd716ec.php:49)
[stacktrace]
#0 D:\\development\\CollaborateAgenToC\\AgentC\\vendor\\laravel\\framework\\src\\Illuminate\\Foundation\\Bootstrap\\HandleExceptions.php(256): Illuminate\\Foundation\\Bootstrap\\HandleExceptions->handleError(2, 'Attempt to read...', 'D:\\\\development\\\\...', 49)
#1 D:\\development\\CollaborateAgenToC\\AgentC\\storage\\framework\\views\\a2c19a32c08e629f139836f12dd716ec.php(49): Illuminate\\Foundation\\Bootstrap\\HandleExceptions->{closure:Illuminate\\Foundation\\Bootstrap\\HandleExceptions::forwardsTo():255}(2, 'Attempt to read...', 'D:\\\\development\\\\...', 49)
#2 D:\\development\\CollaborateAgenToC\\AgentC\\vendor\\laravel\\framework\\src\\Illuminate\\Filesystem\\Filesystem.php(123): require('D:\\\\development\\\\...')
#3 D:\\development\\CollaborateAgenToC\\AgentC\\vendor\\laravel\\framework\\src\\Illuminate\\Filesystem\\Filesystem.php(124): Illuminate\\Filesystem\\Filesystem::{closure:Illuminate\\Filesystem\\Filesystem::getRequire():120}()
#4 D:\\development\\CollaborateAgenToC\\AgentC\\vendor\\laravel\\framework\\src\\Illuminate\\View\\Engines\\PhpEngine.php(57): Illuminate\\Filesystem\\Filesystem->getRequire('D:\\\\development\\\\...', Array)
#5 D:\\development\\CollaborateAgenToC\\AgentC\\vendor\\laravel\\framework\\src\\Illuminate\\View\\Engines\\CompilerEngine.php(74): Illuminate\\View\\Engines\\PhpEngine->evaluatePath('D:\\\\development\\\\...', Array)
#6 D:\\development\\CollaborateAgenToC\\AgentC\\vendor\\laravel\\framework\\src\\Illuminate\\View\\View.php(208): Illuminate\\View\\Engines\\CompilerEngine->get('D:\\\\development\\\\...', Array)
#7 D:\\development\\CollaborateAgenToC\\AgentC\\vendor\\laravel\\framework\\src\\Illuminate\\View\\View.php(191): Illuminate\\View\\View->getContents()
#8 D:\\development\\CollaborateAgenToC\\AgentC\\vendor\\laravel\\framework\\src\\Illuminate\\View\\View.php(160): Illuminate\\View\\View->renderContents()
#9 D:\\development\\CollaborateAgenToC\\AgentC\\vendor\\laravel\\framework\\src\\Illuminate\\Http\\Response.php(78): Illuminate\\View\\View->render()
#10 D:\\development\\CollaborateAgenToC\\AgentC\\vendor\\laravel\\framework\\src\\Illuminate\\Http\\Response.php(34): Illuminate\\Http\\Response->setContent(Object(Illuminate\\View\\View))
#11 D:\\development\\CollaborateAgenToC\\AgentC\\vendor\\laravel\\framework\\src\\Illuminate\\Routing\\Router.php(924): Illuminate\\Http\\Response->__construct(Object(Illuminate\\View\\View), 200, Array)
#12 D:\\development\\CollaborateAgenToC\\AgentC\\vendor\\laravel\\framework\\src\\Illuminate\\Routing\\Router.php(891): Illuminate\\Routing\\Router::toResponse(Object(Illuminate\\Http\\Request), Object(Illuminate\\View\\View))
#13 D:\\development\\CollaborateAgenToC\\AgentC\\vendor\\laravel\\framework\\src\\Illuminate\\Routing\\Router.php(807): Illuminate\\Routing\\Router->prepareResponse(Object(Illuminate\\Http\\Request), Object(Illuminate\\View\\View))
#14 D:\\development\\CollaborateAgenToC\\AgentC\\vendor\\laravel\\framework\\src\\Illuminate\\Pipeline\\Pipeline.php(169): Illuminate\\Routing\\Router->{closure:Illuminate\\Routing\\Router::runRouteWithinStack():807}(Object(Illuminate\\Http\\Request))
#15 D:\\development\\CollaborateAgenToC\\AgentC\\vendor\\laravel\\framework\\src\\Illuminate\\Routing\\Middleware\\SubstituteBindings.php(50): Illuminate\\Pipeline\\Pipeline->{closure:Illuminate\\Pipeline\\Pipeline::prepareDestination():167}(Object(Illuminate\\Http\\Request))
#16 D:\\development\\CollaborateAgenToC\\AgentC\\vendor\\laravel\\framework\\src\\Illuminate\\Pipeline\\Pipeline.php(208): Illuminate\\Routing\\Middleware\\SubstituteBindings->handle(Object(Illuminate\\Http\\Request), Object(Closure))
#17 D:\\development\\CollaborateAgenToC\\AgentC\\vendor\\laravel\\framework\\src\\Illuminate\\Foundation\\Http\\Middleware\\VerifyCsrfToken.php(87): Illuminate\\Pipeline\\Pipeline->{closure:{closure:Illuminate\\Pipeline\\Pipeline::carry():183}:184}(Object(Illuminate\\Http\\Request))
#18 D:\\development\\CollaborateAgenToC\\AgentC\\vendor\\laravel\\framework\\src\\Illuminate\\Pipeline\\Pipeline.php(208): Illuminate\\Foundation\\Http\\Middleware\\VerifyCsrfToken->handle(Object(Illuminate\\Http\\Request), Object(Closure))
#19 D:\\development\\CollaborateAgenToC\\AgentC\\vendor\\laravel\\framework\\src\\Illuminate\\View\\Middleware\\ShareErrorsFromSession.php(48): Illuminate\\Pipeline\\Pipeline->{closure:{closure:Illuminate\\Pipeline\\Pipeline::carry():183}:184}(Object(Illuminate\\Http\\Request))
#20 D:\\development\\CollaborateAgenToC\\AgentC\\vendor\\laravel\\framework\\src\\Illuminate\\Pipeline\\Pipeline.php(208): Illuminate\\View\\Middleware\\ShareErrorsFromSession->handle(Object(Illuminate\\Http\\Request), Object(Closure))
#21 D:\\development\\CollaborateAgenToC\\AgentC\\vendor\\laravel\\framework\\src\\Illuminate\\Session\\Middleware\\StartSession.php(120): Illuminate\\Pipeline\\Pipeline->{closure:{closure:Illuminate\\Pipeline\\Pipeline::carry():183}:184}(Object(Illuminate\\Http\\Request))
#22 D:\\development\\CollaborateAgenToC\\AgentC\\vendor\\laravel\\framework\\src\\Illuminate\\Session\\Middleware\\StartSession.php(63): Illuminate\\Session\\Middleware\\StartSession->handleStatefulRequest(Object(Illuminate\\Http\\Request), Object(Illuminate\\Session\\Store), Object(Closure))
#23 D:\\development\\CollaborateAgenToC\\AgentC\\vendor\\laravel\\framework\\src\\Illuminate\\Pipeline\\Pipeline.php(208): Illuminate\\Session\\Middleware\\StartSession->handle(Object(Illuminate\\Http\\Request), Object(Closure))
#24 D:\\development\\CollaborateAgenToC\\AgentC\\vendor\\laravel\\framework\\src\\Illuminate\\Cookie\\Middleware\\AddQueuedCookiesToResponse.php(36): Illuminate\\Pipeline\\Pipeline->{closure:{closure:Illuminate\\Pipeline\\Pipeline::carry():183}:184}(Object(Illuminate\\Http\\Request))
#25 D:\\development\\CollaborateAgenToC\\AgentC\\vendor\\laravel\\framework\\src\\Illuminate\\Pipeline\\Pipeline.php(208): Illuminate\\Cookie\\Middleware\\AddQueuedCookiesToResponse->handle(Object(Illuminate\\Http\\Request), Object(Closure))
#26 D:\\development\\CollaborateAgenToC\\AgentC\\vendor\\laravel\\framework\\src\\Illuminate\\Cookie\\Middleware\\EncryptCookies.php(74): Illuminate\\Pipeline\\Pipeline->{closure:{closure:Illuminate\\Pipeline\\Pipeline::carry():183}:184}(Object(Illuminate\\Http\\Request))
#27 D:\\development\\CollaborateAgenToC\\AgentC\\vendor\\laravel\\framework\\src\\Illuminate\\Pipeline\\Pipeline.php(208): Illuminate\\Cookie\\Middleware\\EncryptCookies->handle(Object(Illuminate\\Http\\Request), Object(Closure))
#28 D:\\development\\CollaborateAgenToC\\AgentC\\vendor\\laravel\\framework\\src\\Illuminate\\Pipeline\\Pipeline.php(126): Illuminate\\Pipeline\\Pipeline->{closure:{closure:Illuminate\\Pipeline\\Pipeline::carry():183}:184}(Object(Illuminate\\Http\\Request))
#29 D:\\development\\CollaborateAgenToC\\AgentC\\vendor\\laravel\\framework\\src\\Illuminate\\Routing\\Router.php(807): Illuminate\\Pipeline\\Pipeline->then(Object(Closure))
#30 D:\\development\\CollaborateAgenToC\\AgentC\\vendor\\laravel\\framework\\src\\Illuminate\\Routing\\Router.php(786): Illuminate\\Routing\\Router->runRouteWithinStack(Object(Illuminate\\Routing\\Route), Object(Illuminate\\Http\\Request))
#31 D:\\development\\CollaborateAgenToC\\AgentC\\vendor\\laravel\\framework\\src\\Illuminate\\Routing\\Router.php(750): Illuminate\\Routing\\Router->runRoute(Object(Illuminate\\Http\\Request), Object(Illuminate\\Routing\\Route))
#32 D:\\development\\CollaborateAgenToC\\AgentC\\vendor\\laravel\\framework\\src\\Illuminate\\Routing\\Router.php(739): Illuminate\\Routing\\Router->dispatchToRoute(Object(Illuminate\\Http\\Request))
#33 D:\\development\\CollaborateAgenToC\\AgentC\\vendor\\laravel\\framework\\src\\Illuminate\\Foundation\\Http\\Kernel.php(200): Illuminate\\Routing\\Router->dispatch(Object(Illuminate\\Http\\Request))
#34 D:\\development\\CollaborateAgenToC\\AgentC\\vendor\\laravel\\framework\\src\\Illuminate\\Pipeline\\Pipeline.php(169): Illuminate\\Foundation\\Http\\Kernel->{closure:Illuminate\\Foundation\\Http\\Kernel::dispatchToRouter():197}(Object(Illuminate\\Http\\Request))
#35 D:\\development\\CollaborateAgenToC\\AgentC\\vendor\\laravel\\framework\\src\\Illuminate\\Foundation\\Http\\Middleware\\TransformsRequest.php(21): Illuminate\\Pipeline\\Pipeline->{closure:Illuminate\\Pipeline\\Pipeline::prepareDestination():167}(Object(Illuminate\\Http\\Request))
#36 D:\\development\\CollaborateAgenToC\\AgentC\\vendor\\laravel\\framework\\src\\Illuminate\\Foundation\\Http\\Middleware\\ConvertEmptyStringsToNull.php(31): Illuminate\\Foundation\\Http\\Middleware\\TransformsRequest->handle(Object(Illuminate\\Http\\Request), Object(Closure))
#37 D:\\development\\CollaborateAgenToC\\AgentC\\vendor\\laravel\\framework\\src\\Illuminate\\Pipeline\\Pipeline.php(208): Illuminate\\Foundation\\Http\\Middleware\\ConvertEmptyStringsToNull->handle(Object(Illuminate\\Http\\Request), Object(Closure))
#38 D:\\development\\CollaborateAgenToC\\AgentC\\vendor\\laravel\\framework\\src\\Illuminate\\Foundation\\Http\\Middleware\\TransformsRequest.php(21): Illuminate\\Pipeline\\Pipeline->{closure:{closure:Illuminate\\Pipeline\\Pipeline::carry():183}:184}(Object(Illuminate\\Http\\Request))
#39 D:\\development\\CollaborateAgenToC\\AgentC\\vendor\\laravel\\framework\\src\\Illuminate\\Foundation\\Http\\Middleware\\TrimStrings.php(51): Illuminate\\Foundation\\Http\\Middleware\\TransformsRequest->handle(Object(Illuminate\\Http\\Request), Object(Closure))
#40 D:\\development\\CollaborateAgenToC\\AgentC\\vendor\\laravel\\framework\\src\\Illuminate\\Pipeline\\Pipeline.php(208): Illuminate\\Foundation\\Http\\Middleware\\TrimStrings->handle(Object(Illuminate\\Http\\Request), Object(Closure))
#41 D:\\development\\CollaborateAgenToC\\AgentC\\vendor\\laravel\\framework\\src\\Illuminate\\Http\\Middleware\\ValidatePostSize.php(27): Illuminate\\Pipeline\\Pipeline->{closure:{closure:Illuminate\\Pipeline\\Pipeline::carry():183}:184}(Object(Illuminate\\Http\\Request))
#42 D:\\development\\CollaborateAgenToC\\AgentC\\vendor\\laravel\\framework\\src\\Illuminate\\Pipeline\\Pipeline.php(208): Illuminate\\Http\\Middleware\\ValidatePostSize->handle(Object(Illuminate\\Http\\Request), Object(Closure))
#43 D:\\development\\CollaborateAgenToC\\AgentC\\vendor\\laravel\\framework\\src\\Illuminate\\Foundation\\Http\\Middleware\\PreventRequestsDuringMaintenance.php(109): Illuminate\\Pipeline\\Pipeline->{closure:{closure:Illuminate\\Pipeline\\Pipeline::carry():183}:184}(Object(Illuminate\\Http\\Request))
#44 D:\\development\\CollaborateAgenToC\\AgentC\\vendor\\laravel\\framework\\src\\Illuminate\\Pipeline\\Pipeline.php(208): Illuminate\\Foundation\\Http\\Middleware\\PreventRequestsDuringMaintenance->handle(Object(Illuminate\\Http\\Request), Object(Closure))
#45 D:\\development\\CollaborateAgenToC\\AgentC\\vendor\\laravel\\framework\\src\\Illuminate\\Http\\Middleware\\HandleCors.php(48): Illuminate\\Pipeline\\Pipeline->{closure:{closure:Illuminate\\Pipeline\\Pipeline::carry():183}:184}(Object(Illuminate\\Http\\Request))
#46 D:\\development\\CollaborateAgenToC\\AgentC\\vendor\\laravel\\framework\\src\\Illuminate\\Pipeline\\Pipeline.php(208): Illuminate\\Http\\Middleware\\HandleCors->handle(Object(Illuminate\\Http\\Request), Object(Closure))
#47 D:\\development\\CollaborateAgenToC\\AgentC\\vendor\\laravel\\framework\\src\\Illuminate\\Http\\Middleware\\TrustProxies.php(58): Illuminate\\Pipeline\\Pipeline->{closure:{closure:Illuminate\\Pipeline\\Pipeline::carry():183}:184}(Object(Illuminate\\Http\\Request))
#48 D:\\development\\CollaborateAgenToC\\AgentC\\vendor\\laravel\\framework\\src\\Illuminate\\Pipeline\\Pipeline.php(208): Illuminate\\Http\\Middleware\\TrustProxies->handle(Object(Illuminate\\Http\\Request), Object(Closure))
#49 D:\\development\\CollaborateAgenToC\\AgentC\\vendor\\laravel\\framework\\src\\Illuminate\\Foundation\\Http\\Middleware\\InvokeDeferredCallbacks.php(22): Illuminate\\Pipeline\\Pipeline->{closure:{closure:Illuminate\\Pipeline\\Pipeline::carry():183}:184}(Object(Illuminate\\Http\\Request))
#50 D:\\development\\CollaborateAgenToC\\AgentC\\vendor\\laravel\\framework\\src\\Illuminate\\Pipeline\\Pipeline.php(208): Illuminate\\Foundation\\Http\\Middleware\\InvokeDeferredCallbacks->handle(Object(Illuminate\\Http\\Request), Object(Closure))
#51 D:\\development\\CollaborateAgenToC\\AgentC\\vendor\\laravel\\framework\\src\\Illuminate\\Http\\Middleware\\ValidatePathEncoding.php(26): Illuminate\\Pipeline\\Pipeline->{closure:{closure:Illuminate\\Pipeline\\Pipeline::carry():183}:184}(Object(Illuminate\\Http\\Request))
#52 D:\\development\\CollaborateAgenToC\\AgentC\\vendor\\laravel\\framework\\src\\Illuminate\\Pipeline\\Pipeline.php(208): Illuminate\\Http\\Middleware\\ValidatePathEncoding->handle(Object(Illuminate\\Http\\Request), Object(Closure))
#53 D:\\development\\CollaborateAgenToC\\AgentC\\vendor\\laravel\\framework\\src\\Illuminate\\Pipeline\\Pipeline.php(126): Illuminate\\Pipeline\\Pipeline->{closure:{closure:Illuminate\\Pipeline\\Pipeline::carry():183}:184}(Object(Illuminate\\Http\\Request))
#54 D:\\development\\CollaborateAgenToC\\AgentC\\vendor\\laravel\\framework\\src\\Illuminate\\Foundation\\Http\\Kernel.php(175): Illuminate\\Pipeline\\Pipeline->then(Object(Closure))
#55 D:\\development\\CollaborateAgenToC\\AgentC\\vendor\\laravel\\framework\\src\\Illuminate\\Foundation\\Http\\Kernel.php(144): Illuminate\\Foundation\\Http\\Kernel->sendRequestThroughRouter(Object(Illuminate\\Http\\Request))
#56 D:\\development\\CollaborateAgenToC\\AgentC\\vendor\\laravel\\framework\\src\\Illuminate\\Foundation\\Application.php(1219): Illuminate\\Foundation\\Http\\Kernel->handle(Object(Illuminate\\Http\\Request))
#57 D:\\development\\CollaborateAgenToC\\AgentC\\public\\index.php(20): Illuminate\\Foundation\\Application->handleRequest(Object(Illuminate\\Http\\Request))
#58 D:\\development\\CollaborateAgenToC\\AgentC\\vendor\\laravel\\framework\\src\\Illuminate\\Foundation\\resources\\server.php(23): require_once('D:\\\\development\\\\...')
#59 {main}
"} 
[2025-08-29 10:55:36] Development.ERROR: Attempt to read property "full_name" on null (View: D:\development\CollaborateAgenToC\AgentC\resources\views\transaction\receipt.blade.php) {"exception":"[object] (Illuminate\\View\\ViewException(code: 0): Attempt to read property \"full_name\" on null (View: D:\\development\\CollaborateAgenToC\\AgentC\\resources\\views\\transaction\\receipt.blade.php) at D:\\development\\CollaborateAgenToC\\AgentC\\storage\\framework\\views\\a2c19a32c08e629f139836f12dd716ec.php:49)
[stacktrace]
#0 D:\\development\\CollaborateAgenToC\\AgentC\\vendor\\laravel\\framework\\src\\Illuminate\\View\\Engines\\PhpEngine.php(59): Illuminate\\View\\Engines\\CompilerEngine->handleViewException(Object(ErrorException), 0)
#1 D:\\development\\CollaborateAgenToC\\AgentC\\vendor\\laravel\\framework\\src\\Illuminate\\View\\Engines\\CompilerEngine.php(74): Illuminate\\View\\Engines\\PhpEngine->evaluatePath('D:\\\\development\\\\...', Array)
#2 D:\\development\\CollaborateAgenToC\\AgentC\\vendor\\laravel\\framework\\src\\Illuminate\\View\\View.php(208): Illuminate\\View\\Engines\\CompilerEngine->get('D:\\\\development\\\\...', Array)
#3 D:\\development\\CollaborateAgenToC\\AgentC\\vendor\\laravel\\framework\\src\\Illuminate\\View\\View.php(191): Illuminate\\View\\View->getContents()
#4 D:\\development\\CollaborateAgenToC\\AgentC\\vendor\\laravel\\framework\\src\\Illuminate\\View\\View.php(160): Illuminate\\View\\View->renderContents()
#5 D:\\development\\CollaborateAgenToC\\AgentC\\vendor\\laravel\\framework\\src\\Illuminate\\Http\\Response.php(78): Illuminate\\View\\View->render()
#6 D:\\development\\CollaborateAgenToC\\AgentC\\vendor\\laravel\\framework\\src\\Illuminate\\Http\\Response.php(34): Illuminate\\Http\\Response->setContent(Object(Illuminate\\View\\View))
#7 D:\\development\\CollaborateAgenToC\\AgentC\\vendor\\laravel\\framework\\src\\Illuminate\\Routing\\Router.php(924): Illuminate\\Http\\Response->__construct(Object(Illuminate\\View\\View), 200, Array)
#8 D:\\development\\CollaborateAgenToC\\AgentC\\vendor\\laravel\\framework\\src\\Illuminate\\Routing\\Router.php(891): Illuminate\\Routing\\Router::toResponse(Object(Illuminate\\Http\\Request), Object(Illuminate\\View\\View))
#9 D:\\development\\CollaborateAgenToC\\AgentC\\vendor\\laravel\\framework\\src\\Illuminate\\Routing\\Router.php(807): Illuminate\\Routing\\Router->prepareResponse(Object(Illuminate\\Http\\Request), Object(Illuminate\\View\\View))
#10 D:\\development\\CollaborateAgenToC\\AgentC\\vendor\\laravel\\framework\\src\\Illuminate\\Pipeline\\Pipeline.php(169): Illuminate\\Routing\\Router->{closure:Illuminate\\Routing\\Router::runRouteWithinStack():807}(Object(Illuminate\\Http\\Request))
#11 D:\\development\\CollaborateAgenToC\\AgentC\\vendor\\laravel\\framework\\src\\Illuminate\\Routing\\Middleware\\SubstituteBindings.php(50): Illuminate\\Pipeline\\Pipeline->{closure:Illuminate\\Pipeline\\Pipeline::prepareDestination():167}(Object(Illuminate\\Http\\Request))
#12 D:\\development\\CollaborateAgenToC\\AgentC\\vendor\\laravel\\framework\\src\\Illuminate\\Pipeline\\Pipeline.php(208): Illuminate\\Routing\\Middleware\\SubstituteBindings->handle(Object(Illuminate\\Http\\Request), Object(Closure))
#13 D:\\development\\CollaborateAgenToC\\AgentC\\vendor\\laravel\\framework\\src\\Illuminate\\Foundation\\Http\\Middleware\\VerifyCsrfToken.php(87): Illuminate\\Pipeline\\Pipeline->{closure:{closure:Illuminate\\Pipeline\\Pipeline::carry():183}:184}(Object(Illuminate\\Http\\Request))
#14 D:\\development\\CollaborateAgenToC\\AgentC\\vendor\\laravel\\framework\\src\\Illuminate\\Pipeline\\Pipeline.php(208): Illuminate\\Foundation\\Http\\Middleware\\VerifyCsrfToken->handle(Object(Illuminate\\Http\\Request), Object(Closure))
#15 D:\\development\\CollaborateAgenToC\\AgentC\\vendor\\laravel\\framework\\src\\Illuminate\\View\\Middleware\\ShareErrorsFromSession.php(48): Illuminate\\Pipeline\\Pipeline->{closure:{closure:Illuminate\\Pipeline\\Pipeline::carry():183}:184}(Object(Illuminate\\Http\\Request))
#16 D:\\development\\CollaborateAgenToC\\AgentC\\vendor\\laravel\\framework\\src\\Illuminate\\Pipeline\\Pipeline.php(208): Illuminate\\View\\Middleware\\ShareErrorsFromSession->handle(Object(Illuminate\\Http\\Request), Object(Closure))
#17 D:\\development\\CollaborateAgenToC\\AgentC\\vendor\\laravel\\framework\\src\\Illuminate\\Session\\Middleware\\StartSession.php(120): Illuminate\\Pipeline\\Pipeline->{closure:{closure:Illuminate\\Pipeline\\Pipeline::carry():183}:184}(Object(Illuminate\\Http\\Request))
#18 D:\\development\\CollaborateAgenToC\\AgentC\\vendor\\laravel\\framework\\src\\Illuminate\\Session\\Middleware\\StartSession.php(63): Illuminate\\Session\\Middleware\\StartSession->handleStatefulRequest(Object(Illuminate\\Http\\Request), Object(Illuminate\\Session\\Store), Object(Closure))
#19 D:\\development\\CollaborateAgenToC\\AgentC\\vendor\\laravel\\framework\\src\\Illuminate\\Pipeline\\Pipeline.php(208): Illuminate\\Session\\Middleware\\StartSession->handle(Object(Illuminate\\Http\\Request), Object(Closure))
#20 D:\\development\\CollaborateAgenToC\\AgentC\\vendor\\laravel\\framework\\src\\Illuminate\\Cookie\\Middleware\\AddQueuedCookiesToResponse.php(36): Illuminate\\Pipeline\\Pipeline->{closure:{closure:Illuminate\\Pipeline\\Pipeline::carry():183}:184}(Object(Illuminate\\Http\\Request))
#21 D:\\development\\CollaborateAgenToC\\AgentC\\vendor\\laravel\\framework\\src\\Illuminate\\Pipeline\\Pipeline.php(208): Illuminate\\Cookie\\Middleware\\AddQueuedCookiesToResponse->handle(Object(Illuminate\\Http\\Request), Object(Closure))
#22 D:\\development\\CollaborateAgenToC\\AgentC\\vendor\\laravel\\framework\\src\\Illuminate\\Cookie\\Middleware\\EncryptCookies.php(74): Illuminate\\Pipeline\\Pipeline->{closure:{closure:Illuminate\\Pipeline\\Pipeline::carry():183}:184}(Object(Illuminate\\Http\\Request))
#23 D:\\development\\CollaborateAgenToC\\AgentC\\vendor\\laravel\\framework\\src\\Illuminate\\Pipeline\\Pipeline.php(208): Illuminate\\Cookie\\Middleware\\EncryptCookies->handle(Object(Illuminate\\Http\\Request), Object(Closure))
#24 D:\\development\\CollaborateAgenToC\\AgentC\\vendor\\laravel\\framework\\src\\Illuminate\\Pipeline\\Pipeline.php(126): Illuminate\\Pipeline\\Pipeline->{closure:{closure:Illuminate\\Pipeline\\Pipeline::carry():183}:184}(Object(Illuminate\\Http\\Request))
#25 D:\\development\\CollaborateAgenToC\\AgentC\\vendor\\laravel\\framework\\src\\Illuminate\\Routing\\Router.php(807): Illuminate\\Pipeline\\Pipeline->then(Object(Closure))
#26 D:\\development\\CollaborateAgenToC\\AgentC\\vendor\\laravel\\framework\\src\\Illuminate\\Routing\\Router.php(786): Illuminate\\Routing\\Router->runRouteWithinStack(Object(Illuminate\\Routing\\Route), Object(Illuminate\\Http\\Request))
#27 D:\\development\\CollaborateAgenToC\\AgentC\\vendor\\laravel\\framework\\src\\Illuminate\\Routing\\Router.php(750): Illuminate\\Routing\\Router->runRoute(Object(Illuminate\\Http\\Request), Object(Illuminate\\Routing\\Route))
#28 D:\\development\\CollaborateAgenToC\\AgentC\\vendor\\laravel\\framework\\src\\Illuminate\\Routing\\Router.php(739): Illuminate\\Routing\\Router->dispatchToRoute(Object(Illuminate\\Http\\Request))
#29 D:\\development\\CollaborateAgenToC\\AgentC\\vendor\\laravel\\framework\\src\\Illuminate\\Foundation\\Http\\Kernel.php(200): Illuminate\\Routing\\Router->dispatch(Object(Illuminate\\Http\\Request))
#30 D:\\development\\CollaborateAgenToC\\AgentC\\vendor\\laravel\\framework\\src\\Illuminate\\Pipeline\\Pipeline.php(169): Illuminate\\Foundation\\Http\\Kernel->{closure:Illuminate\\Foundation\\Http\\Kernel::dispatchToRouter():197}(Object(Illuminate\\Http\\Request))
#31 D:\\development\\CollaborateAgenToC\\AgentC\\vendor\\laravel\\framework\\src\\Illuminate\\Foundation\\Http\\Middleware\\TransformsRequest.php(21): Illuminate\\Pipeline\\Pipeline->{closure:Illuminate\\Pipeline\\Pipeline::prepareDestination():167}(Object(Illuminate\\Http\\Request))
#32 D:\\development\\CollaborateAgenToC\\AgentC\\vendor\\laravel\\framework\\src\\Illuminate\\Foundation\\Http\\Middleware\\ConvertEmptyStringsToNull.php(31): Illuminate\\Foundation\\Http\\Middleware\\TransformsRequest->handle(Object(Illuminate\\Http\\Request), Object(Closure))
#33 D:\\development\\CollaborateAgenToC\\AgentC\\vendor\\laravel\\framework\\src\\Illuminate\\Pipeline\\Pipeline.php(208): Illuminate\\Foundation\\Http\\Middleware\\ConvertEmptyStringsToNull->handle(Object(Illuminate\\Http\\Request), Object(Closure))
#34 D:\\development\\CollaborateAgenToC\\AgentC\\vendor\\laravel\\framework\\src\\Illuminate\\Foundation\\Http\\Middleware\\TransformsRequest.php(21): Illuminate\\Pipeline\\Pipeline->{closure:{closure:Illuminate\\Pipeline\\Pipeline::carry():183}:184}(Object(Illuminate\\Http\\Request))
#35 D:\\development\\CollaborateAgenToC\\AgentC\\vendor\\laravel\\framework\\src\\Illuminate\\Foundation\\Http\\Middleware\\TrimStrings.php(51): Illuminate\\Foundation\\Http\\Middleware\\TransformsRequest->handle(Object(Illuminate\\Http\\Request), Object(Closure))
#36 D:\\development\\CollaborateAgenToC\\AgentC\\vendor\\laravel\\framework\\src\\Illuminate\\Pipeline\\Pipeline.php(208): Illuminate\\Foundation\\Http\\Middleware\\TrimStrings->handle(Object(Illuminate\\Http\\Request), Object(Closure))
#37 D:\\development\\CollaborateAgenToC\\AgentC\\vendor\\laravel\\framework\\src\\Illuminate\\Http\\Middleware\\ValidatePostSize.php(27): Illuminate\\Pipeline\\Pipeline->{closure:{closure:Illuminate\\Pipeline\\Pipeline::carry():183}:184}(Object(Illuminate\\Http\\Request))
#38 D:\\development\\CollaborateAgenToC\\AgentC\\vendor\\laravel\\framework\\src\\Illuminate\\Pipeline\\Pipeline.php(208): Illuminate\\Http\\Middleware\\ValidatePostSize->handle(Object(Illuminate\\Http\\Request), Object(Closure))
#39 D:\\development\\CollaborateAgenToC\\AgentC\\vendor\\laravel\\framework\\src\\Illuminate\\Foundation\\Http\\Middleware\\PreventRequestsDuringMaintenance.php(109): Illuminate\\Pipeline\\Pipeline->{closure:{closure:Illuminate\\Pipeline\\Pipeline::carry():183}:184}(Object(Illuminate\\Http\\Request))
#40 D:\\development\\CollaborateAgenToC\\AgentC\\vendor\\laravel\\framework\\src\\Illuminate\\Pipeline\\Pipeline.php(208): Illuminate\\Foundation\\Http\\Middleware\\PreventRequestsDuringMaintenance->handle(Object(Illuminate\\Http\\Request), Object(Closure))
#41 D:\\development\\CollaborateAgenToC\\AgentC\\vendor\\laravel\\framework\\src\\Illuminate\\Http\\Middleware\\HandleCors.php(48): Illuminate\\Pipeline\\Pipeline->{closure:{closure:Illuminate\\Pipeline\\Pipeline::carry():183}:184}(Object(Illuminate\\Http\\Request))
#42 D:\\development\\CollaborateAgenToC\\AgentC\\vendor\\laravel\\framework\\src\\Illuminate\\Pipeline\\Pipeline.php(208): Illuminate\\Http\\Middleware\\HandleCors->handle(Object(Illuminate\\Http\\Request), Object(Closure))
#43 D:\\development\\CollaborateAgenToC\\AgentC\\vendor\\laravel\\framework\\src\\Illuminate\\Http\\Middleware\\TrustProxies.php(58): Illuminate\\Pipeline\\Pipeline->{closure:{closure:Illuminate\\Pipeline\\Pipeline::carry():183}:184}(Object(Illuminate\\Http\\Request))
#44 D:\\development\\CollaborateAgenToC\\AgentC\\vendor\\laravel\\framework\\src\\Illuminate\\Pipeline\\Pipeline.php(208): Illuminate\\Http\\Middleware\\TrustProxies->handle(Object(Illuminate\\Http\\Request), Object(Closure))
#45 D:\\development\\CollaborateAgenToC\\AgentC\\vendor\\laravel\\framework\\src\\Illuminate\\Foundation\\Http\\Middleware\\InvokeDeferredCallbacks.php(22): Illuminate\\Pipeline\\Pipeline->{closure:{closure:Illuminate\\Pipeline\\Pipeline::carry():183}:184}(Object(Illuminate\\Http\\Request))
#46 D:\\development\\CollaborateAgenToC\\AgentC\\vendor\\laravel\\framework\\src\\Illuminate\\Pipeline\\Pipeline.php(208): Illuminate\\Foundation\\Http\\Middleware\\InvokeDeferredCallbacks->handle(Object(Illuminate\\Http\\Request), Object(Closure))
#47 D:\\development\\CollaborateAgenToC\\AgentC\\vendor\\laravel\\framework\\src\\Illuminate\\Http\\Middleware\\ValidatePathEncoding.php(26): Illuminate\\Pipeline\\Pipeline->{closure:{closure:Illuminate\\Pipeline\\Pipeline::carry():183}:184}(Object(Illuminate\\Http\\Request))
#48 D:\\development\\CollaborateAgenToC\\AgentC\\vendor\\laravel\\framework\\src\\Illuminate\\Pipeline\\Pipeline.php(208): Illuminate\\Http\\Middleware\\ValidatePathEncoding->handle(Object(Illuminate\\Http\\Request), Object(Closure))
#49 D:\\development\\CollaborateAgenToC\\AgentC\\vendor\\laravel\\framework\\src\\Illuminate\\Pipeline\\Pipeline.php(126): Illuminate\\Pipeline\\Pipeline->{closure:{closure:Illuminate\\Pipeline\\Pipeline::carry():183}:184}(Object(Illuminate\\Http\\Request))
#50 D:\\development\\CollaborateAgenToC\\AgentC\\vendor\\laravel\\framework\\src\\Illuminate\\Foundation\\Http\\Kernel.php(175): Illuminate\\Pipeline\\Pipeline->then(Object(Closure))
#51 D:\\development\\CollaborateAgenToC\\AgentC\\vendor\\laravel\\framework\\src\\Illuminate\\Foundation\\Http\\Kernel.php(144): Illuminate\\Foundation\\Http\\Kernel->sendRequestThroughRouter(Object(Illuminate\\Http\\Request))
#52 D:\\development\\CollaborateAgenToC\\AgentC\\vendor\\laravel\\framework\\src\\Illuminate\\Foundation\\Application.php(1219): Illuminate\\Foundation\\Http\\Kernel->handle(Object(Illuminate\\Http\\Request))
#53 D:\\development\\CollaborateAgenToC\\AgentC\\public\\index.php(20): Illuminate\\Foundation\\Application->handleRequest(Object(Illuminate\\Http\\Request))
#54 D:\\development\\CollaborateAgenToC\\AgentC\\vendor\\laravel\\framework\\src\\Illuminate\\Foundation\\resources\\server.php(23): require_once('D:\\\\development\\\\...')
#55 {main}

[previous exception] [object] (ErrorException(code: 0): Attempt to read property \"full_name\" on null at D:\\development\\CollaborateAgenToC\\AgentC\\storage\\framework\\views\\a2c19a32c08e629f139836f12dd716ec.php:49)
[stacktrace]
#0 D:\\development\\CollaborateAgenToC\\AgentC\\vendor\\laravel\\framework\\src\\Illuminate\\Foundation\\Bootstrap\\HandleExceptions.php(256): Illuminate\\Foundation\\Bootstrap\\HandleExceptions->handleError(2, 'Attempt to read...', 'D:\\\\development\\\\...', 49)
#1 D:\\development\\CollaborateAgenToC\\AgentC\\storage\\framework\\views\\a2c19a32c08e629f139836f12dd716ec.php(49): Illuminate\\Foundation\\Bootstrap\\HandleExceptions->{closure:Illuminate\\Foundation\\Bootstrap\\HandleExceptions::forwardsTo():255}(2, 'Attempt to read...', 'D:\\\\development\\\\...', 49)
#2 D:\\development\\CollaborateAgenToC\\AgentC\\vendor\\laravel\\framework\\src\\Illuminate\\Filesystem\\Filesystem.php(123): require('D:\\\\development\\\\...')
#3 D:\\development\\CollaborateAgenToC\\AgentC\\vendor\\laravel\\framework\\src\\Illuminate\\Filesystem\\Filesystem.php(124): Illuminate\\Filesystem\\Filesystem::{closure:Illuminate\\Filesystem\\Filesystem::getRequire():120}()
#4 D:\\development\\CollaborateAgenToC\\AgentC\\vendor\\laravel\\framework\\src\\Illuminate\\View\\Engines\\PhpEngine.php(57): Illuminate\\Filesystem\\Filesystem->getRequire('D:\\\\development\\\\...', Array)
#5 D:\\development\\CollaborateAgenToC\\AgentC\\vendor\\laravel\\framework\\src\\Illuminate\\View\\Engines\\CompilerEngine.php(74): Illuminate\\View\\Engines\\PhpEngine->evaluatePath('D:\\\\development\\\\...', Array)
#6 D:\\development\\CollaborateAgenToC\\AgentC\\vendor\\laravel\\framework\\src\\Illuminate\\View\\View.php(208): Illuminate\\View\\Engines\\CompilerEngine->get('D:\\\\development\\\\...', Array)
#7 D:\\development\\CollaborateAgenToC\\AgentC\\vendor\\laravel\\framework\\src\\Illuminate\\View\\View.php(191): Illuminate\\View\\View->getContents()
#8 D:\\development\\CollaborateAgenToC\\AgentC\\vendor\\laravel\\framework\\src\\Illuminate\\View\\View.php(160): Illuminate\\View\\View->renderContents()
#9 D:\\development\\CollaborateAgenToC\\AgentC\\vendor\\laravel\\framework\\src\\Illuminate\\Http\\Response.php(78): Illuminate\\View\\View->render()
#10 D:\\development\\CollaborateAgenToC\\AgentC\\vendor\\laravel\\framework\\src\\Illuminate\\Http\\Response.php(34): Illuminate\\Http\\Response->setContent(Object(Illuminate\\View\\View))
#11 D:\\development\\CollaborateAgenToC\\AgentC\\vendor\\laravel\\framework\\src\\Illuminate\\Routing\\Router.php(924): Illuminate\\Http\\Response->__construct(Object(Illuminate\\View\\View), 200, Array)
#12 D:\\development\\CollaborateAgenToC\\AgentC\\vendor\\laravel\\framework\\src\\Illuminate\\Routing\\Router.php(891): Illuminate\\Routing\\Router::toResponse(Object(Illuminate\\Http\\Request), Object(Illuminate\\View\\View))
#13 D:\\development\\CollaborateAgenToC\\AgentC\\vendor\\laravel\\framework\\src\\Illuminate\\Routing\\Router.php(807): Illuminate\\Routing\\Router->prepareResponse(Object(Illuminate\\Http\\Request), Object(Illuminate\\View\\View))
#14 D:\\development\\CollaborateAgenToC\\AgentC\\vendor\\laravel\\framework\\src\\Illuminate\\Pipeline\\Pipeline.php(169): Illuminate\\Routing\\Router->{closure:Illuminate\\Routing\\Router::runRouteWithinStack():807}(Object(Illuminate\\Http\\Request))
#15 D:\\development\\CollaborateAgenToC\\AgentC\\vendor\\laravel\\framework\\src\\Illuminate\\Routing\\Middleware\\SubstituteBindings.php(50): Illuminate\\Pipeline\\Pipeline->{closure:Illuminate\\Pipeline\\Pipeline::prepareDestination():167}(Object(Illuminate\\Http\\Request))
#16 D:\\development\\CollaborateAgenToC\\AgentC\\vendor\\laravel\\framework\\src\\Illuminate\\Pipeline\\Pipeline.php(208): Illuminate\\Routing\\Middleware\\SubstituteBindings->handle(Object(Illuminate\\Http\\Request), Object(Closure))
#17 D:\\development\\CollaborateAgenToC\\AgentC\\vendor\\laravel\\framework\\src\\Illuminate\\Foundation\\Http\\Middleware\\VerifyCsrfToken.php(87): Illuminate\\Pipeline\\Pipeline->{closure:{closure:Illuminate\\Pipeline\\Pipeline::carry():183}:184}(Object(Illuminate\\Http\\Request))
#18 D:\\development\\CollaborateAgenToC\\AgentC\\vendor\\laravel\\framework\\src\\Illuminate\\Pipeline\\Pipeline.php(208): Illuminate\\Foundation\\Http\\Middleware\\VerifyCsrfToken->handle(Object(Illuminate\\Http\\Request), Object(Closure))
#19 D:\\development\\CollaborateAgenToC\\AgentC\\vendor\\laravel\\framework\\src\\Illuminate\\View\\Middleware\\ShareErrorsFromSession.php(48): Illuminate\\Pipeline\\Pipeline->{closure:{closure:Illuminate\\Pipeline\\Pipeline::carry():183}:184}(Object(Illuminate\\Http\\Request))
#20 D:\\development\\CollaborateAgenToC\\AgentC\\vendor\\laravel\\framework\\src\\Illuminate\\Pipeline\\Pipeline.php(208): Illuminate\\View\\Middleware\\ShareErrorsFromSession->handle(Object(Illuminate\\Http\\Request), Object(Closure))
#21 D:\\development\\CollaborateAgenToC\\AgentC\\vendor\\laravel\\framework\\src\\Illuminate\\Session\\Middleware\\StartSession.php(120): Illuminate\\Pipeline\\Pipeline->{closure:{closure:Illuminate\\Pipeline\\Pipeline::carry():183}:184}(Object(Illuminate\\Http\\Request))
#22 D:\\development\\CollaborateAgenToC\\AgentC\\vendor\\laravel\\framework\\src\\Illuminate\\Session\\Middleware\\StartSession.php(63): Illuminate\\Session\\Middleware\\StartSession->handleStatefulRequest(Object(Illuminate\\Http\\Request), Object(Illuminate\\Session\\Store), Object(Closure))
#23 D:\\development\\CollaborateAgenToC\\AgentC\\vendor\\laravel\\framework\\src\\Illuminate\\Pipeline\\Pipeline.php(208): Illuminate\\Session\\Middleware\\StartSession->handle(Object(Illuminate\\Http\\Request), Object(Closure))
#24 D:\\development\\CollaborateAgenToC\\AgentC\\vendor\\laravel\\framework\\src\\Illuminate\\Cookie\\Middleware\\AddQueuedCookiesToResponse.php(36): Illuminate\\Pipeline\\Pipeline->{closure:{closure:Illuminate\\Pipeline\\Pipeline::carry():183}:184}(Object(Illuminate\\Http\\Request))
#25 D:\\development\\CollaborateAgenToC\\AgentC\\vendor\\laravel\\framework\\src\\Illuminate\\Pipeline\\Pipeline.php(208): Illuminate\\Cookie\\Middleware\\AddQueuedCookiesToResponse->handle(Object(Illuminate\\Http\\Request), Object(Closure))
#26 D:\\development\\CollaborateAgenToC\\AgentC\\vendor\\laravel\\framework\\src\\Illuminate\\Cookie\\Middleware\\EncryptCookies.php(74): Illuminate\\Pipeline\\Pipeline->{closure:{closure:Illuminate\\Pipeline\\Pipeline::carry():183}:184}(Object(Illuminate\\Http\\Request))
#27 D:\\development\\CollaborateAgenToC\\AgentC\\vendor\\laravel\\framework\\src\\Illuminate\\Pipeline\\Pipeline.php(208): Illuminate\\Cookie\\Middleware\\EncryptCookies->handle(Object(Illuminate\\Http\\Request), Object(Closure))
#28 D:\\development\\CollaborateAgenToC\\AgentC\\vendor\\laravel\\framework\\src\\Illuminate\\Pipeline\\Pipeline.php(126): Illuminate\\Pipeline\\Pipeline->{closure:{closure:Illuminate\\Pipeline\\Pipeline::carry():183}:184}(Object(Illuminate\\Http\\Request))
#29 D:\\development\\CollaborateAgenToC\\AgentC\\vendor\\laravel\\framework\\src\\Illuminate\\Routing\\Router.php(807): Illuminate\\Pipeline\\Pipeline->then(Object(Closure))
#30 D:\\development\\CollaborateAgenToC\\AgentC\\vendor\\laravel\\framework\\src\\Illuminate\\Routing\\Router.php(786): Illuminate\\Routing\\Router->runRouteWithinStack(Object(Illuminate\\Routing\\Route), Object(Illuminate\\Http\\Request))
#31 D:\\development\\CollaborateAgenToC\\AgentC\\vendor\\laravel\\framework\\src\\Illuminate\\Routing\\Router.php(750): Illuminate\\Routing\\Router->runRoute(Object(Illuminate\\Http\\Request), Object(Illuminate\\Routing\\Route))
#32 D:\\development\\CollaborateAgenToC\\AgentC\\vendor\\laravel\\framework\\src\\Illuminate\\Routing\\Router.php(739): Illuminate\\Routing\\Router->dispatchToRoute(Object(Illuminate\\Http\\Request))
#33 D:\\development\\CollaborateAgenToC\\AgentC\\vendor\\laravel\\framework\\src\\Illuminate\\Foundation\\Http\\Kernel.php(200): Illuminate\\Routing\\Router->dispatch(Object(Illuminate\\Http\\Request))
#34 D:\\development\\CollaborateAgenToC\\AgentC\\vendor\\laravel\\framework\\src\\Illuminate\\Pipeline\\Pipeline.php(169): Illuminate\\Foundation\\Http\\Kernel->{closure:Illuminate\\Foundation\\Http\\Kernel::dispatchToRouter():197}(Object(Illuminate\\Http\\Request))
#35 D:\\development\\CollaborateAgenToC\\AgentC\\vendor\\laravel\\framework\\src\\Illuminate\\Foundation\\Http\\Middleware\\TransformsRequest.php(21): Illuminate\\Pipeline\\Pipeline->{closure:Illuminate\\Pipeline\\Pipeline::prepareDestination():167}(Object(Illuminate\\Http\\Request))
#36 D:\\development\\CollaborateAgenToC\\AgentC\\vendor\\laravel\\framework\\src\\Illuminate\\Foundation\\Http\\Middleware\\ConvertEmptyStringsToNull.php(31): Illuminate\\Foundation\\Http\\Middleware\\TransformsRequest->handle(Object(Illuminate\\Http\\Request), Object(Closure))
#37 D:\\development\\CollaborateAgenToC\\AgentC\\vendor\\laravel\\framework\\src\\Illuminate\\Pipeline\\Pipeline.php(208): Illuminate\\Foundation\\Http\\Middleware\\ConvertEmptyStringsToNull->handle(Object(Illuminate\\Http\\Request), Object(Closure))
#38 D:\\development\\CollaborateAgenToC\\AgentC\\vendor\\laravel\\framework\\src\\Illuminate\\Foundation\\Http\\Middleware\\TransformsRequest.php(21): Illuminate\\Pipeline\\Pipeline->{closure:{closure:Illuminate\\Pipeline\\Pipeline::carry():183}:184}(Object(Illuminate\\Http\\Request))
#39 D:\\development\\CollaborateAgenToC\\AgentC\\vendor\\laravel\\framework\\src\\Illuminate\\Foundation\\Http\\Middleware\\TrimStrings.php(51): Illuminate\\Foundation\\Http\\Middleware\\TransformsRequest->handle(Object(Illuminate\\Http\\Request), Object(Closure))
#40 D:\\development\\CollaborateAgenToC\\AgentC\\vendor\\laravel\\framework\\src\\Illuminate\\Pipeline\\Pipeline.php(208): Illuminate\\Foundation\\Http\\Middleware\\TrimStrings->handle(Object(Illuminate\\Http\\Request), Object(Closure))
#41 D:\\development\\CollaborateAgenToC\\AgentC\\vendor\\laravel\\framework\\src\\Illuminate\\Http\\Middleware\\ValidatePostSize.php(27): Illuminate\\Pipeline\\Pipeline->{closure:{closure:Illuminate\\Pipeline\\Pipeline::carry():183}:184}(Object(Illuminate\\Http\\Request))
#42 D:\\development\\CollaborateAgenToC\\AgentC\\vendor\\laravel\\framework\\src\\Illuminate\\Pipeline\\Pipeline.php(208): Illuminate\\Http\\Middleware\\ValidatePostSize->handle(Object(Illuminate\\Http\\Request), Object(Closure))
#43 D:\\development\\CollaborateAgenToC\\AgentC\\vendor\\laravel\\framework\\src\\Illuminate\\Foundation\\Http\\Middleware\\PreventRequestsDuringMaintenance.php(109): Illuminate\\Pipeline\\Pipeline->{closure:{closure:Illuminate\\Pipeline\\Pipeline::carry():183}:184}(Object(Illuminate\\Http\\Request))
#44 D:\\development\\CollaborateAgenToC\\AgentC\\vendor\\laravel\\framework\\src\\Illuminate\\Pipeline\\Pipeline.php(208): Illuminate\\Foundation\\Http\\Middleware\\PreventRequestsDuringMaintenance->handle(Object(Illuminate\\Http\\Request), Object(Closure))
#45 D:\\development\\CollaborateAgenToC\\AgentC\\vendor\\laravel\\framework\\src\\Illuminate\\Http\\Middleware\\HandleCors.php(48): Illuminate\\Pipeline\\Pipeline->{closure:{closure:Illuminate\\Pipeline\\Pipeline::carry():183}:184}(Object(Illuminate\\Http\\Request))
#46 D:\\development\\CollaborateAgenToC\\AgentC\\vendor\\laravel\\framework\\src\\Illuminate\\Pipeline\\Pipeline.php(208): Illuminate\\Http\\Middleware\\HandleCors->handle(Object(Illuminate\\Http\\Request), Object(Closure))
#47 D:\\development\\CollaborateAgenToC\\AgentC\\vendor\\laravel\\framework\\src\\Illuminate\\Http\\Middleware\\TrustProxies.php(58): Illuminate\\Pipeline\\Pipeline->{closure:{closure:Illuminate\\Pipeline\\Pipeline::carry():183}:184}(Object(Illuminate\\Http\\Request))
#48 D:\\development\\CollaborateAgenToC\\AgentC\\vendor\\laravel\\framework\\src\\Illuminate\\Pipeline\\Pipeline.php(208): Illuminate\\Http\\Middleware\\TrustProxies->handle(Object(Illuminate\\Http\\Request), Object(Closure))
#49 D:\\development\\CollaborateAgenToC\\AgentC\\vendor\\laravel\\framework\\src\\Illuminate\\Foundation\\Http\\Middleware\\InvokeDeferredCallbacks.php(22): Illuminate\\Pipeline\\Pipeline->{closure:{closure:Illuminate\\Pipeline\\Pipeline::carry():183}:184}(Object(Illuminate\\Http\\Request))
#50 D:\\development\\CollaborateAgenToC\\AgentC\\vendor\\laravel\\framework\\src\\Illuminate\\Pipeline\\Pipeline.php(208): Illuminate\\Foundation\\Http\\Middleware\\InvokeDeferredCallbacks->handle(Object(Illuminate\\Http\\Request), Object(Closure))
#51 D:\\development\\CollaborateAgenToC\\AgentC\\vendor\\laravel\\framework\\src\\Illuminate\\Http\\Middleware\\ValidatePathEncoding.php(26): Illuminate\\Pipeline\\Pipeline->{closure:{closure:Illuminate\\Pipeline\\Pipeline::carry():183}:184}(Object(Illuminate\\Http\\Request))
#52 D:\\development\\CollaborateAgenToC\\AgentC\\vendor\\laravel\\framework\\src\\Illuminate\\Pipeline\\Pipeline.php(208): Illuminate\\Http\\Middleware\\ValidatePathEncoding->handle(Object(Illuminate\\Http\\Request), Object(Closure))
#53 D:\\development\\CollaborateAgenToC\\AgentC\\vendor\\laravel\\framework\\src\\Illuminate\\Pipeline\\Pipeline.php(126): Illuminate\\Pipeline\\Pipeline->{closure:{closure:Illuminate\\Pipeline\\Pipeline::carry():183}:184}(Object(Illuminate\\Http\\Request))
#54 D:\\development\\CollaborateAgenToC\\AgentC\\vendor\\laravel\\framework\\src\\Illuminate\\Foundation\\Http\\Kernel.php(175): Illuminate\\Pipeline\\Pipeline->then(Object(Closure))
#55 D:\\development\\CollaborateAgenToC\\AgentC\\vendor\\laravel\\framework\\src\\Illuminate\\Foundation\\Http\\Kernel.php(144): Illuminate\\Foundation\\Http\\Kernel->sendRequestThroughRouter(Object(Illuminate\\Http\\Request))
#56 D:\\development\\CollaborateAgenToC\\AgentC\\vendor\\laravel\\framework\\src\\Illuminate\\Foundation\\Application.php(1219): Illuminate\\Foundation\\Http\\Kernel->handle(Object(Illuminate\\Http\\Request))
#57 D:\\development\\CollaborateAgenToC\\AgentC\\public\\index.php(20): Illuminate\\Foundation\\Application->handleRequest(Object(Illuminate\\Http\\Request))
#58 D:\\development\\CollaborateAgenToC\\AgentC\\vendor\\laravel\\framework\\src\\Illuminate\\Foundation\\resources\\server.php(23): require_once('D:\\\\development\\\\...')
#59 {main}
"} 
[2025-08-29 10:55:55] Development.ERROR: syntax error, unexpected single-quoted string "]); ?></div>", expecting "]" (View: D:\development\CollaborateAgenToC\AgentC\resources\views\transaction\receipt.blade.php) {"exception":"[object] (Illuminate\\View\\ViewException(code: 0): syntax error, unexpected single-quoted string \"]); ?></div>\", expecting \"]\" (View: D:\\development\\CollaborateAgenToC\\AgentC\\resources\\views\\transaction\\receipt.blade.php) at D:\\development\\CollaborateAgenToC\\AgentC\\storage\\framework\\views\\a2c19a32c08e629f139836f12dd716ec.php:131)
[stacktrace]
#0 D:\\development\\CollaborateAgenToC\\AgentC\\vendor\\laravel\\framework\\src\\Illuminate\\View\\Engines\\PhpEngine.php(59): Illuminate\\View\\Engines\\CompilerEngine->handleViewException(Object(ParseError), 0)
#1 D:\\development\\CollaborateAgenToC\\AgentC\\vendor\\laravel\\framework\\src\\Illuminate\\View\\Engines\\CompilerEngine.php(74): Illuminate\\View\\Engines\\PhpEngine->evaluatePath('D:\\\\development\\\\...', Array)
#2 D:\\development\\CollaborateAgenToC\\AgentC\\vendor\\laravel\\framework\\src\\Illuminate\\View\\View.php(208): Illuminate\\View\\Engines\\CompilerEngine->get('D:\\\\development\\\\...', Array)
#3 D:\\development\\CollaborateAgenToC\\AgentC\\vendor\\laravel\\framework\\src\\Illuminate\\View\\View.php(191): Illuminate\\View\\View->getContents()
#4 D:\\development\\CollaborateAgenToC\\AgentC\\vendor\\laravel\\framework\\src\\Illuminate\\View\\View.php(160): Illuminate\\View\\View->renderContents()
#5 D:\\development\\CollaborateAgenToC\\AgentC\\vendor\\laravel\\framework\\src\\Illuminate\\Http\\Response.php(78): Illuminate\\View\\View->render()
#6 D:\\development\\CollaborateAgenToC\\AgentC\\vendor\\laravel\\framework\\src\\Illuminate\\Http\\Response.php(34): Illuminate\\Http\\Response->setContent(Object(Illuminate\\View\\View))
#7 D:\\development\\CollaborateAgenToC\\AgentC\\vendor\\laravel\\framework\\src\\Illuminate\\Routing\\Router.php(924): Illuminate\\Http\\Response->__construct(Object(Illuminate\\View\\View), 200, Array)
#8 D:\\development\\CollaborateAgenToC\\AgentC\\vendor\\laravel\\framework\\src\\Illuminate\\Routing\\Router.php(891): Illuminate\\Routing\\Router::toResponse(Object(Illuminate\\Http\\Request), Object(Illuminate\\View\\View))
#9 D:\\development\\CollaborateAgenToC\\AgentC\\vendor\\laravel\\framework\\src\\Illuminate\\Routing\\Router.php(807): Illuminate\\Routing\\Router->prepareResponse(Object(Illuminate\\Http\\Request), Object(Illuminate\\View\\View))
#10 D:\\development\\CollaborateAgenToC\\AgentC\\vendor\\laravel\\framework\\src\\Illuminate\\Pipeline\\Pipeline.php(169): Illuminate\\Routing\\Router->{closure:Illuminate\\Routing\\Router::runRouteWithinStack():807}(Object(Illuminate\\Http\\Request))
#11 D:\\development\\CollaborateAgenToC\\AgentC\\vendor\\laravel\\framework\\src\\Illuminate\\Routing\\Middleware\\SubstituteBindings.php(50): Illuminate\\Pipeline\\Pipeline->{closure:Illuminate\\Pipeline\\Pipeline::prepareDestination():167}(Object(Illuminate\\Http\\Request))
#12 D:\\development\\CollaborateAgenToC\\AgentC\\vendor\\laravel\\framework\\src\\Illuminate\\Pipeline\\Pipeline.php(208): Illuminate\\Routing\\Middleware\\SubstituteBindings->handle(Object(Illuminate\\Http\\Request), Object(Closure))
#13 D:\\development\\CollaborateAgenToC\\AgentC\\vendor\\laravel\\framework\\src\\Illuminate\\Foundation\\Http\\Middleware\\VerifyCsrfToken.php(87): Illuminate\\Pipeline\\Pipeline->{closure:{closure:Illuminate\\Pipeline\\Pipeline::carry():183}:184}(Object(Illuminate\\Http\\Request))
#14 D:\\development\\CollaborateAgenToC\\AgentC\\vendor\\laravel\\framework\\src\\Illuminate\\Pipeline\\Pipeline.php(208): Illuminate\\Foundation\\Http\\Middleware\\VerifyCsrfToken->handle(Object(Illuminate\\Http\\Request), Object(Closure))
#15 D:\\development\\CollaborateAgenToC\\AgentC\\vendor\\laravel\\framework\\src\\Illuminate\\View\\Middleware\\ShareErrorsFromSession.php(48): Illuminate\\Pipeline\\Pipeline->{closure:{closure:Illuminate\\Pipeline\\Pipeline::carry():183}:184}(Object(Illuminate\\Http\\Request))
#16 D:\\development\\CollaborateAgenToC\\AgentC\\vendor\\laravel\\framework\\src\\Illuminate\\Pipeline\\Pipeline.php(208): Illuminate\\View\\Middleware\\ShareErrorsFromSession->handle(Object(Illuminate\\Http\\Request), Object(Closure))
#17 D:\\development\\CollaborateAgenToC\\AgentC\\vendor\\laravel\\framework\\src\\Illuminate\\Session\\Middleware\\StartSession.php(120): Illuminate\\Pipeline\\Pipeline->{closure:{closure:Illuminate\\Pipeline\\Pipeline::carry():183}:184}(Object(Illuminate\\Http\\Request))
#18 D:\\development\\CollaborateAgenToC\\AgentC\\vendor\\laravel\\framework\\src\\Illuminate\\Session\\Middleware\\StartSession.php(63): Illuminate\\Session\\Middleware\\StartSession->handleStatefulRequest(Object(Illuminate\\Http\\Request), Object(Illuminate\\Session\\Store), Object(Closure))
#19 D:\\development\\CollaborateAgenToC\\AgentC\\vendor\\laravel\\framework\\src\\Illuminate\\Pipeline\\Pipeline.php(208): Illuminate\\Session\\Middleware\\StartSession->handle(Object(Illuminate\\Http\\Request), Object(Closure))
#20 D:\\development\\CollaborateAgenToC\\AgentC\\vendor\\laravel\\framework\\src\\Illuminate\\Cookie\\Middleware\\AddQueuedCookiesToResponse.php(36): Illuminate\\Pipeline\\Pipeline->{closure:{closure:Illuminate\\Pipeline\\Pipeline::carry():183}:184}(Object(Illuminate\\Http\\Request))
#21 D:\\development\\CollaborateAgenToC\\AgentC\\vendor\\laravel\\framework\\src\\Illuminate\\Pipeline\\Pipeline.php(208): Illuminate\\Cookie\\Middleware\\AddQueuedCookiesToResponse->handle(Object(Illuminate\\Http\\Request), Object(Closure))
#22 D:\\development\\CollaborateAgenToC\\AgentC\\vendor\\laravel\\framework\\src\\Illuminate\\Cookie\\Middleware\\EncryptCookies.php(74): Illuminate\\Pipeline\\Pipeline->{closure:{closure:Illuminate\\Pipeline\\Pipeline::carry():183}:184}(Object(Illuminate\\Http\\Request))
#23 D:\\development\\CollaborateAgenToC\\AgentC\\vendor\\laravel\\framework\\src\\Illuminate\\Pipeline\\Pipeline.php(208): Illuminate\\Cookie\\Middleware\\EncryptCookies->handle(Object(Illuminate\\Http\\Request), Object(Closure))
#24 D:\\development\\CollaborateAgenToC\\AgentC\\vendor\\laravel\\framework\\src\\Illuminate\\Pipeline\\Pipeline.php(126): Illuminate\\Pipeline\\Pipeline->{closure:{closure:Illuminate\\Pipeline\\Pipeline::carry():183}:184}(Object(Illuminate\\Http\\Request))
#25 D:\\development\\CollaborateAgenToC\\AgentC\\vendor\\laravel\\framework\\src\\Illuminate\\Routing\\Router.php(807): Illuminate\\Pipeline\\Pipeline->then(Object(Closure))
#26 D:\\development\\CollaborateAgenToC\\AgentC\\vendor\\laravel\\framework\\src\\Illuminate\\Routing\\Router.php(786): Illuminate\\Routing\\Router->runRouteWithinStack(Object(Illuminate\\Routing\\Route), Object(Illuminate\\Http\\Request))
#27 D:\\development\\CollaborateAgenToC\\AgentC\\vendor\\laravel\\framework\\src\\Illuminate\\Routing\\Router.php(750): Illuminate\\Routing\\Router->runRoute(Object(Illuminate\\Http\\Request), Object(Illuminate\\Routing\\Route))
#28 D:\\development\\CollaborateAgenToC\\AgentC\\vendor\\laravel\\framework\\src\\Illuminate\\Routing\\Router.php(739): Illuminate\\Routing\\Router->dispatchToRoute(Object(Illuminate\\Http\\Request))
#29 D:\\development\\CollaborateAgenToC\\AgentC\\vendor\\laravel\\framework\\src\\Illuminate\\Foundation\\Http\\Kernel.php(200): Illuminate\\Routing\\Router->dispatch(Object(Illuminate\\Http\\Request))
#30 D:\\development\\CollaborateAgenToC\\AgentC\\vendor\\laravel\\framework\\src\\Illuminate\\Pipeline\\Pipeline.php(169): Illuminate\\Foundation\\Http\\Kernel->{closure:Illuminate\\Foundation\\Http\\Kernel::dispatchToRouter():197}(Object(Illuminate\\Http\\Request))
#31 D:\\development\\CollaborateAgenToC\\AgentC\\vendor\\laravel\\framework\\src\\Illuminate\\Foundation\\Http\\Middleware\\TransformsRequest.php(21): Illuminate\\Pipeline\\Pipeline->{closure:Illuminate\\Pipeline\\Pipeline::prepareDestination():167}(Object(Illuminate\\Http\\Request))
#32 D:\\development\\CollaborateAgenToC\\AgentC\\vendor\\laravel\\framework\\src\\Illuminate\\Foundation\\Http\\Middleware\\ConvertEmptyStringsToNull.php(31): Illuminate\\Foundation\\Http\\Middleware\\TransformsRequest->handle(Object(Illuminate\\Http\\Request), Object(Closure))
#33 D:\\development\\CollaborateAgenToC\\AgentC\\vendor\\laravel\\framework\\src\\Illuminate\\Pipeline\\Pipeline.php(208): Illuminate\\Foundation\\Http\\Middleware\\ConvertEmptyStringsToNull->handle(Object(Illuminate\\Http\\Request), Object(Closure))
#34 D:\\development\\CollaborateAgenToC\\AgentC\\vendor\\laravel\\framework\\src\\Illuminate\\Foundation\\Http\\Middleware\\TransformsRequest.php(21): Illuminate\\Pipeline\\Pipeline->{closure:{closure:Illuminate\\Pipeline\\Pipeline::carry():183}:184}(Object(Illuminate\\Http\\Request))
#35 D:\\development\\CollaborateAgenToC\\AgentC\\vendor\\laravel\\framework\\src\\Illuminate\\Foundation\\Http\\Middleware\\TrimStrings.php(51): Illuminate\\Foundation\\Http\\Middleware\\TransformsRequest->handle(Object(Illuminate\\Http\\Request), Object(Closure))
#36 D:\\development\\CollaborateAgenToC\\AgentC\\vendor\\laravel\\framework\\src\\Illuminate\\Pipeline\\Pipeline.php(208): Illuminate\\Foundation\\Http\\Middleware\\TrimStrings->handle(Object(Illuminate\\Http\\Request), Object(Closure))
#37 D:\\development\\CollaborateAgenToC\\AgentC\\vendor\\laravel\\framework\\src\\Illuminate\\Http\\Middleware\\ValidatePostSize.php(27): Illuminate\\Pipeline\\Pipeline->{closure:{closure:Illuminate\\Pipeline\\Pipeline::carry():183}:184}(Object(Illuminate\\Http\\Request))
#38 D:\\development\\CollaborateAgenToC\\AgentC\\vendor\\laravel\\framework\\src\\Illuminate\\Pipeline\\Pipeline.php(208): Illuminate\\Http\\Middleware\\ValidatePostSize->handle(Object(Illuminate\\Http\\Request), Object(Closure))
#39 D:\\development\\CollaborateAgenToC\\AgentC\\vendor\\laravel\\framework\\src\\Illuminate\\Foundation\\Http\\Middleware\\PreventRequestsDuringMaintenance.php(109): Illuminate\\Pipeline\\Pipeline->{closure:{closure:Illuminate\\Pipeline\\Pipeline::carry():183}:184}(Object(Illuminate\\Http\\Request))
#40 D:\\development\\CollaborateAgenToC\\AgentC\\vendor\\laravel\\framework\\src\\Illuminate\\Pipeline\\Pipeline.php(208): Illuminate\\Foundation\\Http\\Middleware\\PreventRequestsDuringMaintenance->handle(Object(Illuminate\\Http\\Request), Object(Closure))
#41 D:\\development\\CollaborateAgenToC\\AgentC\\vendor\\laravel\\framework\\src\\Illuminate\\Http\\Middleware\\HandleCors.php(48): Illuminate\\Pipeline\\Pipeline->{closure:{closure:Illuminate\\Pipeline\\Pipeline::carry():183}:184}(Object(Illuminate\\Http\\Request))
#42 D:\\development\\CollaborateAgenToC\\AgentC\\vendor\\laravel\\framework\\src\\Illuminate\\Pipeline\\Pipeline.php(208): Illuminate\\Http\\Middleware\\HandleCors->handle(Object(Illuminate\\Http\\Request), Object(Closure))
#43 D:\\development\\CollaborateAgenToC\\AgentC\\vendor\\laravel\\framework\\src\\Illuminate\\Http\\Middleware\\TrustProxies.php(58): Illuminate\\Pipeline\\Pipeline->{closure:{closure:Illuminate\\Pipeline\\Pipeline::carry():183}:184}(Object(Illuminate\\Http\\Request))
#44 D:\\development\\CollaborateAgenToC\\AgentC\\vendor\\laravel\\framework\\src\\Illuminate\\Pipeline\\Pipeline.php(208): Illuminate\\Http\\Middleware\\TrustProxies->handle(Object(Illuminate\\Http\\Request), Object(Closure))
#45 D:\\development\\CollaborateAgenToC\\AgentC\\vendor\\laravel\\framework\\src\\Illuminate\\Foundation\\Http\\Middleware\\InvokeDeferredCallbacks.php(22): Illuminate\\Pipeline\\Pipeline->{closure:{closure:Illuminate\\Pipeline\\Pipeline::carry():183}:184}(Object(Illuminate\\Http\\Request))
#46 D:\\development\\CollaborateAgenToC\\AgentC\\vendor\\laravel\\framework\\src\\Illuminate\\Pipeline\\Pipeline.php(208): Illuminate\\Foundation\\Http\\Middleware\\InvokeDeferredCallbacks->handle(Object(Illuminate\\Http\\Request), Object(Closure))
#47 D:\\development\\CollaborateAgenToC\\AgentC\\vendor\\laravel\\framework\\src\\Illuminate\\Http\\Middleware\\ValidatePathEncoding.php(26): Illuminate\\Pipeline\\Pipeline->{closure:{closure:Illuminate\\Pipeline\\Pipeline::carry():183}:184}(Object(Illuminate\\Http\\Request))
#48 D:\\development\\CollaborateAgenToC\\AgentC\\vendor\\laravel\\framework\\src\\Illuminate\\Pipeline\\Pipeline.php(208): Illuminate\\Http\\Middleware\\ValidatePathEncoding->handle(Object(Illuminate\\Http\\Request), Object(Closure))
#49 D:\\development\\CollaborateAgenToC\\AgentC\\vendor\\laravel\\framework\\src\\Illuminate\\Pipeline\\Pipeline.php(126): Illuminate\\Pipeline\\Pipeline->{closure:{closure:Illuminate\\Pipeline\\Pipeline::carry():183}:184}(Object(Illuminate\\Http\\Request))
#50 D:\\development\\CollaborateAgenToC\\AgentC\\vendor\\laravel\\framework\\src\\Illuminate\\Foundation\\Http\\Kernel.php(175): Illuminate\\Pipeline\\Pipeline->then(Object(Closure))
#51 D:\\development\\CollaborateAgenToC\\AgentC\\vendor\\laravel\\framework\\src\\Illuminate\\Foundation\\Http\\Kernel.php(144): Illuminate\\Foundation\\Http\\Kernel->sendRequestThroughRouter(Object(Illuminate\\Http\\Request))
#52 D:\\development\\CollaborateAgenToC\\AgentC\\vendor\\laravel\\framework\\src\\Illuminate\\Foundation\\Application.php(1219): Illuminate\\Foundation\\Http\\Kernel->handle(Object(Illuminate\\Http\\Request))
#53 D:\\development\\CollaborateAgenToC\\AgentC\\public\\index.php(20): Illuminate\\Foundation\\Application->handleRequest(Object(Illuminate\\Http\\Request))
#54 D:\\development\\CollaborateAgenToC\\AgentC\\vendor\\laravel\\framework\\src\\Illuminate\\Foundation\\resources\\server.php(23): require_once('D:\\\\development\\\\...')
#55 {main}

[previous exception] [object] (ParseError(code: 0): syntax error, unexpected single-quoted string \"]); ?></div>\", expecting \"]\" at D:\\development\\CollaborateAgenToC\\AgentC\\storage\\framework\\views\\a2c19a32c08e629f139836f12dd716ec.php:131)
[stacktrace]
#0 D:\\development\\CollaborateAgenToC\\AgentC\\vendor\\laravel\\framework\\src\\Illuminate\\Filesystem\\Filesystem.php(124): Illuminate\\Filesystem\\Filesystem::{closure:Illuminate\\Filesystem\\Filesystem::getRequire():120}()
#1 D:\\development\\CollaborateAgenToC\\AgentC\\vendor\\laravel\\framework\\src\\Illuminate\\View\\Engines\\PhpEngine.php(57): Illuminate\\Filesystem\\Filesystem->getRequire('D:\\\\development\\\\...', Array)
#2 D:\\development\\CollaborateAgenToC\\AgentC\\vendor\\laravel\\framework\\src\\Illuminate\\View\\Engines\\CompilerEngine.php(74): Illuminate\\View\\Engines\\PhpEngine->evaluatePath('D:\\\\development\\\\...', Array)
#3 D:\\development\\CollaborateAgenToC\\AgentC\\vendor\\laravel\\framework\\src\\Illuminate\\View\\View.php(208): Illuminate\\View\\Engines\\CompilerEngine->get('D:\\\\development\\\\...', Array)
#4 D:\\development\\CollaborateAgenToC\\AgentC\\vendor\\laravel\\framework\\src\\Illuminate\\View\\View.php(191): Illuminate\\View\\View->getContents()
#5 D:\\development\\CollaborateAgenToC\\AgentC\\vendor\\laravel\\framework\\src\\Illuminate\\View\\View.php(160): Illuminate\\View\\View->renderContents()
#6 D:\\development\\CollaborateAgenToC\\AgentC\\vendor\\laravel\\framework\\src\\Illuminate\\Http\\Response.php(78): Illuminate\\View\\View->render()
#7 D:\\development\\CollaborateAgenToC\\AgentC\\vendor\\laravel\\framework\\src\\Illuminate\\Http\\Response.php(34): Illuminate\\Http\\Response->setContent(Object(Illuminate\\View\\View))
#8 D:\\development\\CollaborateAgenToC\\AgentC\\vendor\\laravel\\framework\\src\\Illuminate\\Routing\\Router.php(924): Illuminate\\Http\\Response->__construct(Object(Illuminate\\View\\View), 200, Array)
#9 D:\\development\\CollaborateAgenToC\\AgentC\\vendor\\laravel\\framework\\src\\Illuminate\\Routing\\Router.php(891): Illuminate\\Routing\\Router::toResponse(Object(Illuminate\\Http\\Request), Object(Illuminate\\View\\View))
#10 D:\\development\\CollaborateAgenToC\\AgentC\\vendor\\laravel\\framework\\src\\Illuminate\\Routing\\Router.php(807): Illuminate\\Routing\\Router->prepareResponse(Object(Illuminate\\Http\\Request), Object(Illuminate\\View\\View))
#11 D:\\development\\CollaborateAgenToC\\AgentC\\vendor\\laravel\\framework\\src\\Illuminate\\Pipeline\\Pipeline.php(169): Illuminate\\Routing\\Router->{closure:Illuminate\\Routing\\Router::runRouteWithinStack():807}(Object(Illuminate\\Http\\Request))
#12 D:\\development\\CollaborateAgenToC\\AgentC\\vendor\\laravel\\framework\\src\\Illuminate\\Routing\\Middleware\\SubstituteBindings.php(50): Illuminate\\Pipeline\\Pipeline->{closure:Illuminate\\Pipeline\\Pipeline::prepareDestination():167}(Object(Illuminate\\Http\\Request))
#13 D:\\development\\CollaborateAgenToC\\AgentC\\vendor\\laravel\\framework\\src\\Illuminate\\Pipeline\\Pipeline.php(208): Illuminate\\Routing\\Middleware\\SubstituteBindings->handle(Object(Illuminate\\Http\\Request), Object(Closure))
#14 D:\\development\\CollaborateAgenToC\\AgentC\\vendor\\laravel\\framework\\src\\Illuminate\\Foundation\\Http\\Middleware\\VerifyCsrfToken.php(87): Illuminate\\Pipeline\\Pipeline->{closure:{closure:Illuminate\\Pipeline\\Pipeline::carry():183}:184}(Object(Illuminate\\Http\\Request))
#15 D:\\development\\CollaborateAgenToC\\AgentC\\vendor\\laravel\\framework\\src\\Illuminate\\Pipeline\\Pipeline.php(208): Illuminate\\Foundation\\Http\\Middleware\\VerifyCsrfToken->handle(Object(Illuminate\\Http\\Request), Object(Closure))
#16 D:\\development\\CollaborateAgenToC\\AgentC\\vendor\\laravel\\framework\\src\\Illuminate\\View\\Middleware\\ShareErrorsFromSession.php(48): Illuminate\\Pipeline\\Pipeline->{closure:{closure:Illuminate\\Pipeline\\Pipeline::carry():183}:184}(Object(Illuminate\\Http\\Request))
#17 D:\\development\\CollaborateAgenToC\\AgentC\\vendor\\laravel\\framework\\src\\Illuminate\\Pipeline\\Pipeline.php(208): Illuminate\\View\\Middleware\\ShareErrorsFromSession->handle(Object(Illuminate\\Http\\Request), Object(Closure))
#18 D:\\development\\CollaborateAgenToC\\AgentC\\vendor\\laravel\\framework\\src\\Illuminate\\Session\\Middleware\\StartSession.php(120): Illuminate\\Pipeline\\Pipeline->{closure:{closure:Illuminate\\Pipeline\\Pipeline::carry():183}:184}(Object(Illuminate\\Http\\Request))
#19 D:\\development\\CollaborateAgenToC\\AgentC\\vendor\\laravel\\framework\\src\\Illuminate\\Session\\Middleware\\StartSession.php(63): Illuminate\\Session\\Middleware\\StartSession->handleStatefulRequest(Object(Illuminate\\Http\\Request), Object(Illuminate\\Session\\Store), Object(Closure))
#20 D:\\development\\CollaborateAgenToC\\AgentC\\vendor\\laravel\\framework\\src\\Illuminate\\Pipeline\\Pipeline.php(208): Illuminate\\Session\\Middleware\\StartSession->handle(Object(Illuminate\\Http\\Request), Object(Closure))
#21 D:\\development\\CollaborateAgenToC\\AgentC\\vendor\\laravel\\framework\\src\\Illuminate\\Cookie\\Middleware\\AddQueuedCookiesToResponse.php(36): Illuminate\\Pipeline\\Pipeline->{closure:{closure:Illuminate\\Pipeline\\Pipeline::carry():183}:184}(Object(Illuminate\\Http\\Request))
#22 D:\\development\\CollaborateAgenToC\\AgentC\\vendor\\laravel\\framework\\src\\Illuminate\\Pipeline\\Pipeline.php(208): Illuminate\\Cookie\\Middleware\\AddQueuedCookiesToResponse->handle(Object(Illuminate\\Http\\Request), Object(Closure))
#23 D:\\development\\CollaborateAgenToC\\AgentC\\vendor\\laravel\\framework\\src\\Illuminate\\Cookie\\Middleware\\EncryptCookies.php(74): Illuminate\\Pipeline\\Pipeline->{closure:{closure:Illuminate\\Pipeline\\Pipeline::carry():183}:184}(Object(Illuminate\\Http\\Request))
#24 D:\\development\\CollaborateAgenToC\\AgentC\\vendor\\laravel\\framework\\src\\Illuminate\\Pipeline\\Pipeline.php(208): Illuminate\\Cookie\\Middleware\\EncryptCookies->handle(Object(Illuminate\\Http\\Request), Object(Closure))
#25 D:\\development\\CollaborateAgenToC\\AgentC\\vendor\\laravel\\framework\\src\\Illuminate\\Pipeline\\Pipeline.php(126): Illuminate\\Pipeline\\Pipeline->{closure:{closure:Illuminate\\Pipeline\\Pipeline::carry():183}:184}(Object(Illuminate\\Http\\Request))
#26 D:\\development\\CollaborateAgenToC\\AgentC\\vendor\\laravel\\framework\\src\\Illuminate\\Routing\\Router.php(807): Illuminate\\Pipeline\\Pipeline->then(Object(Closure))
#27 D:\\development\\CollaborateAgenToC\\AgentC\\vendor\\laravel\\framework\\src\\Illuminate\\Routing\\Router.php(786): Illuminate\\Routing\\Router->runRouteWithinStack(Object(Illuminate\\Routing\\Route), Object(Illuminate\\Http\\Request))
#28 D:\\development\\CollaborateAgenToC\\AgentC\\vendor\\laravel\\framework\\src\\Illuminate\\Routing\\Router.php(750): Illuminate\\Routing\\Router->runRoute(Object(Illuminate\\Http\\Request), Object(Illuminate\\Routing\\Route))
#29 D:\\development\\CollaborateAgenToC\\AgentC\\vendor\\laravel\\framework\\src\\Illuminate\\Routing\\Router.php(739): Illuminate\\Routing\\Router->dispatchToRoute(Object(Illuminate\\Http\\Request))
#30 D:\\development\\CollaborateAgenToC\\AgentC\\vendor\\laravel\\framework\\src\\Illuminate\\Foundation\\Http\\Kernel.php(200): Illuminate\\Routing\\Router->dispatch(Object(Illuminate\\Http\\Request))
#31 D:\\development\\CollaborateAgenToC\\AgentC\\vendor\\laravel\\framework\\src\\Illuminate\\Pipeline\\Pipeline.php(169): Illuminate\\Foundation\\Http\\Kernel->{closure:Illuminate\\Foundation\\Http\\Kernel::dispatchToRouter():197}(Object(Illuminate\\Http\\Request))
#32 D:\\development\\CollaborateAgenToC\\AgentC\\vendor\\laravel\\framework\\src\\Illuminate\\Foundation\\Http\\Middleware\\TransformsRequest.php(21): Illuminate\\Pipeline\\Pipeline->{closure:Illuminate\\Pipeline\\Pipeline::prepareDestination():167}(Object(Illuminate\\Http\\Request))
#33 D:\\development\\CollaborateAgenToC\\AgentC\\vendor\\laravel\\framework\\src\\Illuminate\\Foundation\\Http\\Middleware\\ConvertEmptyStringsToNull.php(31): Illuminate\\Foundation\\Http\\Middleware\\TransformsRequest->handle(Object(Illuminate\\Http\\Request), Object(Closure))
#34 D:\\development\\CollaborateAgenToC\\AgentC\\vendor\\laravel\\framework\\src\\Illuminate\\Pipeline\\Pipeline.php(208): Illuminate\\Foundation\\Http\\Middleware\\ConvertEmptyStringsToNull->handle(Object(Illuminate\\Http\\Request), Object(Closure))
#35 D:\\development\\CollaborateAgenToC\\AgentC\\vendor\\laravel\\framework\\src\\Illuminate\\Foundation\\Http\\Middleware\\TransformsRequest.php(21): Illuminate\\Pipeline\\Pipeline->{closure:{closure:Illuminate\\Pipeline\\Pipeline::carry():183}:184}(Object(Illuminate\\Http\\Request))
#36 D:\\development\\CollaborateAgenToC\\AgentC\\vendor\\laravel\\framework\\src\\Illuminate\\Foundation\\Http\\Middleware\\TrimStrings.php(51): Illuminate\\Foundation\\Http\\Middleware\\TransformsRequest->handle(Object(Illuminate\\Http\\Request), Object(Closure))
#37 D:\\development\\CollaborateAgenToC\\AgentC\\vendor\\laravel\\framework\\src\\Illuminate\\Pipeline\\Pipeline.php(208): Illuminate\\Foundation\\Http\\Middleware\\TrimStrings->handle(Object(Illuminate\\Http\\Request), Object(Closure))
#38 D:\\development\\CollaborateAgenToC\\AgentC\\vendor\\laravel\\framework\\src\\Illuminate\\Http\\Middleware\\ValidatePostSize.php(27): Illuminate\\Pipeline\\Pipeline->{closure:{closure:Illuminate\\Pipeline\\Pipeline::carry():183}:184}(Object(Illuminate\\Http\\Request))
#39 D:\\development\\CollaborateAgenToC\\AgentC\\vendor\\laravel\\framework\\src\\Illuminate\\Pipeline\\Pipeline.php(208): Illuminate\\Http\\Middleware\\ValidatePostSize->handle(Object(Illuminate\\Http\\Request), Object(Closure))
#40 D:\\development\\CollaborateAgenToC\\AgentC\\vendor\\laravel\\framework\\src\\Illuminate\\Foundation\\Http\\Middleware\\PreventRequestsDuringMaintenance.php(109): Illuminate\\Pipeline\\Pipeline->{closure:{closure:Illuminate\\Pipeline\\Pipeline::carry():183}:184}(Object(Illuminate\\Http\\Request))
#41 D:\\development\\CollaborateAgenToC\\AgentC\\vendor\\laravel\\framework\\src\\Illuminate\\Pipeline\\Pipeline.php(208): Illuminate\\Foundation\\Http\\Middleware\\PreventRequestsDuringMaintenance->handle(Object(Illuminate\\Http\\Request), Object(Closure))
#42 D:\\development\\CollaborateAgenToC\\AgentC\\vendor\\laravel\\framework\\src\\Illuminate\\Http\\Middleware\\HandleCors.php(48): Illuminate\\Pipeline\\Pipeline->{closure:{closure:Illuminate\\Pipeline\\Pipeline::carry():183}:184}(Object(Illuminate\\Http\\Request))
#43 D:\\development\\CollaborateAgenToC\\AgentC\\vendor\\laravel\\framework\\src\\Illuminate\\Pipeline\\Pipeline.php(208): Illuminate\\Http\\Middleware\\HandleCors->handle(Object(Illuminate\\Http\\Request), Object(Closure))
#44 D:\\development\\CollaborateAgenToC\\AgentC\\vendor\\laravel\\framework\\src\\Illuminate\\Http\\Middleware\\TrustProxies.php(58): Illuminate\\Pipeline\\Pipeline->{closure:{closure:Illuminate\\Pipeline\\Pipeline::carry():183}:184}(Object(Illuminate\\Http\\Request))
#45 D:\\development\\CollaborateAgenToC\\AgentC\\vendor\\laravel\\framework\\src\\Illuminate\\Pipeline\\Pipeline.php(208): Illuminate\\Http\\Middleware\\TrustProxies->handle(Object(Illuminate\\Http\\Request), Object(Closure))
#46 D:\\development\\CollaborateAgenToC\\AgentC\\vendor\\laravel\\framework\\src\\Illuminate\\Foundation\\Http\\Middleware\\InvokeDeferredCallbacks.php(22): Illuminate\\Pipeline\\Pipeline->{closure:{closure:Illuminate\\Pipeline\\Pipeline::carry():183}:184}(Object(Illuminate\\Http\\Request))
#47 D:\\development\\CollaborateAgenToC\\AgentC\\vendor\\laravel\\framework\\src\\Illuminate\\Pipeline\\Pipeline.php(208): Illuminate\\Foundation\\Http\\Middleware\\InvokeDeferredCallbacks->handle(Object(Illuminate\\Http\\Request), Object(Closure))
#48 D:\\development\\CollaborateAgenToC\\AgentC\\vendor\\laravel\\framework\\src\\Illuminate\\Http\\Middleware\\ValidatePathEncoding.php(26): Illuminate\\Pipeline\\Pipeline->{closure:{closure:Illuminate\\Pipeline\\Pipeline::carry():183}:184}(Object(Illuminate\\Http\\Request))
#49 D:\\development\\CollaborateAgenToC\\AgentC\\vendor\\laravel\\framework\\src\\Illuminate\\Pipeline\\Pipeline.php(208): Illuminate\\Http\\Middleware\\ValidatePathEncoding->handle(Object(Illuminate\\Http\\Request), Object(Closure))
#50 D:\\development\\CollaborateAgenToC\\AgentC\\vendor\\laravel\\framework\\src\\Illuminate\\Pipeline\\Pipeline.php(126): Illuminate\\Pipeline\\Pipeline->{closure:{closure:Illuminate\\Pipeline\\Pipeline::carry():183}:184}(Object(Illuminate\\Http\\Request))
#51 D:\\development\\CollaborateAgenToC\\AgentC\\vendor\\laravel\\framework\\src\\Illuminate\\Foundation\\Http\\Kernel.php(175): Illuminate\\Pipeline\\Pipeline->then(Object(Closure))
#52 D:\\development\\CollaborateAgenToC\\AgentC\\vendor\\laravel\\framework\\src\\Illuminate\\Foundation\\Http\\Kernel.php(144): Illuminate\\Foundation\\Http\\Kernel->sendRequestThroughRouter(Object(Illuminate\\Http\\Request))
#53 D:\\development\\CollaborateAgenToC\\AgentC\\vendor\\laravel\\framework\\src\\Illuminate\\Foundation\\Application.php(1219): Illuminate\\Foundation\\Http\\Kernel->handle(Object(Illuminate\\Http\\Request))
#54 D:\\development\\CollaborateAgenToC\\AgentC\\public\\index.php(20): Illuminate\\Foundation\\Application->handleRequest(Object(Illuminate\\Http\\Request))
#55 D:\\development\\CollaborateAgenToC\\AgentC\\vendor\\laravel\\framework\\src\\Illuminate\\Foundation\\resources\\server.php(23): require_once('D:\\\\development\\\\...')
#56 {main}
"} 
[2025-08-29 10:56:05] Development.ERROR: Trying to access array offset on null (View: D:\development\CollaborateAgenToC\AgentC\resources\views\transaction\receipt.blade.php) {"exception":"[object] (Illuminate\\View\\ViewException(code: 0): Trying to access array offset on null (View: D:\\development\\CollaborateAgenToC\\AgentC\\resources\\views\\transaction\\receipt.blade.php) at D:\\development\\CollaborateAgenToC\\AgentC\\storage\\framework\\views\\a2c19a32c08e629f139836f12dd716ec.php:49)
[stacktrace]
#0 D:\\development\\CollaborateAgenToC\\AgentC\\vendor\\laravel\\framework\\src\\Illuminate\\View\\Engines\\PhpEngine.php(59): Illuminate\\View\\Engines\\CompilerEngine->handleViewException(Object(ErrorException), 0)
#1 D:\\development\\CollaborateAgenToC\\AgentC\\vendor\\laravel\\framework\\src\\Illuminate\\View\\Engines\\CompilerEngine.php(74): Illuminate\\View\\Engines\\PhpEngine->evaluatePath('D:\\\\development\\\\...', Array)
#2 D:\\development\\CollaborateAgenToC\\AgentC\\vendor\\laravel\\framework\\src\\Illuminate\\View\\View.php(208): Illuminate\\View\\Engines\\CompilerEngine->get('D:\\\\development\\\\...', Array)
#3 D:\\development\\CollaborateAgenToC\\AgentC\\vendor\\laravel\\framework\\src\\Illuminate\\View\\View.php(191): Illuminate\\View\\View->getContents()
#4 D:\\development\\CollaborateAgenToC\\AgentC\\vendor\\laravel\\framework\\src\\Illuminate\\View\\View.php(160): Illuminate\\View\\View->renderContents()
#5 D:\\development\\CollaborateAgenToC\\AgentC\\vendor\\laravel\\framework\\src\\Illuminate\\Http\\Response.php(78): Illuminate\\View\\View->render()
#6 D:\\development\\CollaborateAgenToC\\AgentC\\vendor\\laravel\\framework\\src\\Illuminate\\Http\\Response.php(34): Illuminate\\Http\\Response->setContent(Object(Illuminate\\View\\View))
#7 D:\\development\\CollaborateAgenToC\\AgentC\\vendor\\laravel\\framework\\src\\Illuminate\\Routing\\Router.php(924): Illuminate\\Http\\Response->__construct(Object(Illuminate\\View\\View), 200, Array)
#8 D:\\development\\CollaborateAgenToC\\AgentC\\vendor\\laravel\\framework\\src\\Illuminate\\Routing\\Router.php(891): Illuminate\\Routing\\Router::toResponse(Object(Illuminate\\Http\\Request), Object(Illuminate\\View\\View))
#9 D:\\development\\CollaborateAgenToC\\AgentC\\vendor\\laravel\\framework\\src\\Illuminate\\Routing\\Router.php(807): Illuminate\\Routing\\Router->prepareResponse(Object(Illuminate\\Http\\Request), Object(Illuminate\\View\\View))
#10 D:\\development\\CollaborateAgenToC\\AgentC\\vendor\\laravel\\framework\\src\\Illuminate\\Pipeline\\Pipeline.php(169): Illuminate\\Routing\\Router->{closure:Illuminate\\Routing\\Router::runRouteWithinStack():807}(Object(Illuminate\\Http\\Request))
#11 D:\\development\\CollaborateAgenToC\\AgentC\\vendor\\laravel\\framework\\src\\Illuminate\\Routing\\Middleware\\SubstituteBindings.php(50): Illuminate\\Pipeline\\Pipeline->{closure:Illuminate\\Pipeline\\Pipeline::prepareDestination():167}(Object(Illuminate\\Http\\Request))
#12 D:\\development\\CollaborateAgenToC\\AgentC\\vendor\\laravel\\framework\\src\\Illuminate\\Pipeline\\Pipeline.php(208): Illuminate\\Routing\\Middleware\\SubstituteBindings->handle(Object(Illuminate\\Http\\Request), Object(Closure))
#13 D:\\development\\CollaborateAgenToC\\AgentC\\vendor\\laravel\\framework\\src\\Illuminate\\Foundation\\Http\\Middleware\\VerifyCsrfToken.php(87): Illuminate\\Pipeline\\Pipeline->{closure:{closure:Illuminate\\Pipeline\\Pipeline::carry():183}:184}(Object(Illuminate\\Http\\Request))
#14 D:\\development\\CollaborateAgenToC\\AgentC\\vendor\\laravel\\framework\\src\\Illuminate\\Pipeline\\Pipeline.php(208): Illuminate\\Foundation\\Http\\Middleware\\VerifyCsrfToken->handle(Object(Illuminate\\Http\\Request), Object(Closure))
#15 D:\\development\\CollaborateAgenToC\\AgentC\\vendor\\laravel\\framework\\src\\Illuminate\\View\\Middleware\\ShareErrorsFromSession.php(48): Illuminate\\Pipeline\\Pipeline->{closure:{closure:Illuminate\\Pipeline\\Pipeline::carry():183}:184}(Object(Illuminate\\Http\\Request))
#16 D:\\development\\CollaborateAgenToC\\AgentC\\vendor\\laravel\\framework\\src\\Illuminate\\Pipeline\\Pipeline.php(208): Illuminate\\View\\Middleware\\ShareErrorsFromSession->handle(Object(Illuminate\\Http\\Request), Object(Closure))
#17 D:\\development\\CollaborateAgenToC\\AgentC\\vendor\\laravel\\framework\\src\\Illuminate\\Session\\Middleware\\StartSession.php(120): Illuminate\\Pipeline\\Pipeline->{closure:{closure:Illuminate\\Pipeline\\Pipeline::carry():183}:184}(Object(Illuminate\\Http\\Request))
#18 D:\\development\\CollaborateAgenToC\\AgentC\\vendor\\laravel\\framework\\src\\Illuminate\\Session\\Middleware\\StartSession.php(63): Illuminate\\Session\\Middleware\\StartSession->handleStatefulRequest(Object(Illuminate\\Http\\Request), Object(Illuminate\\Session\\Store), Object(Closure))
#19 D:\\development\\CollaborateAgenToC\\AgentC\\vendor\\laravel\\framework\\src\\Illuminate\\Pipeline\\Pipeline.php(208): Illuminate\\Session\\Middleware\\StartSession->handle(Object(Illuminate\\Http\\Request), Object(Closure))
#20 D:\\development\\CollaborateAgenToC\\AgentC\\vendor\\laravel\\framework\\src\\Illuminate\\Cookie\\Middleware\\AddQueuedCookiesToResponse.php(36): Illuminate\\Pipeline\\Pipeline->{closure:{closure:Illuminate\\Pipeline\\Pipeline::carry():183}:184}(Object(Illuminate\\Http\\Request))
#21 D:\\development\\CollaborateAgenToC\\AgentC\\vendor\\laravel\\framework\\src\\Illuminate\\Pipeline\\Pipeline.php(208): Illuminate\\Cookie\\Middleware\\AddQueuedCookiesToResponse->handle(Object(Illuminate\\Http\\Request), Object(Closure))
#22 D:\\development\\CollaborateAgenToC\\AgentC\\vendor\\laravel\\framework\\src\\Illuminate\\Cookie\\Middleware\\EncryptCookies.php(74): Illuminate\\Pipeline\\Pipeline->{closure:{closure:Illuminate\\Pipeline\\Pipeline::carry():183}:184}(Object(Illuminate\\Http\\Request))
#23 D:\\development\\CollaborateAgenToC\\AgentC\\vendor\\laravel\\framework\\src\\Illuminate\\Pipeline\\Pipeline.php(208): Illuminate\\Cookie\\Middleware\\EncryptCookies->handle(Object(Illuminate\\Http\\Request), Object(Closure))
#24 D:\\development\\CollaborateAgenToC\\AgentC\\vendor\\laravel\\framework\\src\\Illuminate\\Pipeline\\Pipeline.php(126): Illuminate\\Pipeline\\Pipeline->{closure:{closure:Illuminate\\Pipeline\\Pipeline::carry():183}:184}(Object(Illuminate\\Http\\Request))
#25 D:\\development\\CollaborateAgenToC\\AgentC\\vendor\\laravel\\framework\\src\\Illuminate\\Routing\\Router.php(807): Illuminate\\Pipeline\\Pipeline->then(Object(Closure))
#26 D:\\development\\CollaborateAgenToC\\AgentC\\vendor\\laravel\\framework\\src\\Illuminate\\Routing\\Router.php(786): Illuminate\\Routing\\Router->runRouteWithinStack(Object(Illuminate\\Routing\\Route), Object(Illuminate\\Http\\Request))
#27 D:\\development\\CollaborateAgenToC\\AgentC\\vendor\\laravel\\framework\\src\\Illuminate\\Routing\\Router.php(750): Illuminate\\Routing\\Router->runRoute(Object(Illuminate\\Http\\Request), Object(Illuminate\\Routing\\Route))
#28 D:\\development\\CollaborateAgenToC\\AgentC\\vendor\\laravel\\framework\\src\\Illuminate\\Routing\\Router.php(739): Illuminate\\Routing\\Router->dispatchToRoute(Object(Illuminate\\Http\\Request))
#29 D:\\development\\CollaborateAgenToC\\AgentC\\vendor\\laravel\\framework\\src\\Illuminate\\Foundation\\Http\\Kernel.php(200): Illuminate\\Routing\\Router->dispatch(Object(Illuminate\\Http\\Request))
#30 D:\\development\\CollaborateAgenToC\\AgentC\\vendor\\laravel\\framework\\src\\Illuminate\\Pipeline\\Pipeline.php(169): Illuminate\\Foundation\\Http\\Kernel->{closure:Illuminate\\Foundation\\Http\\Kernel::dispatchToRouter():197}(Object(Illuminate\\Http\\Request))
#31 D:\\development\\CollaborateAgenToC\\AgentC\\vendor\\laravel\\framework\\src\\Illuminate\\Foundation\\Http\\Middleware\\TransformsRequest.php(21): Illuminate\\Pipeline\\Pipeline->{closure:Illuminate\\Pipeline\\Pipeline::prepareDestination():167}(Object(Illuminate\\Http\\Request))
#32 D:\\development\\CollaborateAgenToC\\AgentC\\vendor\\laravel\\framework\\src\\Illuminate\\Foundation\\Http\\Middleware\\ConvertEmptyStringsToNull.php(31): Illuminate\\Foundation\\Http\\Middleware\\TransformsRequest->handle(Object(Illuminate\\Http\\Request), Object(Closure))
#33 D:\\development\\CollaborateAgenToC\\AgentC\\vendor\\laravel\\framework\\src\\Illuminate\\Pipeline\\Pipeline.php(208): Illuminate\\Foundation\\Http\\Middleware\\ConvertEmptyStringsToNull->handle(Object(Illuminate\\Http\\Request), Object(Closure))
#34 D:\\development\\CollaborateAgenToC\\AgentC\\vendor\\laravel\\framework\\src\\Illuminate\\Foundation\\Http\\Middleware\\TransformsRequest.php(21): Illuminate\\Pipeline\\Pipeline->{closure:{closure:Illuminate\\Pipeline\\Pipeline::carry():183}:184}(Object(Illuminate\\Http\\Request))
#35 D:\\development\\CollaborateAgenToC\\AgentC\\vendor\\laravel\\framework\\src\\Illuminate\\Foundation\\Http\\Middleware\\TrimStrings.php(51): Illuminate\\Foundation\\Http\\Middleware\\TransformsRequest->handle(Object(Illuminate\\Http\\Request), Object(Closure))
#36 D:\\development\\CollaborateAgenToC\\AgentC\\vendor\\laravel\\framework\\src\\Illuminate\\Pipeline\\Pipeline.php(208): Illuminate\\Foundation\\Http\\Middleware\\TrimStrings->handle(Object(Illuminate\\Http\\Request), Object(Closure))
#37 D:\\development\\CollaborateAgenToC\\AgentC\\vendor\\laravel\\framework\\src\\Illuminate\\Http\\Middleware\\ValidatePostSize.php(27): Illuminate\\Pipeline\\Pipeline->{closure:{closure:Illuminate\\Pipeline\\Pipeline::carry():183}:184}(Object(Illuminate\\Http\\Request))
#38 D:\\development\\CollaborateAgenToC\\AgentC\\vendor\\laravel\\framework\\src\\Illuminate\\Pipeline\\Pipeline.php(208): Illuminate\\Http\\Middleware\\ValidatePostSize->handle(Object(Illuminate\\Http\\Request), Object(Closure))
#39 D:\\development\\CollaborateAgenToC\\AgentC\\vendor\\laravel\\framework\\src\\Illuminate\\Foundation\\Http\\Middleware\\PreventRequestsDuringMaintenance.php(109): Illuminate\\Pipeline\\Pipeline->{closure:{closure:Illuminate\\Pipeline\\Pipeline::carry():183}:184}(Object(Illuminate\\Http\\Request))
#40 D:\\development\\CollaborateAgenToC\\AgentC\\vendor\\laravel\\framework\\src\\Illuminate\\Pipeline\\Pipeline.php(208): Illuminate\\Foundation\\Http\\Middleware\\PreventRequestsDuringMaintenance->handle(Object(Illuminate\\Http\\Request), Object(Closure))
#41 D:\\development\\CollaborateAgenToC\\AgentC\\vendor\\laravel\\framework\\src\\Illuminate\\Http\\Middleware\\HandleCors.php(48): Illuminate\\Pipeline\\Pipeline->{closure:{closure:Illuminate\\Pipeline\\Pipeline::carry():183}:184}(Object(Illuminate\\Http\\Request))
#42 D:\\development\\CollaborateAgenToC\\AgentC\\vendor\\laravel\\framework\\src\\Illuminate\\Pipeline\\Pipeline.php(208): Illuminate\\Http\\Middleware\\HandleCors->handle(Object(Illuminate\\Http\\Request), Object(Closure))
#43 D:\\development\\CollaborateAgenToC\\AgentC\\vendor\\laravel\\framework\\src\\Illuminate\\Http\\Middleware\\TrustProxies.php(58): Illuminate\\Pipeline\\Pipeline->{closure:{closure:Illuminate\\Pipeline\\Pipeline::carry():183}:184}(Object(Illuminate\\Http\\Request))
#44 D:\\development\\CollaborateAgenToC\\AgentC\\vendor\\laravel\\framework\\src\\Illuminate\\Pipeline\\Pipeline.php(208): Illuminate\\Http\\Middleware\\TrustProxies->handle(Object(Illuminate\\Http\\Request), Object(Closure))
#45 D:\\development\\CollaborateAgenToC\\AgentC\\vendor\\laravel\\framework\\src\\Illuminate\\Foundation\\Http\\Middleware\\InvokeDeferredCallbacks.php(22): Illuminate\\Pipeline\\Pipeline->{closure:{closure:Illuminate\\Pipeline\\Pipeline::carry():183}:184}(Object(Illuminate\\Http\\Request))
#46 D:\\development\\CollaborateAgenToC\\AgentC\\vendor\\laravel\\framework\\src\\Illuminate\\Pipeline\\Pipeline.php(208): Illuminate\\Foundation\\Http\\Middleware\\InvokeDeferredCallbacks->handle(Object(Illuminate\\Http\\Request), Object(Closure))
#47 D:\\development\\CollaborateAgenToC\\AgentC\\vendor\\laravel\\framework\\src\\Illuminate\\Http\\Middleware\\ValidatePathEncoding.php(26): Illuminate\\Pipeline\\Pipeline->{closure:{closure:Illuminate\\Pipeline\\Pipeline::carry():183}:184}(Object(Illuminate\\Http\\Request))
#48 D:\\development\\CollaborateAgenToC\\AgentC\\vendor\\laravel\\framework\\src\\Illuminate\\Pipeline\\Pipeline.php(208): Illuminate\\Http\\Middleware\\ValidatePathEncoding->handle(Object(Illuminate\\Http\\Request), Object(Closure))
#49 D:\\development\\CollaborateAgenToC\\AgentC\\vendor\\laravel\\framework\\src\\Illuminate\\Pipeline\\Pipeline.php(126): Illuminate\\Pipeline\\Pipeline->{closure:{closure:Illuminate\\Pipeline\\Pipeline::carry():183}:184}(Object(Illuminate\\Http\\Request))
#50 D:\\development\\CollaborateAgenToC\\AgentC\\vendor\\laravel\\framework\\src\\Illuminate\\Foundation\\Http\\Kernel.php(175): Illuminate\\Pipeline\\Pipeline->then(Object(Closure))
#51 D:\\development\\CollaborateAgenToC\\AgentC\\vendor\\laravel\\framework\\src\\Illuminate\\Foundation\\Http\\Kernel.php(144): Illuminate\\Foundation\\Http\\Kernel->sendRequestThroughRouter(Object(Illuminate\\Http\\Request))
#52 D:\\development\\CollaborateAgenToC\\AgentC\\vendor\\laravel\\framework\\src\\Illuminate\\Foundation\\Application.php(1219): Illuminate\\Foundation\\Http\\Kernel->handle(Object(Illuminate\\Http\\Request))
#53 D:\\development\\CollaborateAgenToC\\AgentC\\public\\index.php(20): Illuminate\\Foundation\\Application->handleRequest(Object(Illuminate\\Http\\Request))
#54 D:\\development\\CollaborateAgenToC\\AgentC\\vendor\\laravel\\framework\\src\\Illuminate\\Foundation\\resources\\server.php(23): require_once('D:\\\\development\\\\...')
#55 {main}

[previous exception] [object] (ErrorException(code: 0): Trying to access array offset on null at D:\\development\\CollaborateAgenToC\\AgentC\\storage\\framework\\views\\a2c19a32c08e629f139836f12dd716ec.php:49)
[stacktrace]
#0 D:\\development\\CollaborateAgenToC\\AgentC\\vendor\\laravel\\framework\\src\\Illuminate\\Foundation\\Bootstrap\\HandleExceptions.php(256): Illuminate\\Foundation\\Bootstrap\\HandleExceptions->handleError(2, 'Trying to acces...', 'D:\\\\development\\\\...', 49)
#1 D:\\development\\CollaborateAgenToC\\AgentC\\storage\\framework\\views\\a2c19a32c08e629f139836f12dd716ec.php(49): Illuminate\\Foundation\\Bootstrap\\HandleExceptions->{closure:Illuminate\\Foundation\\Bootstrap\\HandleExceptions::forwardsTo():255}(2, 'Trying to acces...', 'D:\\\\development\\\\...', 49)
#2 D:\\development\\CollaborateAgenToC\\AgentC\\vendor\\laravel\\framework\\src\\Illuminate\\Filesystem\\Filesystem.php(123): require('D:\\\\development\\\\...')
#3 D:\\development\\CollaborateAgenToC\\AgentC\\vendor\\laravel\\framework\\src\\Illuminate\\Filesystem\\Filesystem.php(124): Illuminate\\Filesystem\\Filesystem::{closure:Illuminate\\Filesystem\\Filesystem::getRequire():120}()
#4 D:\\development\\CollaborateAgenToC\\AgentC\\vendor\\laravel\\framework\\src\\Illuminate\\View\\Engines\\PhpEngine.php(57): Illuminate\\Filesystem\\Filesystem->getRequire('D:\\\\development\\\\...', Array)
#5 D:\\development\\CollaborateAgenToC\\AgentC\\vendor\\laravel\\framework\\src\\Illuminate\\View\\Engines\\CompilerEngine.php(74): Illuminate\\View\\Engines\\PhpEngine->evaluatePath('D:\\\\development\\\\...', Array)
#6 D:\\development\\CollaborateAgenToC\\AgentC\\vendor\\laravel\\framework\\src\\Illuminate\\View\\View.php(208): Illuminate\\View\\Engines\\CompilerEngine->get('D:\\\\development\\\\...', Array)
#7 D:\\development\\CollaborateAgenToC\\AgentC\\vendor\\laravel\\framework\\src\\Illuminate\\View\\View.php(191): Illuminate\\View\\View->getContents()
#8 D:\\development\\CollaborateAgenToC\\AgentC\\vendor\\laravel\\framework\\src\\Illuminate\\View\\View.php(160): Illuminate\\View\\View->renderContents()
#9 D:\\development\\CollaborateAgenToC\\AgentC\\vendor\\laravel\\framework\\src\\Illuminate\\Http\\Response.php(78): Illuminate\\View\\View->render()
#10 D:\\development\\CollaborateAgenToC\\AgentC\\vendor\\laravel\\framework\\src\\Illuminate\\Http\\Response.php(34): Illuminate\\Http\\Response->setContent(Object(Illuminate\\View\\View))
#11 D:\\development\\CollaborateAgenToC\\AgentC\\vendor\\laravel\\framework\\src\\Illuminate\\Routing\\Router.php(924): Illuminate\\Http\\Response->__construct(Object(Illuminate\\View\\View), 200, Array)
#12 D:\\development\\CollaborateAgenToC\\AgentC\\vendor\\laravel\\framework\\src\\Illuminate\\Routing\\Router.php(891): Illuminate\\Routing\\Router::toResponse(Object(Illuminate\\Http\\Request), Object(Illuminate\\View\\View))
#13 D:\\development\\CollaborateAgenToC\\AgentC\\vendor\\laravel\\framework\\src\\Illuminate\\Routing\\Router.php(807): Illuminate\\Routing\\Router->prepareResponse(Object(Illuminate\\Http\\Request), Object(Illuminate\\View\\View))
#14 D:\\development\\CollaborateAgenToC\\AgentC\\vendor\\laravel\\framework\\src\\Illuminate\\Pipeline\\Pipeline.php(169): Illuminate\\Routing\\Router->{closure:Illuminate\\Routing\\Router::runRouteWithinStack():807}(Object(Illuminate\\Http\\Request))
#15 D:\\development\\CollaborateAgenToC\\AgentC\\vendor\\laravel\\framework\\src\\Illuminate\\Routing\\Middleware\\SubstituteBindings.php(50): Illuminate\\Pipeline\\Pipeline->{closure:Illuminate\\Pipeline\\Pipeline::prepareDestination():167}(Object(Illuminate\\Http\\Request))
#16 D:\\development\\CollaborateAgenToC\\AgentC\\vendor\\laravel\\framework\\src\\Illuminate\\Pipeline\\Pipeline.php(208): Illuminate\\Routing\\Middleware\\SubstituteBindings->handle(Object(Illuminate\\Http\\Request), Object(Closure))
#17 D:\\development\\CollaborateAgenToC\\AgentC\\vendor\\laravel\\framework\\src\\Illuminate\\Foundation\\Http\\Middleware\\VerifyCsrfToken.php(87): Illuminate\\Pipeline\\Pipeline->{closure:{closure:Illuminate\\Pipeline\\Pipeline::carry():183}:184}(Object(Illuminate\\Http\\Request))
#18 D:\\development\\CollaborateAgenToC\\AgentC\\vendor\\laravel\\framework\\src\\Illuminate\\Pipeline\\Pipeline.php(208): Illuminate\\Foundation\\Http\\Middleware\\VerifyCsrfToken->handle(Object(Illuminate\\Http\\Request), Object(Closure))
#19 D:\\development\\CollaborateAgenToC\\AgentC\\vendor\\laravel\\framework\\src\\Illuminate\\View\\Middleware\\ShareErrorsFromSession.php(48): Illuminate\\Pipeline\\Pipeline->{closure:{closure:Illuminate\\Pipeline\\Pipeline::carry():183}:184}(Object(Illuminate\\Http\\Request))
#20 D:\\development\\CollaborateAgenToC\\AgentC\\vendor\\laravel\\framework\\src\\Illuminate\\Pipeline\\Pipeline.php(208): Illuminate\\View\\Middleware\\ShareErrorsFromSession->handle(Object(Illuminate\\Http\\Request), Object(Closure))
#21 D:\\development\\CollaborateAgenToC\\AgentC\\vendor\\laravel\\framework\\src\\Illuminate\\Session\\Middleware\\StartSession.php(120): Illuminate\\Pipeline\\Pipeline->{closure:{closure:Illuminate\\Pipeline\\Pipeline::carry():183}:184}(Object(Illuminate\\Http\\Request))
#22 D:\\development\\CollaborateAgenToC\\AgentC\\vendor\\laravel\\framework\\src\\Illuminate\\Session\\Middleware\\StartSession.php(63): Illuminate\\Session\\Middleware\\StartSession->handleStatefulRequest(Object(Illuminate\\Http\\Request), Object(Illuminate\\Session\\Store), Object(Closure))
#23 D:\\development\\CollaborateAgenToC\\AgentC\\vendor\\laravel\\framework\\src\\Illuminate\\Pipeline\\Pipeline.php(208): Illuminate\\Session\\Middleware\\StartSession->handle(Object(Illuminate\\Http\\Request), Object(Closure))
#24 D:\\development\\CollaborateAgenToC\\AgentC\\vendor\\laravel\\framework\\src\\Illuminate\\Cookie\\Middleware\\AddQueuedCookiesToResponse.php(36): Illuminate\\Pipeline\\Pipeline->{closure:{closure:Illuminate\\Pipeline\\Pipeline::carry():183}:184}(Object(Illuminate\\Http\\Request))
#25 D:\\development\\CollaborateAgenToC\\AgentC\\vendor\\laravel\\framework\\src\\Illuminate\\Pipeline\\Pipeline.php(208): Illuminate\\Cookie\\Middleware\\AddQueuedCookiesToResponse->handle(Object(Illuminate\\Http\\Request), Object(Closure))
#26 D:\\development\\CollaborateAgenToC\\AgentC\\vendor\\laravel\\framework\\src\\Illuminate\\Cookie\\Middleware\\EncryptCookies.php(74): Illuminate\\Pipeline\\Pipeline->{closure:{closure:Illuminate\\Pipeline\\Pipeline::carry():183}:184}(Object(Illuminate\\Http\\Request))
#27 D:\\development\\CollaborateAgenToC\\AgentC\\vendor\\laravel\\framework\\src\\Illuminate\\Pipeline\\Pipeline.php(208): Illuminate\\Cookie\\Middleware\\EncryptCookies->handle(Object(Illuminate\\Http\\Request), Object(Closure))
#28 D:\\development\\CollaborateAgenToC\\AgentC\\vendor\\laravel\\framework\\src\\Illuminate\\Pipeline\\Pipeline.php(126): Illuminate\\Pipeline\\Pipeline->{closure:{closure:Illuminate\\Pipeline\\Pipeline::carry():183}:184}(Object(Illuminate\\Http\\Request))
#29 D:\\development\\CollaborateAgenToC\\AgentC\\vendor\\laravel\\framework\\src\\Illuminate\\Routing\\Router.php(807): Illuminate\\Pipeline\\Pipeline->then(Object(Closure))
#30 D:\\development\\CollaborateAgenToC\\AgentC\\vendor\\laravel\\framework\\src\\Illuminate\\Routing\\Router.php(786): Illuminate\\Routing\\Router->runRouteWithinStack(Object(Illuminate\\Routing\\Route), Object(Illuminate\\Http\\Request))
#31 D:\\development\\CollaborateAgenToC\\AgentC\\vendor\\laravel\\framework\\src\\Illuminate\\Routing\\Router.php(750): Illuminate\\Routing\\Router->runRoute(Object(Illuminate\\Http\\Request), Object(Illuminate\\Routing\\Route))
#32 D:\\development\\CollaborateAgenToC\\AgentC\\vendor\\laravel\\framework\\src\\Illuminate\\Routing\\Router.php(739): Illuminate\\Routing\\Router->dispatchToRoute(Object(Illuminate\\Http\\Request))
#33 D:\\development\\CollaborateAgenToC\\AgentC\\vendor\\laravel\\framework\\src\\Illuminate\\Foundation\\Http\\Kernel.php(200): Illuminate\\Routing\\Router->dispatch(Object(Illuminate\\Http\\Request))
#34 D:\\development\\CollaborateAgenToC\\AgentC\\vendor\\laravel\\framework\\src\\Illuminate\\Pipeline\\Pipeline.php(169): Illuminate\\Foundation\\Http\\Kernel->{closure:Illuminate\\Foundation\\Http\\Kernel::dispatchToRouter():197}(Object(Illuminate\\Http\\Request))
#35 D:\\development\\CollaborateAgenToC\\AgentC\\vendor\\laravel\\framework\\src\\Illuminate\\Foundation\\Http\\Middleware\\TransformsRequest.php(21): Illuminate\\Pipeline\\Pipeline->{closure:Illuminate\\Pipeline\\Pipeline::prepareDestination():167}(Object(Illuminate\\Http\\Request))
#36 D:\\development\\CollaborateAgenToC\\AgentC\\vendor\\laravel\\framework\\src\\Illuminate\\Foundation\\Http\\Middleware\\ConvertEmptyStringsToNull.php(31): Illuminate\\Foundation\\Http\\Middleware\\TransformsRequest->handle(Object(Illuminate\\Http\\Request), Object(Closure))
#37 D:\\development\\CollaborateAgenToC\\AgentC\\vendor\\laravel\\framework\\src\\Illuminate\\Pipeline\\Pipeline.php(208): Illuminate\\Foundation\\Http\\Middleware\\ConvertEmptyStringsToNull->handle(Object(Illuminate\\Http\\Request), Object(Closure))
#38 D:\\development\\CollaborateAgenToC\\AgentC\\vendor\\laravel\\framework\\src\\Illuminate\\Foundation\\Http\\Middleware\\TransformsRequest.php(21): Illuminate\\Pipeline\\Pipeline->{closure:{closure:Illuminate\\Pipeline\\Pipeline::carry():183}:184}(Object(Illuminate\\Http\\Request))
#39 D:\\development\\CollaborateAgenToC\\AgentC\\vendor\\laravel\\framework\\src\\Illuminate\\Foundation\\Http\\Middleware\\TrimStrings.php(51): Illuminate\\Foundation\\Http\\Middleware\\TransformsRequest->handle(Object(Illuminate\\Http\\Request), Object(Closure))
#40 D:\\development\\CollaborateAgenToC\\AgentC\\vendor\\laravel\\framework\\src\\Illuminate\\Pipeline\\Pipeline.php(208): Illuminate\\Foundation\\Http\\Middleware\\TrimStrings->handle(Object(Illuminate\\Http\\Request), Object(Closure))
#41 D:\\development\\CollaborateAgenToC\\AgentC\\vendor\\laravel\\framework\\src\\Illuminate\\Http\\Middleware\\ValidatePostSize.php(27): Illuminate\\Pipeline\\Pipeline->{closure:{closure:Illuminate\\Pipeline\\Pipeline::carry():183}:184}(Object(Illuminate\\Http\\Request))
#42 D:\\development\\CollaborateAgenToC\\AgentC\\vendor\\laravel\\framework\\src\\Illuminate\\Pipeline\\Pipeline.php(208): Illuminate\\Http\\Middleware\\ValidatePostSize->handle(Object(Illuminate\\Http\\Request), Object(Closure))
#43 D:\\development\\CollaborateAgenToC\\AgentC\\vendor\\laravel\\framework\\src\\Illuminate\\Foundation\\Http\\Middleware\\PreventRequestsDuringMaintenance.php(109): Illuminate\\Pipeline\\Pipeline->{closure:{closure:Illuminate\\Pipeline\\Pipeline::carry():183}:184}(Object(Illuminate\\Http\\Request))
#44 D:\\development\\CollaborateAgenToC\\AgentC\\vendor\\laravel\\framework\\src\\Illuminate\\Pipeline\\Pipeline.php(208): Illuminate\\Foundation\\Http\\Middleware\\PreventRequestsDuringMaintenance->handle(Object(Illuminate\\Http\\Request), Object(Closure))
#45 D:\\development\\CollaborateAgenToC\\AgentC\\vendor\\laravel\\framework\\src\\Illuminate\\Http\\Middleware\\HandleCors.php(48): Illuminate\\Pipeline\\Pipeline->{closure:{closure:Illuminate\\Pipeline\\Pipeline::carry():183}:184}(Object(Illuminate\\Http\\Request))
#46 D:\\development\\CollaborateAgenToC\\AgentC\\vendor\\laravel\\framework\\src\\Illuminate\\Pipeline\\Pipeline.php(208): Illuminate\\Http\\Middleware\\HandleCors->handle(Object(Illuminate\\Http\\Request), Object(Closure))
#47 D:\\development\\CollaborateAgenToC\\AgentC\\vendor\\laravel\\framework\\src\\Illuminate\\Http\\Middleware\\TrustProxies.php(58): Illuminate\\Pipeline\\Pipeline->{closure:{closure:Illuminate\\Pipeline\\Pipeline::carry():183}:184}(Object(Illuminate\\Http\\Request))
#48 D:\\development\\CollaborateAgenToC\\AgentC\\vendor\\laravel\\framework\\src\\Illuminate\\Pipeline\\Pipeline.php(208): Illuminate\\Http\\Middleware\\TrustProxies->handle(Object(Illuminate\\Http\\Request), Object(Closure))
#49 D:\\development\\CollaborateAgenToC\\AgentC\\vendor\\laravel\\framework\\src\\Illuminate\\Foundation\\Http\\Middleware\\InvokeDeferredCallbacks.php(22): Illuminate\\Pipeline\\Pipeline->{closure:{closure:Illuminate\\Pipeline\\Pipeline::carry():183}:184}(Object(Illuminate\\Http\\Request))
#50 D:\\development\\CollaborateAgenToC\\AgentC\\vendor\\laravel\\framework\\src\\Illuminate\\Pipeline\\Pipeline.php(208): Illuminate\\Foundation\\Http\\Middleware\\InvokeDeferredCallbacks->handle(Object(Illuminate\\Http\\Request), Object(Closure))
#51 D:\\development\\CollaborateAgenToC\\AgentC\\vendor\\laravel\\framework\\src\\Illuminate\\Http\\Middleware\\ValidatePathEncoding.php(26): Illuminate\\Pipeline\\Pipeline->{closure:{closure:Illuminate\\Pipeline\\Pipeline::carry():183}:184}(Object(Illuminate\\Http\\Request))
#52 D:\\development\\CollaborateAgenToC\\AgentC\\vendor\\laravel\\framework\\src\\Illuminate\\Pipeline\\Pipeline.php(208): Illuminate\\Http\\Middleware\\ValidatePathEncoding->handle(Object(Illuminate\\Http\\Request), Object(Closure))
#53 D:\\development\\CollaborateAgenToC\\AgentC\\vendor\\laravel\\framework\\src\\Illuminate\\Pipeline\\Pipeline.php(126): Illuminate\\Pipeline\\Pipeline->{closure:{closure:Illuminate\\Pipeline\\Pipeline::carry():183}:184}(Object(Illuminate\\Http\\Request))
#54 D:\\development\\CollaborateAgenToC\\AgentC\\vendor\\laravel\\framework\\src\\Illuminate\\Foundation\\Http\\Kernel.php(175): Illuminate\\Pipeline\\Pipeline->then(Object(Closure))
#55 D:\\development\\CollaborateAgenToC\\AgentC\\vendor\\laravel\\framework\\src\\Illuminate\\Foundation\\Http\\Kernel.php(144): Illuminate\\Foundation\\Http\\Kernel->sendRequestThroughRouter(Object(Illuminate\\Http\\Request))
#56 D:\\development\\CollaborateAgenToC\\AgentC\\vendor\\laravel\\framework\\src\\Illuminate\\Foundation\\Application.php(1219): Illuminate\\Foundation\\Http\\Kernel->handle(Object(Illuminate\\Http\\Request))
#57 D:\\development\\CollaborateAgenToC\\AgentC\\public\\index.php(20): Illuminate\\Foundation\\Application->handleRequest(Object(Illuminate\\Http\\Request))
#58 D:\\development\\CollaborateAgenToC\\AgentC\\vendor\\laravel\\framework\\src\\Illuminate\\Foundation\\resources\\server.php(23): require_once('D:\\\\development\\\\...')
#59 {main}
"} 
[2025-08-29 11:02:27] Development.ERROR: SQLSTATE[HY000]: General error: 1 near "*": syntax error (Connection: sqlite, SQL: select "users"."*user_detail".* from "users" inner join "user_detail" on "users"."user_detail_id" = "user_detail"."user_detail_id" where "user_detail"."user_detail_id" = UD-1793-2908 limit 1) {"exception":"[object] (Illuminate\\Database\\QueryException(code: HY000): SQLSTATE[HY000]: General error: 1 near \"*\": syntax error (Connection: sqlite, SQL: select \"users\".\"*user_detail\".* from \"users\" inner join \"user_detail\" on \"users\".\"user_detail_id\" = \"user_detail\".\"user_detail_id\" where \"user_detail\".\"user_detail_id\" = UD-1793-2908 limit 1) at D:\\development\\CollaborateAgenToC\\AgentC\\vendor\\laravel\\framework\\src\\Illuminate\\Database\\Connection.php:822)
[stacktrace]
#0 D:\\development\\CollaborateAgenToC\\AgentC\\vendor\\laravel\\framework\\src\\Illuminate\\Database\\Connection.php(776): Illuminate\\Database\\Connection->runQueryCallback('select \"users\"....', Array, Object(Closure))
#1 D:\\development\\CollaborateAgenToC\\AgentC\\vendor\\laravel\\framework\\src\\Illuminate\\Database\\Connection.php(395): Illuminate\\Database\\Connection->run('select \"users\"....', Array, Object(Closure))
#2 D:\\development\\CollaborateAgenToC\\AgentC\\vendor\\laravel\\framework\\src\\Illuminate\\Database\\Query\\Builder.php(3131): Illuminate\\Database\\Connection->select('select \"users\"....', Array, true)
#3 D:\\development\\CollaborateAgenToC\\AgentC\\vendor\\laravel\\framework\\src\\Illuminate\\Database\\Query\\Builder.php(3116): Illuminate\\Database\\Query\\Builder->runSelect()
#4 D:\\development\\CollaborateAgenToC\\AgentC\\vendor\\laravel\\framework\\src\\Illuminate\\Database\\Query\\Builder.php(3706): Illuminate\\Database\\Query\\Builder->{closure:Illuminate\\Database\\Query\\Builder::get():3115}()
#5 D:\\development\\CollaborateAgenToC\\AgentC\\vendor\\laravel\\framework\\src\\Illuminate\\Database\\Query\\Builder.php(3115): Illuminate\\Database\\Query\\Builder->onceWithColumns(Array, Object(Closure))
#6 D:\\development\\CollaborateAgenToC\\AgentC\\vendor\\laravel\\framework\\src\\Illuminate\\Database\\Eloquent\\Builder.php(872): Illuminate\\Database\\Query\\Builder->get(Array)
#7 D:\\development\\CollaborateAgenToC\\AgentC\\vendor\\laravel\\framework\\src\\Illuminate\\Database\\Eloquent\\Builder.php(854): Illuminate\\Database\\Eloquent\\Builder->getModels(Array)
#8 D:\\development\\CollaborateAgenToC\\AgentC\\vendor\\laravel\\framework\\src\\Illuminate\\Database\\Concerns\\BuildsQueries.php(366): Illuminate\\Database\\Eloquent\\Builder->get(Array)
#9 D:\\development\\CollaborateAgenToC\\AgentC\\app\\Http\\Controllers\\TransactionsController.php(160): Illuminate\\Database\\Eloquent\\Builder->first()
#10 D:\\development\\CollaborateAgenToC\\AgentC\\vendor\\laravel\\framework\\src\\Illuminate\\Routing\\ControllerDispatcher.php(46): App\\Http\\Controllers\\TransactionsController->receipt('INV-9759')
#11 D:\\development\\CollaborateAgenToC\\AgentC\\vendor\\laravel\\framework\\src\\Illuminate\\Routing\\Route.php(265): Illuminate\\Routing\\ControllerDispatcher->dispatch(Object(Illuminate\\Routing\\Route), Object(App\\Http\\Controllers\\TransactionsController), 'receipt')
#12 D:\\development\\CollaborateAgenToC\\AgentC\\vendor\\laravel\\framework\\src\\Illuminate\\Routing\\Route.php(211): Illuminate\\Routing\\Route->runController()
#13 D:\\development\\CollaborateAgenToC\\AgentC\\vendor\\laravel\\framework\\src\\Illuminate\\Routing\\Router.php(808): Illuminate\\Routing\\Route->run()
#14 D:\\development\\CollaborateAgenToC\\AgentC\\vendor\\laravel\\framework\\src\\Illuminate\\Pipeline\\Pipeline.php(169): Illuminate\\Routing\\Router->{closure:Illuminate\\Routing\\Router::runRouteWithinStack():807}(Object(Illuminate\\Http\\Request))
#15 D:\\development\\CollaborateAgenToC\\AgentC\\vendor\\laravel\\framework\\src\\Illuminate\\Routing\\Middleware\\SubstituteBindings.php(50): Illuminate\\Pipeline\\Pipeline->{closure:Illuminate\\Pipeline\\Pipeline::prepareDestination():167}(Object(Illuminate\\Http\\Request))
#16 D:\\development\\CollaborateAgenToC\\AgentC\\vendor\\laravel\\framework\\src\\Illuminate\\Pipeline\\Pipeline.php(208): Illuminate\\Routing\\Middleware\\SubstituteBindings->handle(Object(Illuminate\\Http\\Request), Object(Closure))
#17 D:\\development\\CollaborateAgenToC\\AgentC\\vendor\\laravel\\framework\\src\\Illuminate\\Foundation\\Http\\Middleware\\VerifyCsrfToken.php(87): Illuminate\\Pipeline\\Pipeline->{closure:{closure:Illuminate\\Pipeline\\Pipeline::carry():183}:184}(Object(Illuminate\\Http\\Request))
#18 D:\\development\\CollaborateAgenToC\\AgentC\\vendor\\laravel\\framework\\src\\Illuminate\\Pipeline\\Pipeline.php(208): Illuminate\\Foundation\\Http\\Middleware\\VerifyCsrfToken->handle(Object(Illuminate\\Http\\Request), Object(Closure))
#19 D:\\development\\CollaborateAgenToC\\AgentC\\vendor\\laravel\\framework\\src\\Illuminate\\View\\Middleware\\ShareErrorsFromSession.php(48): Illuminate\\Pipeline\\Pipeline->{closure:{closure:Illuminate\\Pipeline\\Pipeline::carry():183}:184}(Object(Illuminate\\Http\\Request))
#20 D:\\development\\CollaborateAgenToC\\AgentC\\vendor\\laravel\\framework\\src\\Illuminate\\Pipeline\\Pipeline.php(208): Illuminate\\View\\Middleware\\ShareErrorsFromSession->handle(Object(Illuminate\\Http\\Request), Object(Closure))
#21 D:\\development\\CollaborateAgenToC\\AgentC\\vendor\\laravel\\framework\\src\\Illuminate\\Session\\Middleware\\StartSession.php(120): Illuminate\\Pipeline\\Pipeline->{closure:{closure:Illuminate\\Pipeline\\Pipeline::carry():183}:184}(Object(Illuminate\\Http\\Request))
#22 D:\\development\\CollaborateAgenToC\\AgentC\\vendor\\laravel\\framework\\src\\Illuminate\\Session\\Middleware\\StartSession.php(63): Illuminate\\Session\\Middleware\\StartSession->handleStatefulRequest(Object(Illuminate\\Http\\Request), Object(Illuminate\\Session\\Store), Object(Closure))
#23 D:\\development\\CollaborateAgenToC\\AgentC\\vendor\\laravel\\framework\\src\\Illuminate\\Pipeline\\Pipeline.php(208): Illuminate\\Session\\Middleware\\StartSession->handle(Object(Illuminate\\Http\\Request), Object(Closure))
#24 D:\\development\\CollaborateAgenToC\\AgentC\\vendor\\laravel\\framework\\src\\Illuminate\\Cookie\\Middleware\\AddQueuedCookiesToResponse.php(36): Illuminate\\Pipeline\\Pipeline->{closure:{closure:Illuminate\\Pipeline\\Pipeline::carry():183}:184}(Object(Illuminate\\Http\\Request))
#25 D:\\development\\CollaborateAgenToC\\AgentC\\vendor\\laravel\\framework\\src\\Illuminate\\Pipeline\\Pipeline.php(208): Illuminate\\Cookie\\Middleware\\AddQueuedCookiesToResponse->handle(Object(Illuminate\\Http\\Request), Object(Closure))
#26 D:\\development\\CollaborateAgenToC\\AgentC\\vendor\\laravel\\framework\\src\\Illuminate\\Cookie\\Middleware\\EncryptCookies.php(74): Illuminate\\Pipeline\\Pipeline->{closure:{closure:Illuminate\\Pipeline\\Pipeline::carry():183}:184}(Object(Illuminate\\Http\\Request))
#27 D:\\development\\CollaborateAgenToC\\AgentC\\vendor\\laravel\\framework\\src\\Illuminate\\Pipeline\\Pipeline.php(208): Illuminate\\Cookie\\Middleware\\EncryptCookies->handle(Object(Illuminate\\Http\\Request), Object(Closure))
#28 D:\\development\\CollaborateAgenToC\\AgentC\\vendor\\laravel\\framework\\src\\Illuminate\\Pipeline\\Pipeline.php(126): Illuminate\\Pipeline\\Pipeline->{closure:{closure:Illuminate\\Pipeline\\Pipeline::carry():183}:184}(Object(Illuminate\\Http\\Request))
#29 D:\\development\\CollaborateAgenToC\\AgentC\\vendor\\laravel\\framework\\src\\Illuminate\\Routing\\Router.php(807): Illuminate\\Pipeline\\Pipeline->then(Object(Closure))
#30 D:\\development\\CollaborateAgenToC\\AgentC\\vendor\\laravel\\framework\\src\\Illuminate\\Routing\\Router.php(786): Illuminate\\Routing\\Router->runRouteWithinStack(Object(Illuminate\\Routing\\Route), Object(Illuminate\\Http\\Request))
#31 D:\\development\\CollaborateAgenToC\\AgentC\\vendor\\laravel\\framework\\src\\Illuminate\\Routing\\Router.php(750): Illuminate\\Routing\\Router->runRoute(Object(Illuminate\\Http\\Request), Object(Illuminate\\Routing\\Route))
#32 D:\\development\\CollaborateAgenToC\\AgentC\\vendor\\laravel\\framework\\src\\Illuminate\\Routing\\Router.php(739): Illuminate\\Routing\\Router->dispatchToRoute(Object(Illuminate\\Http\\Request))
#33 D:\\development\\CollaborateAgenToC\\AgentC\\vendor\\laravel\\framework\\src\\Illuminate\\Foundation\\Http\\Kernel.php(200): Illuminate\\Routing\\Router->dispatch(Object(Illuminate\\Http\\Request))
#34 D:\\development\\CollaborateAgenToC\\AgentC\\vendor\\laravel\\framework\\src\\Illuminate\\Pipeline\\Pipeline.php(169): Illuminate\\Foundation\\Http\\Kernel->{closure:Illuminate\\Foundation\\Http\\Kernel::dispatchToRouter():197}(Object(Illuminate\\Http\\Request))
#35 D:\\development\\CollaborateAgenToC\\AgentC\\vendor\\laravel\\framework\\src\\Illuminate\\Foundation\\Http\\Middleware\\TransformsRequest.php(21): Illuminate\\Pipeline\\Pipeline->{closure:Illuminate\\Pipeline\\Pipeline::prepareDestination():167}(Object(Illuminate\\Http\\Request))
#36 D:\\development\\CollaborateAgenToC\\AgentC\\vendor\\laravel\\framework\\src\\Illuminate\\Foundation\\Http\\Middleware\\ConvertEmptyStringsToNull.php(31): Illuminate\\Foundation\\Http\\Middleware\\TransformsRequest->handle(Object(Illuminate\\Http\\Request), Object(Closure))
#37 D:\\development\\CollaborateAgenToC\\AgentC\\vendor\\laravel\\framework\\src\\Illuminate\\Pipeline\\Pipeline.php(208): Illuminate\\Foundation\\Http\\Middleware\\ConvertEmptyStringsToNull->handle(Object(Illuminate\\Http\\Request), Object(Closure))
#38 D:\\development\\CollaborateAgenToC\\AgentC\\vendor\\laravel\\framework\\src\\Illuminate\\Foundation\\Http\\Middleware\\TransformsRequest.php(21): Illuminate\\Pipeline\\Pipeline->{closure:{closure:Illuminate\\Pipeline\\Pipeline::carry():183}:184}(Object(Illuminate\\Http\\Request))
#39 D:\\development\\CollaborateAgenToC\\AgentC\\vendor\\laravel\\framework\\src\\Illuminate\\Foundation\\Http\\Middleware\\TrimStrings.php(51): Illuminate\\Foundation\\Http\\Middleware\\TransformsRequest->handle(Object(Illuminate\\Http\\Request), Object(Closure))
#40 D:\\development\\CollaborateAgenToC\\AgentC\\vendor\\laravel\\framework\\src\\Illuminate\\Pipeline\\Pipeline.php(208): Illuminate\\Foundation\\Http\\Middleware\\TrimStrings->handle(Object(Illuminate\\Http\\Request), Object(Closure))
#41 D:\\development\\CollaborateAgenToC\\AgentC\\vendor\\laravel\\framework\\src\\Illuminate\\Http\\Middleware\\ValidatePostSize.php(27): Illuminate\\Pipeline\\Pipeline->{closure:{closure:Illuminate\\Pipeline\\Pipeline::carry():183}:184}(Object(Illuminate\\Http\\Request))
#42 D:\\development\\CollaborateAgenToC\\AgentC\\vendor\\laravel\\framework\\src\\Illuminate\\Pipeline\\Pipeline.php(208): Illuminate\\Http\\Middleware\\ValidatePostSize->handle(Object(Illuminate\\Http\\Request), Object(Closure))
#43 D:\\development\\CollaborateAgenToC\\AgentC\\vendor\\laravel\\framework\\src\\Illuminate\\Foundation\\Http\\Middleware\\PreventRequestsDuringMaintenance.php(109): Illuminate\\Pipeline\\Pipeline->{closure:{closure:Illuminate\\Pipeline\\Pipeline::carry():183}:184}(Object(Illuminate\\Http\\Request))
#44 D:\\development\\CollaborateAgenToC\\AgentC\\vendor\\laravel\\framework\\src\\Illuminate\\Pipeline\\Pipeline.php(208): Illuminate\\Foundation\\Http\\Middleware\\PreventRequestsDuringMaintenance->handle(Object(Illuminate\\Http\\Request), Object(Closure))
#45 D:\\development\\CollaborateAgenToC\\AgentC\\vendor\\laravel\\framework\\src\\Illuminate\\Http\\Middleware\\HandleCors.php(48): Illuminate\\Pipeline\\Pipeline->{closure:{closure:Illuminate\\Pipeline\\Pipeline::carry():183}:184}(Object(Illuminate\\Http\\Request))
#46 D:\\development\\CollaborateAgenToC\\AgentC\\vendor\\laravel\\framework\\src\\Illuminate\\Pipeline\\Pipeline.php(208): Illuminate\\Http\\Middleware\\HandleCors->handle(Object(Illuminate\\Http\\Request), Object(Closure))
#47 D:\\development\\CollaborateAgenToC\\AgentC\\vendor\\laravel\\framework\\src\\Illuminate\\Http\\Middleware\\TrustProxies.php(58): Illuminate\\Pipeline\\Pipeline->{closure:{closure:Illuminate\\Pipeline\\Pipeline::carry():183}:184}(Object(Illuminate\\Http\\Request))
#48 D:\\development\\CollaborateAgenToC\\AgentC\\vendor\\laravel\\framework\\src\\Illuminate\\Pipeline\\Pipeline.php(208): Illuminate\\Http\\Middleware\\TrustProxies->handle(Object(Illuminate\\Http\\Request), Object(Closure))
#49 D:\\development\\CollaborateAgenToC\\AgentC\\vendor\\laravel\\framework\\src\\Illuminate\\Foundation\\Http\\Middleware\\InvokeDeferredCallbacks.php(22): Illuminate\\Pipeline\\Pipeline->{closure:{closure:Illuminate\\Pipeline\\Pipeline::carry():183}:184}(Object(Illuminate\\Http\\Request))
#50 D:\\development\\CollaborateAgenToC\\AgentC\\vendor\\laravel\\framework\\src\\Illuminate\\Pipeline\\Pipeline.php(208): Illuminate\\Foundation\\Http\\Middleware\\InvokeDeferredCallbacks->handle(Object(Illuminate\\Http\\Request), Object(Closure))
#51 D:\\development\\CollaborateAgenToC\\AgentC\\vendor\\laravel\\framework\\src\\Illuminate\\Http\\Middleware\\ValidatePathEncoding.php(26): Illuminate\\Pipeline\\Pipeline->{closure:{closure:Illuminate\\Pipeline\\Pipeline::carry():183}:184}(Object(Illuminate\\Http\\Request))
#52 D:\\development\\CollaborateAgenToC\\AgentC\\vendor\\laravel\\framework\\src\\Illuminate\\Pipeline\\Pipeline.php(208): Illuminate\\Http\\Middleware\\ValidatePathEncoding->handle(Object(Illuminate\\Http\\Request), Object(Closure))
#53 D:\\development\\CollaborateAgenToC\\AgentC\\vendor\\laravel\\framework\\src\\Illuminate\\Pipeline\\Pipeline.php(126): Illuminate\\Pipeline\\Pipeline->{closure:{closure:Illuminate\\Pipeline\\Pipeline::carry():183}:184}(Object(Illuminate\\Http\\Request))
#54 D:\\development\\CollaborateAgenToC\\AgentC\\vendor\\laravel\\framework\\src\\Illuminate\\Foundation\\Http\\Kernel.php(175): Illuminate\\Pipeline\\Pipeline->then(Object(Closure))
#55 D:\\development\\CollaborateAgenToC\\AgentC\\vendor\\laravel\\framework\\src\\Illuminate\\Foundation\\Http\\Kernel.php(144): Illuminate\\Foundation\\Http\\Kernel->sendRequestThroughRouter(Object(Illuminate\\Http\\Request))
#56 D:\\development\\CollaborateAgenToC\\AgentC\\vendor\\laravel\\framework\\src\\Illuminate\\Foundation\\Application.php(1219): Illuminate\\Foundation\\Http\\Kernel->handle(Object(Illuminate\\Http\\Request))
#57 D:\\development\\CollaborateAgenToC\\AgentC\\public\\index.php(20): Illuminate\\Foundation\\Application->handleRequest(Object(Illuminate\\Http\\Request))
#58 D:\\development\\CollaborateAgenToC\\AgentC\\vendor\\laravel\\framework\\src\\Illuminate\\Foundation\\resources\\server.php(23): require_once('D:\\\\development\\\\...')
#59 {main}

[previous exception] [object] (PDOException(code: HY000): SQLSTATE[HY000]: General error: 1 near \"*\": syntax error at D:\\development\\CollaborateAgenToC\\AgentC\\vendor\\laravel\\framework\\src\\Illuminate\\Database\\Connection.php:404)
[stacktrace]
#0 D:\\development\\CollaborateAgenToC\\AgentC\\vendor\\laravel\\framework\\src\\Illuminate\\Database\\Connection.php(404): PDO->prepare('select \"users\"....')
#1 D:\\development\\CollaborateAgenToC\\AgentC\\vendor\\laravel\\framework\\src\\Illuminate\\Database\\Connection.php(809): Illuminate\\Database\\Connection->{closure:Illuminate\\Database\\Connection::select():395}('select \"users\"....', Array)
#2 D:\\development\\CollaborateAgenToC\\AgentC\\vendor\\laravel\\framework\\src\\Illuminate\\Database\\Connection.php(776): Illuminate\\Database\\Connection->runQueryCallback('select \"users\"....', Array, Object(Closure))
#3 D:\\development\\CollaborateAgenToC\\AgentC\\vendor\\laravel\\framework\\src\\Illuminate\\Database\\Connection.php(395): Illuminate\\Database\\Connection->run('select \"users\"....', Array, Object(Closure))
#4 D:\\development\\CollaborateAgenToC\\AgentC\\vendor\\laravel\\framework\\src\\Illuminate\\Database\\Query\\Builder.php(3131): Illuminate\\Database\\Connection->select('select \"users\"....', Array, true)
#5 D:\\development\\CollaborateAgenToC\\AgentC\\vendor\\laravel\\framework\\src\\Illuminate\\Database\\Query\\Builder.php(3116): Illuminate\\Database\\Query\\Builder->runSelect()
#6 D:\\development\\CollaborateAgenToC\\AgentC\\vendor\\laravel\\framework\\src\\Illuminate\\Database\\Query\\Builder.php(3706): Illuminate\\Database\\Query\\Builder->{closure:Illuminate\\Database\\Query\\Builder::get():3115}()
#7 D:\\development\\CollaborateAgenToC\\AgentC\\vendor\\laravel\\framework\\src\\Illuminate\\Database\\Query\\Builder.php(3115): Illuminate\\Database\\Query\\Builder->onceWithColumns(Array, Object(Closure))
#8 D:\\development\\CollaborateAgenToC\\AgentC\\vendor\\laravel\\framework\\src\\Illuminate\\Database\\Eloquent\\Builder.php(872): Illuminate\\Database\\Query\\Builder->get(Array)
#9 D:\\development\\CollaborateAgenToC\\AgentC\\vendor\\laravel\\framework\\src\\Illuminate\\Database\\Eloquent\\Builder.php(854): Illuminate\\Database\\Eloquent\\Builder->getModels(Array)
#10 D:\\development\\CollaborateAgenToC\\AgentC\\vendor\\laravel\\framework\\src\\Illuminate\\Database\\Concerns\\BuildsQueries.php(366): Illuminate\\Database\\Eloquent\\Builder->get(Array)
#11 D:\\development\\CollaborateAgenToC\\AgentC\\app\\Http\\Controllers\\TransactionsController.php(160): Illuminate\\Database\\Eloquent\\Builder->first()
#12 D:\\development\\CollaborateAgenToC\\AgentC\\vendor\\laravel\\framework\\src\\Illuminate\\Routing\\ControllerDispatcher.php(46): App\\Http\\Controllers\\TransactionsController->receipt('INV-9759')
#13 D:\\development\\CollaborateAgenToC\\AgentC\\vendor\\laravel\\framework\\src\\Illuminate\\Routing\\Route.php(265): Illuminate\\Routing\\ControllerDispatcher->dispatch(Object(Illuminate\\Routing\\Route), Object(App\\Http\\Controllers\\TransactionsController), 'receipt')
#14 D:\\development\\CollaborateAgenToC\\AgentC\\vendor\\laravel\\framework\\src\\Illuminate\\Routing\\Route.php(211): Illuminate\\Routing\\Route->runController()
#15 D:\\development\\CollaborateAgenToC\\AgentC\\vendor\\laravel\\framework\\src\\Illuminate\\Routing\\Router.php(808): Illuminate\\Routing\\Route->run()
#16 D:\\development\\CollaborateAgenToC\\AgentC\\vendor\\laravel\\framework\\src\\Illuminate\\Pipeline\\Pipeline.php(169): Illuminate\\Routing\\Router->{closure:Illuminate\\Routing\\Router::runRouteWithinStack():807}(Object(Illuminate\\Http\\Request))
#17 D:\\development\\CollaborateAgenToC\\AgentC\\vendor\\laravel\\framework\\src\\Illuminate\\Routing\\Middleware\\SubstituteBindings.php(50): Illuminate\\Pipeline\\Pipeline->{closure:Illuminate\\Pipeline\\Pipeline::prepareDestination():167}(Object(Illuminate\\Http\\Request))
#18 D:\\development\\CollaborateAgenToC\\AgentC\\vendor\\laravel\\framework\\src\\Illuminate\\Pipeline\\Pipeline.php(208): Illuminate\\Routing\\Middleware\\SubstituteBindings->handle(Object(Illuminate\\Http\\Request), Object(Closure))
#19 D:\\development\\CollaborateAgenToC\\AgentC\\vendor\\laravel\\framework\\src\\Illuminate\\Foundation\\Http\\Middleware\\VerifyCsrfToken.php(87): Illuminate\\Pipeline\\Pipeline->{closure:{closure:Illuminate\\Pipeline\\Pipeline::carry():183}:184}(Object(Illuminate\\Http\\Request))
#20 D:\\development\\CollaborateAgenToC\\AgentC\\vendor\\laravel\\framework\\src\\Illuminate\\Pipeline\\Pipeline.php(208): Illuminate\\Foundation\\Http\\Middleware\\VerifyCsrfToken->handle(Object(Illuminate\\Http\\Request), Object(Closure))
#21 D:\\development\\CollaborateAgenToC\\AgentC\\vendor\\laravel\\framework\\src\\Illuminate\\View\\Middleware\\ShareErrorsFromSession.php(48): Illuminate\\Pipeline\\Pipeline->{closure:{closure:Illuminate\\Pipeline\\Pipeline::carry():183}:184}(Object(Illuminate\\Http\\Request))
#22 D:\\development\\CollaborateAgenToC\\AgentC\\vendor\\laravel\\framework\\src\\Illuminate\\Pipeline\\Pipeline.php(208): Illuminate\\View\\Middleware\\ShareErrorsFromSession->handle(Object(Illuminate\\Http\\Request), Object(Closure))
#23 D:\\development\\CollaborateAgenToC\\AgentC\\vendor\\laravel\\framework\\src\\Illuminate\\Session\\Middleware\\StartSession.php(120): Illuminate\\Pipeline\\Pipeline->{closure:{closure:Illuminate\\Pipeline\\Pipeline::carry():183}:184}(Object(Illuminate\\Http\\Request))
#24 D:\\development\\CollaborateAgenToC\\AgentC\\vendor\\laravel\\framework\\src\\Illuminate\\Session\\Middleware\\StartSession.php(63): Illuminate\\Session\\Middleware\\StartSession->handleStatefulRequest(Object(Illuminate\\Http\\Request), Object(Illuminate\\Session\\Store), Object(Closure))
#25 D:\\development\\CollaborateAgenToC\\AgentC\\vendor\\laravel\\framework\\src\\Illuminate\\Pipeline\\Pipeline.php(208): Illuminate\\Session\\Middleware\\StartSession->handle(Object(Illuminate\\Http\\Request), Object(Closure))
#26 D:\\development\\CollaborateAgenToC\\AgentC\\vendor\\laravel\\framework\\src\\Illuminate\\Cookie\\Middleware\\AddQueuedCookiesToResponse.php(36): Illuminate\\Pipeline\\Pipeline->{closure:{closure:Illuminate\\Pipeline\\Pipeline::carry():183}:184}(Object(Illuminate\\Http\\Request))
#27 D:\\development\\CollaborateAgenToC\\AgentC\\vendor\\laravel\\framework\\src\\Illuminate\\Pipeline\\Pipeline.php(208): Illuminate\\Cookie\\Middleware\\AddQueuedCookiesToResponse->handle(Object(Illuminate\\Http\\Request), Object(Closure))
#28 D:\\development\\CollaborateAgenToC\\AgentC\\vendor\\laravel\\framework\\src\\Illuminate\\Cookie\\Middleware\\EncryptCookies.php(74): Illuminate\\Pipeline\\Pipeline->{closure:{closure:Illuminate\\Pipeline\\Pipeline::carry():183}:184}(Object(Illuminate\\Http\\Request))
#29 D:\\development\\CollaborateAgenToC\\AgentC\\vendor\\laravel\\framework\\src\\Illuminate\\Pipeline\\Pipeline.php(208): Illuminate\\Cookie\\Middleware\\EncryptCookies->handle(Object(Illuminate\\Http\\Request), Object(Closure))
#30 D:\\development\\CollaborateAgenToC\\AgentC\\vendor\\laravel\\framework\\src\\Illuminate\\Pipeline\\Pipeline.php(126): Illuminate\\Pipeline\\Pipeline->{closure:{closure:Illuminate\\Pipeline\\Pipeline::carry():183}:184}(Object(Illuminate\\Http\\Request))
#31 D:\\development\\CollaborateAgenToC\\AgentC\\vendor\\laravel\\framework\\src\\Illuminate\\Routing\\Router.php(807): Illuminate\\Pipeline\\Pipeline->then(Object(Closure))
#32 D:\\development\\CollaborateAgenToC\\AgentC\\vendor\\laravel\\framework\\src\\Illuminate\\Routing\\Router.php(786): Illuminate\\Routing\\Router->runRouteWithinStack(Object(Illuminate\\Routing\\Route), Object(Illuminate\\Http\\Request))
#33 D:\\development\\CollaborateAgenToC\\AgentC\\vendor\\laravel\\framework\\src\\Illuminate\\Routing\\Router.php(750): Illuminate\\Routing\\Router->runRoute(Object(Illuminate\\Http\\Request), Object(Illuminate\\Routing\\Route))
#34 D:\\development\\CollaborateAgenToC\\AgentC\\vendor\\laravel\\framework\\src\\Illuminate\\Routing\\Router.php(739): Illuminate\\Routing\\Router->dispatchToRoute(Object(Illuminate\\Http\\Request))
#35 D:\\development\\CollaborateAgenToC\\AgentC\\vendor\\laravel\\framework\\src\\Illuminate\\Foundation\\Http\\Kernel.php(200): Illuminate\\Routing\\Router->dispatch(Object(Illuminate\\Http\\Request))
#36 D:\\development\\CollaborateAgenToC\\AgentC\\vendor\\laravel\\framework\\src\\Illuminate\\Pipeline\\Pipeline.php(169): Illuminate\\Foundation\\Http\\Kernel->{closure:Illuminate\\Foundation\\Http\\Kernel::dispatchToRouter():197}(Object(Illuminate\\Http\\Request))
#37 D:\\development\\CollaborateAgenToC\\AgentC\\vendor\\laravel\\framework\\src\\Illuminate\\Foundation\\Http\\Middleware\\TransformsRequest.php(21): Illuminate\\Pipeline\\Pipeline->{closure:Illuminate\\Pipeline\\Pipeline::prepareDestination():167}(Object(Illuminate\\Http\\Request))
#38 D:\\development\\CollaborateAgenToC\\AgentC\\vendor\\laravel\\framework\\src\\Illuminate\\Foundation\\Http\\Middleware\\ConvertEmptyStringsToNull.php(31): Illuminate\\Foundation\\Http\\Middleware\\TransformsRequest->handle(Object(Illuminate\\Http\\Request), Object(Closure))
#39 D:\\development\\CollaborateAgenToC\\AgentC\\vendor\\laravel\\framework\\src\\Illuminate\\Pipeline\\Pipeline.php(208): Illuminate\\Foundation\\Http\\Middleware\\ConvertEmptyStringsToNull->handle(Object(Illuminate\\Http\\Request), Object(Closure))
#40 D:\\development\\CollaborateAgenToC\\AgentC\\vendor\\laravel\\framework\\src\\Illuminate\\Foundation\\Http\\Middleware\\TransformsRequest.php(21): Illuminate\\Pipeline\\Pipeline->{closure:{closure:Illuminate\\Pipeline\\Pipeline::carry():183}:184}(Object(Illuminate\\Http\\Request))
#41 D:\\development\\CollaborateAgenToC\\AgentC\\vendor\\laravel\\framework\\src\\Illuminate\\Foundation\\Http\\Middleware\\TrimStrings.php(51): Illuminate\\Foundation\\Http\\Middleware\\TransformsRequest->handle(Object(Illuminate\\Http\\Request), Object(Closure))
#42 D:\\development\\CollaborateAgenToC\\AgentC\\vendor\\laravel\\framework\\src\\Illuminate\\Pipeline\\Pipeline.php(208): Illuminate\\Foundation\\Http\\Middleware\\TrimStrings->handle(Object(Illuminate\\Http\\Request), Object(Closure))
#43 D:\\development\\CollaborateAgenToC\\AgentC\\vendor\\laravel\\framework\\src\\Illuminate\\Http\\Middleware\\ValidatePostSize.php(27): Illuminate\\Pipeline\\Pipeline->{closure:{closure:Illuminate\\Pipeline\\Pipeline::carry():183}:184}(Object(Illuminate\\Http\\Request))
#44 D:\\development\\CollaborateAgenToC\\AgentC\\vendor\\laravel\\framework\\src\\Illuminate\\Pipeline\\Pipeline.php(208): Illuminate\\Http\\Middleware\\ValidatePostSize->handle(Object(Illuminate\\Http\\Request), Object(Closure))
#45 D:\\development\\CollaborateAgenToC\\AgentC\\vendor\\laravel\\framework\\src\\Illuminate\\Foundation\\Http\\Middleware\\PreventRequestsDuringMaintenance.php(109): Illuminate\\Pipeline\\Pipeline->{closure:{closure:Illuminate\\Pipeline\\Pipeline::carry():183}:184}(Object(Illuminate\\Http\\Request))
#46 D:\\development\\CollaborateAgenToC\\AgentC\\vendor\\laravel\\framework\\src\\Illuminate\\Pipeline\\Pipeline.php(208): Illuminate\\Foundation\\Http\\Middleware\\PreventRequestsDuringMaintenance->handle(Object(Illuminate\\Http\\Request), Object(Closure))
#47 D:\\development\\CollaborateAgenToC\\AgentC\\vendor\\laravel\\framework\\src\\Illuminate\\Http\\Middleware\\HandleCors.php(48): Illuminate\\Pipeline\\Pipeline->{closure:{closure:Illuminate\\Pipeline\\Pipeline::carry():183}:184}(Object(Illuminate\\Http\\Request))
#48 D:\\development\\CollaborateAgenToC\\AgentC\\vendor\\laravel\\framework\\src\\Illuminate\\Pipeline\\Pipeline.php(208): Illuminate\\Http\\Middleware\\HandleCors->handle(Object(Illuminate\\Http\\Request), Object(Closure))
#49 D:\\development\\CollaborateAgenToC\\AgentC\\vendor\\laravel\\framework\\src\\Illuminate\\Http\\Middleware\\TrustProxies.php(58): Illuminate\\Pipeline\\Pipeline->{closure:{closure:Illuminate\\Pipeline\\Pipeline::carry():183}:184}(Object(Illuminate\\Http\\Request))
#50 D:\\development\\CollaborateAgenToC\\AgentC\\vendor\\laravel\\framework\\src\\Illuminate\\Pipeline\\Pipeline.php(208): Illuminate\\Http\\Middleware\\TrustProxies->handle(Object(Illuminate\\Http\\Request), Object(Closure))
#51 D:\\development\\CollaborateAgenToC\\AgentC\\vendor\\laravel\\framework\\src\\Illuminate\\Foundation\\Http\\Middleware\\InvokeDeferredCallbacks.php(22): Illuminate\\Pipeline\\Pipeline->{closure:{closure:Illuminate\\Pipeline\\Pipeline::carry():183}:184}(Object(Illuminate\\Http\\Request))
#52 D:\\development\\CollaborateAgenToC\\AgentC\\vendor\\laravel\\framework\\src\\Illuminate\\Pipeline\\Pipeline.php(208): Illuminate\\Foundation\\Http\\Middleware\\InvokeDeferredCallbacks->handle(Object(Illuminate\\Http\\Request), Object(Closure))
#53 D:\\development\\CollaborateAgenToC\\AgentC\\vendor\\laravel\\framework\\src\\Illuminate\\Http\\Middleware\\ValidatePathEncoding.php(26): Illuminate\\Pipeline\\Pipeline->{closure:{closure:Illuminate\\Pipeline\\Pipeline::carry():183}:184}(Object(Illuminate\\Http\\Request))
#54 D:\\development\\CollaborateAgenToC\\AgentC\\vendor\\laravel\\framework\\src\\Illuminate\\Pipeline\\Pipeline.php(208): Illuminate\\Http\\Middleware\\ValidatePathEncoding->handle(Object(Illuminate\\Http\\Request), Object(Closure))
#55 D:\\development\\CollaborateAgenToC\\AgentC\\vendor\\laravel\\framework\\src\\Illuminate\\Pipeline\\Pipeline.php(126): Illuminate\\Pipeline\\Pipeline->{closure:{closure:Illuminate\\Pipeline\\Pipeline::carry():183}:184}(Object(Illuminate\\Http\\Request))
#56 D:\\development\\CollaborateAgenToC\\AgentC\\vendor\\laravel\\framework\\src\\Illuminate\\Foundation\\Http\\Kernel.php(175): Illuminate\\Pipeline\\Pipeline->then(Object(Closure))
#57 D:\\development\\CollaborateAgenToC\\AgentC\\vendor\\laravel\\framework\\src\\Illuminate\\Foundation\\Http\\Kernel.php(144): Illuminate\\Foundation\\Http\\Kernel->sendRequestThroughRouter(Object(Illuminate\\Http\\Request))
#58 D:\\development\\CollaborateAgenToC\\AgentC\\vendor\\laravel\\framework\\src\\Illuminate\\Foundation\\Application.php(1219): Illuminate\\Foundation\\Http\\Kernel->handle(Object(Illuminate\\Http\\Request))
#59 D:\\development\\CollaborateAgenToC\\AgentC\\public\\index.php(20): Illuminate\\Foundation\\Application->handleRequest(Object(Illuminate\\Http\\Request))
#60 D:\\development\\CollaborateAgenToC\\AgentC\\vendor\\laravel\\framework\\src\\Illuminate\\Foundation\\resources\\server.php(23): require_once('D:\\\\development\\\\...')
#61 {main}
"} 
[2025-08-29 14:18:34] Development.INFO: Processed data: {"full_name":"Achmad Saepudin","email":"achmad.saepudin21@gmail.com","title":"sdada","description":"asdasdasd","card_number":"4111111111111111","product_code":"GD-7333","due_date":"2025-08-29 14:18:00","product_group_name":"Visual Graphic Design","price":"230000","uploaded_files":["/assets/media/task/1756451911_KK.jpeg"]} 
[2025-08-29 14:18:34] Development.INFO: Begin TransactionImpl.checkout  
[2025-08-29 14:18:34] Development.INFO: Begin AuthImpl.register() call{"full_name":"Achmad Saepudin","email":"achmad.saepudin21@gmail.com","title":"sdada","description":"asdasdasd","card_number":"4111111111111111","product_code":"GD-7333","due_date":"2025-08-29 14:18:00","product_group_name":"Visual Graphic Design","price":"230000","uploaded_files":["\/assets\/media\/task\/1756451911_KK.jpeg"],"role":"client","password":"uniq123","skills":"","tag_line":"","username":"achmad.saepudin21@gmail.com"}  
[2025-08-29 14:18:34] Development.INFO: Browser Log: {"message":{"full_name":"Achmad Saepudin","email":"achmad.saepudin21@gmail.com","title":"sdada","description":"asdasdasd","card_number":"4111111111111111","product_code":"GD-7333","due_date":"2025-08-29 14:18:00","product_group_name":"Visual Graphic Design","price":"230000","uploaded_files":["/assets/media/task/1756451911_KK.jpeg"],"role":"client","password":"uniq123","skills":"","tag_line":"","username":"achmad.saepudin21@gmail.com"},"data":"Begin AuthImpl.register() call"} 
[2025-08-29 14:18:34] Development.INFO: Browser Log: {"message":{"full_name":"Achmad Saepudin","email":"achmad.saepudin21@gmail.com","title":"sdada","description":"asdasdasd","card_number":"4111111111111111","product_code":"GD-7333","due_date":"2025-08-29 14:18:00","product_group_name":"Visual Graphic Design","price":"230000","uploaded_files":["/assets/media/task/1756451911_KK.jpeg"],"role":"client","password":"uniq123","skills":"","tag_line":"","username":"achmad.saepudin21@gmail.com"},"data":"Register User role: RUSER"} 
[2025-08-29 14:18:35] Development.INFO: userDetail {"\u0000*\u0000connection":"sqlite","\u0000*\u0000table":"user_detail","\u0000*\u0000primaryKey":"id","\u0000*\u0000keyType":"int","incrementing":true,"\u0000*\u0000with":[],"\u0000*\u0000withCount":[],"preventsLazyLoading":false,"\u0000*\u0000perPage":15,"exists":true,"wasRecentlyCreated":true,"\u0000*\u0000escapeWhenCastingToString":false,"\u0000*\u0000attributes":{"user_detail_id":"UD-9757-2908","full_name":"Achmad Saepudin","skills":"","tag_line":"","credit_number":"4111111111111111","updated_at":"2025-08-29 14:18:35","created_at":"2025-08-29 14:18:35","id":1},"\u0000*\u0000original":{"user_detail_id":"UD-9757-2908","full_name":"Achmad Saepudin","skills":"","tag_line":"","credit_number":"4111111111111111","updated_at":"2025-08-29 14:18:35","created_at":"2025-08-29 14:18:35","id":1},"\u0000*\u0000changes":[],"\u0000*\u0000previous":[],"\u0000*\u0000casts":[],"\u0000*\u0000classCastCache":[],"\u0000*\u0000attributeCastCache":[],"\u0000*\u0000dateFormat":null,"\u0000*\u0000appends":[],"\u0000*\u0000dispatchesEvents":[],"\u0000*\u0000observables":[],"\u0000*\u0000relations":[],"\u0000*\u0000touches":[],"\u0000*\u0000relationAutoloadCallback":null,"\u0000*\u0000relationAutoloadContext":null,"timestamps":true,"usesUniqueIds":false,"\u0000*\u0000hidden":[],"\u0000*\u0000visible":[],"\u0000*\u0000fillable":["user_detail_id","full_name","skills","tag_line","address_detail","phone_number","postal_code","credit_number","balance_coins"],"\u0000*\u0000guarded":["*"]} 
[2025-08-29 14:18:35] Development.INFO: Browser Log: {"message":"after db insert","data":{"App\\Models\\Users\\User":{"user_detail_id":"UD-9757-2908","username":"achmad.saepudin21@gmail.com","email":"achmad.saepudin21@gmail.com","email_verified_at":"2025-08-29T07:18:35.000000Z","updated_at":"2025-08-29T07:18:35.000000Z","created_at":"2025-08-29T07:18:35.000000Z","id":1}}} 
[2025-08-29 14:18:35] Development.ERROR: Transaction Checkout error:  {"error":"Missing required parameter for [Route: receipt] [URI: receipt/{id}] [Missing parameter: id].","trace":"#0 D:\\development\\CollaborateAgenToC\\AgentC\\vendor\\laravel\\framework\\src\\Illuminate\\Routing\\RouteUrlGenerator.php(94): Illuminate\\Routing\\Exceptions\\UrlGenerationException::forMissingParameters(Object(Illuminate\\Routing\\Route), Array)
#1 D:\\development\\CollaborateAgenToC\\AgentC\\vendor\\laravel\\framework\\src\\Illuminate\\Routing\\UrlGenerator.php(541): Illuminate\\Routing\\RouteUrlGenerator->to(Object(Illuminate\\Routing\\Route), Array, true)
#2 D:\\development\\CollaborateAgenToC\\AgentC\\vendor\\laravel\\framework\\src\\Illuminate\\Routing\\UrlGenerator.php(518): Illuminate\\Routing\\UrlGenerator->toRoute(Object(Illuminate\\Routing\\Route), Array, true)
#3 D:\\development\\CollaborateAgenToC\\AgentC\\vendor\\laravel\\framework\\src\\Illuminate\\Routing\\Redirector.php(153): Illuminate\\Routing\\UrlGenerator->route('receipt', Array)
#4 D:\\development\\CollaborateAgenToC\\AgentC\\app\\Http\\Controllers\\TransactionsController.php(91): Illuminate\\Routing\\Redirector->route('receipt', Array)
#5 D:\\development\\CollaborateAgenToC\\AgentC\\vendor\\laravel\\framework\\src\\Illuminate\\Routing\\ControllerDispatcher.php(46): App\\Http\\Controllers\\TransactionsController->checkout(Object(Illuminate\\Http\\Request))
#6 D:\\development\\CollaborateAgenToC\\AgentC\\vendor\\laravel\\framework\\src\\Illuminate\\Routing\\Route.php(265): Illuminate\\Routing\\ControllerDispatcher->dispatch(Object(Illuminate\\Routing\\Route), Object(App\\Http\\Controllers\\TransactionsController), 'checkout')
#7 D:\\development\\CollaborateAgenToC\\AgentC\\vendor\\laravel\\framework\\src\\Illuminate\\Routing\\Route.php(211): Illuminate\\Routing\\Route->runController()
#8 D:\\development\\CollaborateAgenToC\\AgentC\\vendor\\laravel\\framework\\src\\Illuminate\\Routing\\Router.php(808): Illuminate\\Routing\\Route->run()
#9 D:\\development\\CollaborateAgenToC\\AgentC\\vendor\\laravel\\framework\\src\\Illuminate\\Pipeline\\Pipeline.php(169): Illuminate\\Routing\\Router->{closure:Illuminate\\Routing\\Router::runRouteWithinStack():807}(Object(Illuminate\\Http\\Request))
#10 D:\\development\\CollaborateAgenToC\\AgentC\\vendor\\laravel\\framework\\src\\Illuminate\\Routing\\Middleware\\SubstituteBindings.php(50): Illuminate\\Pipeline\\Pipeline->{closure:Illuminate\\Pipeline\\Pipeline::prepareDestination():167}(Object(Illuminate\\Http\\Request))
#11 D:\\development\\CollaborateAgenToC\\AgentC\\vendor\\laravel\\framework\\src\\Illuminate\\Pipeline\\Pipeline.php(208): Illuminate\\Routing\\Middleware\\SubstituteBindings->handle(Object(Illuminate\\Http\\Request), Object(Closure))
#12 D:\\development\\CollaborateAgenToC\\AgentC\\vendor\\laravel\\framework\\src\\Illuminate\\Foundation\\Http\\Middleware\\VerifyCsrfToken.php(87): Illuminate\\Pipeline\\Pipeline->{closure:{closure:Illuminate\\Pipeline\\Pipeline::carry():183}:184}(Object(Illuminate\\Http\\Request))
#13 D:\\development\\CollaborateAgenToC\\AgentC\\vendor\\laravel\\framework\\src\\Illuminate\\Pipeline\\Pipeline.php(208): Illuminate\\Foundation\\Http\\Middleware\\VerifyCsrfToken->handle(Object(Illuminate\\Http\\Request), Object(Closure))
#14 D:\\development\\CollaborateAgenToC\\AgentC\\vendor\\laravel\\framework\\src\\Illuminate\\View\\Middleware\\ShareErrorsFromSession.php(48): Illuminate\\Pipeline\\Pipeline->{closure:{closure:Illuminate\\Pipeline\\Pipeline::carry():183}:184}(Object(Illuminate\\Http\\Request))
#15 D:\\development\\CollaborateAgenToC\\AgentC\\vendor\\laravel\\framework\\src\\Illuminate\\Pipeline\\Pipeline.php(208): Illuminate\\View\\Middleware\\ShareErrorsFromSession->handle(Object(Illuminate\\Http\\Request), Object(Closure))
#16 D:\\development\\CollaborateAgenToC\\AgentC\\vendor\\laravel\\framework\\src\\Illuminate\\Session\\Middleware\\StartSession.php(120): Illuminate\\Pipeline\\Pipeline->{closure:{closure:Illuminate\\Pipeline\\Pipeline::carry():183}:184}(Object(Illuminate\\Http\\Request))
#17 D:\\development\\CollaborateAgenToC\\AgentC\\vendor\\laravel\\framework\\src\\Illuminate\\Session\\Middleware\\StartSession.php(63): Illuminate\\Session\\Middleware\\StartSession->handleStatefulRequest(Object(Illuminate\\Http\\Request), Object(Illuminate\\Session\\Store), Object(Closure))
#18 D:\\development\\CollaborateAgenToC\\AgentC\\vendor\\laravel\\framework\\src\\Illuminate\\Pipeline\\Pipeline.php(208): Illuminate\\Session\\Middleware\\StartSession->handle(Object(Illuminate\\Http\\Request), Object(Closure))
#19 D:\\development\\CollaborateAgenToC\\AgentC\\vendor\\laravel\\framework\\src\\Illuminate\\Cookie\\Middleware\\AddQueuedCookiesToResponse.php(36): Illuminate\\Pipeline\\Pipeline->{closure:{closure:Illuminate\\Pipeline\\Pipeline::carry():183}:184}(Object(Illuminate\\Http\\Request))
#20 D:\\development\\CollaborateAgenToC\\AgentC\\vendor\\laravel\\framework\\src\\Illuminate\\Pipeline\\Pipeline.php(208): Illuminate\\Cookie\\Middleware\\AddQueuedCookiesToResponse->handle(Object(Illuminate\\Http\\Request), Object(Closure))
#21 D:\\development\\CollaborateAgenToC\\AgentC\\vendor\\laravel\\framework\\src\\Illuminate\\Cookie\\Middleware\\EncryptCookies.php(74): Illuminate\\Pipeline\\Pipeline->{closure:{closure:Illuminate\\Pipeline\\Pipeline::carry():183}:184}(Object(Illuminate\\Http\\Request))
#22 D:\\development\\CollaborateAgenToC\\AgentC\\vendor\\laravel\\framework\\src\\Illuminate\\Pipeline\\Pipeline.php(208): Illuminate\\Cookie\\Middleware\\EncryptCookies->handle(Object(Illuminate\\Http\\Request), Object(Closure))
#23 D:\\development\\CollaborateAgenToC\\AgentC\\vendor\\laravel\\framework\\src\\Illuminate\\Pipeline\\Pipeline.php(126): Illuminate\\Pipeline\\Pipeline->{closure:{closure:Illuminate\\Pipeline\\Pipeline::carry():183}:184}(Object(Illuminate\\Http\\Request))
#24 D:\\development\\CollaborateAgenToC\\AgentC\\vendor\\laravel\\framework\\src\\Illuminate\\Routing\\Router.php(807): Illuminate\\Pipeline\\Pipeline->then(Object(Closure))
#25 D:\\development\\CollaborateAgenToC\\AgentC\\vendor\\laravel\\framework\\src\\Illuminate\\Routing\\Router.php(786): Illuminate\\Routing\\Router->runRouteWithinStack(Object(Illuminate\\Routing\\Route), Object(Illuminate\\Http\\Request))
#26 D:\\development\\CollaborateAgenToC\\AgentC\\vendor\\laravel\\framework\\src\\Illuminate\\Routing\\Router.php(750): Illuminate\\Routing\\Router->runRoute(Object(Illuminate\\Http\\Request), Object(Illuminate\\Routing\\Route))
#27 D:\\development\\CollaborateAgenToC\\AgentC\\vendor\\laravel\\framework\\src\\Illuminate\\Routing\\Router.php(739): Illuminate\\Routing\\Router->dispatchToRoute(Object(Illuminate\\Http\\Request))
#28 D:\\development\\CollaborateAgenToC\\AgentC\\vendor\\laravel\\framework\\src\\Illuminate\\Foundation\\Http\\Kernel.php(200): Illuminate\\Routing\\Router->dispatch(Object(Illuminate\\Http\\Request))
#29 D:\\development\\CollaborateAgenToC\\AgentC\\vendor\\laravel\\framework\\src\\Illuminate\\Pipeline\\Pipeline.php(169): Illuminate\\Foundation\\Http\\Kernel->{closure:Illuminate\\Foundation\\Http\\Kernel::dispatchToRouter():197}(Object(Illuminate\\Http\\Request))
#30 D:\\development\\CollaborateAgenToC\\AgentC\\vendor\\laravel\\framework\\src\\Illuminate\\Foundation\\Http\\Middleware\\TransformsRequest.php(21): Illuminate\\Pipeline\\Pipeline->{closure:Illuminate\\Pipeline\\Pipeline::prepareDestination():167}(Object(Illuminate\\Http\\Request))
#31 D:\\development\\CollaborateAgenToC\\AgentC\\vendor\\laravel\\framework\\src\\Illuminate\\Foundation\\Http\\Middleware\\ConvertEmptyStringsToNull.php(31): Illuminate\\Foundation\\Http\\Middleware\\TransformsRequest->handle(Object(Illuminate\\Http\\Request), Object(Closure))
#32 D:\\development\\CollaborateAgenToC\\AgentC\\vendor\\laravel\\framework\\src\\Illuminate\\Pipeline\\Pipeline.php(208): Illuminate\\Foundation\\Http\\Middleware\\ConvertEmptyStringsToNull->handle(Object(Illuminate\\Http\\Request), Object(Closure))
#33 D:\\development\\CollaborateAgenToC\\AgentC\\vendor\\laravel\\framework\\src\\Illuminate\\Foundation\\Http\\Middleware\\TransformsRequest.php(21): Illuminate\\Pipeline\\Pipeline->{closure:{closure:Illuminate\\Pipeline\\Pipeline::carry():183}:184}(Object(Illuminate\\Http\\Request))
#34 D:\\development\\CollaborateAgenToC\\AgentC\\vendor\\laravel\\framework\\src\\Illuminate\\Foundation\\Http\\Middleware\\TrimStrings.php(51): Illuminate\\Foundation\\Http\\Middleware\\TransformsRequest->handle(Object(Illuminate\\Http\\Request), Object(Closure))
#35 D:\\development\\CollaborateAgenToC\\AgentC\\vendor\\laravel\\framework\\src\\Illuminate\\Pipeline\\Pipeline.php(208): Illuminate\\Foundation\\Http\\Middleware\\TrimStrings->handle(Object(Illuminate\\Http\\Request), Object(Closure))
#36 D:\\development\\CollaborateAgenToC\\AgentC\\vendor\\laravel\\framework\\src\\Illuminate\\Http\\Middleware\\ValidatePostSize.php(27): Illuminate\\Pipeline\\Pipeline->{closure:{closure:Illuminate\\Pipeline\\Pipeline::carry():183}:184}(Object(Illuminate\\Http\\Request))
#37 D:\\development\\CollaborateAgenToC\\AgentC\\vendor\\laravel\\framework\\src\\Illuminate\\Pipeline\\Pipeline.php(208): Illuminate\\Http\\Middleware\\ValidatePostSize->handle(Object(Illuminate\\Http\\Request), Object(Closure))
#38 D:\\development\\CollaborateAgenToC\\AgentC\\vendor\\laravel\\framework\\src\\Illuminate\\Foundation\\Http\\Middleware\\PreventRequestsDuringMaintenance.php(109): Illuminate\\Pipeline\\Pipeline->{closure:{closure:Illuminate\\Pipeline\\Pipeline::carry():183}:184}(Object(Illuminate\\Http\\Request))
#39 D:\\development\\CollaborateAgenToC\\AgentC\\vendor\\laravel\\framework\\src\\Illuminate\\Pipeline\\Pipeline.php(208): Illuminate\\Foundation\\Http\\Middleware\\PreventRequestsDuringMaintenance->handle(Object(Illuminate\\Http\\Request), Object(Closure))
#40 D:\\development\\CollaborateAgenToC\\AgentC\\vendor\\laravel\\framework\\src\\Illuminate\\Http\\Middleware\\HandleCors.php(48): Illuminate\\Pipeline\\Pipeline->{closure:{closure:Illuminate\\Pipeline\\Pipeline::carry():183}:184}(Object(Illuminate\\Http\\Request))
#41 D:\\development\\CollaborateAgenToC\\AgentC\\vendor\\laravel\\framework\\src\\Illuminate\\Pipeline\\Pipeline.php(208): Illuminate\\Http\\Middleware\\HandleCors->handle(Object(Illuminate\\Http\\Request), Object(Closure))
#42 D:\\development\\CollaborateAgenToC\\AgentC\\vendor\\laravel\\framework\\src\\Illuminate\\Http\\Middleware\\TrustProxies.php(58): Illuminate\\Pipeline\\Pipeline->{closure:{closure:Illuminate\\Pipeline\\Pipeline::carry():183}:184}(Object(Illuminate\\Http\\Request))
#43 D:\\development\\CollaborateAgenToC\\AgentC\\vendor\\laravel\\framework\\src\\Illuminate\\Pipeline\\Pipeline.php(208): Illuminate\\Http\\Middleware\\TrustProxies->handle(Object(Illuminate\\Http\\Request), Object(Closure))
#44 D:\\development\\CollaborateAgenToC\\AgentC\\vendor\\laravel\\framework\\src\\Illuminate\\Foundation\\Http\\Middleware\\InvokeDeferredCallbacks.php(22): Illuminate\\Pipeline\\Pipeline->{closure:{closure:Illuminate\\Pipeline\\Pipeline::carry():183}:184}(Object(Illuminate\\Http\\Request))
#45 D:\\development\\CollaborateAgenToC\\AgentC\\vendor\\laravel\\framework\\src\\Illuminate\\Pipeline\\Pipeline.php(208): Illuminate\\Foundation\\Http\\Middleware\\InvokeDeferredCallbacks->handle(Object(Illuminate\\Http\\Request), Object(Closure))
#46 D:\\development\\CollaborateAgenToC\\AgentC\\vendor\\laravel\\framework\\src\\Illuminate\\Http\\Middleware\\ValidatePathEncoding.php(26): Illuminate\\Pipeline\\Pipeline->{closure:{closure:Illuminate\\Pipeline\\Pipeline::carry():183}:184}(Object(Illuminate\\Http\\Request))
#47 D:\\development\\CollaborateAgenToC\\AgentC\\vendor\\laravel\\framework\\src\\Illuminate\\Pipeline\\Pipeline.php(208): Illuminate\\Http\\Middleware\\ValidatePathEncoding->handle(Object(Illuminate\\Http\\Request), Object(Closure))
#48 D:\\development\\CollaborateAgenToC\\AgentC\\vendor\\laravel\\framework\\src\\Illuminate\\Pipeline\\Pipeline.php(126): Illuminate\\Pipeline\\Pipeline->{closure:{closure:Illuminate\\Pipeline\\Pipeline::carry():183}:184}(Object(Illuminate\\Http\\Request))
#49 D:\\development\\CollaborateAgenToC\\AgentC\\vendor\\laravel\\framework\\src\\Illuminate\\Foundation\\Http\\Kernel.php(175): Illuminate\\Pipeline\\Pipeline->then(Object(Closure))
#50 D:\\development\\CollaborateAgenToC\\AgentC\\vendor\\laravel\\framework\\src\\Illuminate\\Foundation\\Http\\Kernel.php(144): Illuminate\\Foundation\\Http\\Kernel->sendRequestThroughRouter(Object(Illuminate\\Http\\Request))
#51 D:\\development\\CollaborateAgenToC\\AgentC\\vendor\\laravel\\framework\\src\\Illuminate\\Foundation\\Application.php(1219): Illuminate\\Foundation\\Http\\Kernel->handle(Object(Illuminate\\Http\\Request))
#52 D:\\development\\CollaborateAgenToC\\AgentC\\public\\index.php(20): Illuminate\\Foundation\\Application->handleRequest(Object(Illuminate\\Http\\Request))
#53 D:\\development\\CollaborateAgenToC\\AgentC\\vendor\\laravel\\framework\\src\\Illuminate\\Foundation\\resources\\server.php(23): require_once('D:\\\\development\\\\...')
#54 {main}"} 
[2025-08-29 14:23:34] Development.INFO: Processed data: {"full_name":"Achmad Saepudin","email":"achmad.saepudin21@gmail.com","title":"sdada","description":"asdasdasd","card_number":"4111111111111111","product_code":"GD-8453","due_date":"2025-08-29 14:23:00","product_group_name":"Visual Graphic Design","price":"230000","uploaded_files":["/assets/media/task/1756452214_KK.jpeg"]} 
[2025-08-29 14:23:34] Development.INFO: Begin TransactionImpl.checkout  
[2025-08-29 14:23:34] Development.INFO: Begin AuthImpl.register() call{"full_name":"Achmad Saepudin","email":"achmad.saepudin21@gmail.com","title":"sdada","description":"asdasdasd","card_number":"4111111111111111","product_code":"GD-8453","due_date":"2025-08-29 14:23:00","product_group_name":"Visual Graphic Design","price":"230000","uploaded_files":["\/assets\/media\/task\/1756452214_KK.jpeg"],"role":"client","password":"uniq123","skills":"","tag_line":"","username":"achmad.saepudin21@gmail.com"}  
[2025-08-29 14:23:34] Development.INFO: Browser Log: {"message":{"full_name":"Achmad Saepudin","email":"achmad.saepudin21@gmail.com","title":"sdada","description":"asdasdasd","card_number":"4111111111111111","product_code":"GD-8453","due_date":"2025-08-29 14:23:00","product_group_name":"Visual Graphic Design","price":"230000","uploaded_files":["/assets/media/task/1756452214_KK.jpeg"],"role":"client","password":"uniq123","skills":"","tag_line":"","username":"achmad.saepudin21@gmail.com"},"data":"Begin AuthImpl.register() call"} 
[2025-08-29 14:23:34] Development.INFO: Browser Log: {"message":{"full_name":"Achmad Saepudin","email":"achmad.saepudin21@gmail.com","title":"sdada","description":"asdasdasd","card_number":"4111111111111111","product_code":"GD-8453","due_date":"2025-08-29 14:23:00","product_group_name":"Visual Graphic Design","price":"230000","uploaded_files":["/assets/media/task/1756452214_KK.jpeg"],"role":"client","password":"uniq123","skills":"","tag_line":"","username":"achmad.saepudin21@gmail.com"},"data":"Register User role: RUSER"} 
[2025-08-29 14:23:34] Development.INFO: userDetail {"\u0000*\u0000connection":"sqlite","\u0000*\u0000table":"user_detail","\u0000*\u0000primaryKey":"id","\u0000*\u0000keyType":"int","incrementing":true,"\u0000*\u0000with":[],"\u0000*\u0000withCount":[],"preventsLazyLoading":false,"\u0000*\u0000perPage":15,"exists":true,"wasRecentlyCreated":true,"\u0000*\u0000escapeWhenCastingToString":false,"\u0000*\u0000attributes":{"user_detail_id":"UD-4897-2908","full_name":"Achmad Saepudin","skills":"","tag_line":"","credit_number":"4111111111111111","updated_at":"2025-08-29 14:23:34","created_at":"2025-08-29 14:23:34","id":1},"\u0000*\u0000original":{"user_detail_id":"UD-4897-2908","full_name":"Achmad Saepudin","skills":"","tag_line":"","credit_number":"4111111111111111","updated_at":"2025-08-29 14:23:34","created_at":"2025-08-29 14:23:34","id":1},"\u0000*\u0000changes":[],"\u0000*\u0000previous":[],"\u0000*\u0000casts":[],"\u0000*\u0000classCastCache":[],"\u0000*\u0000attributeCastCache":[],"\u0000*\u0000dateFormat":null,"\u0000*\u0000appends":[],"\u0000*\u0000dispatchesEvents":[],"\u0000*\u0000observables":[],"\u0000*\u0000relations":[],"\u0000*\u0000touches":[],"\u0000*\u0000relationAutoloadCallback":null,"\u0000*\u0000relationAutoloadContext":null,"timestamps":true,"usesUniqueIds":false,"\u0000*\u0000hidden":[],"\u0000*\u0000visible":[],"\u0000*\u0000fillable":["user_detail_id","full_name","skills","tag_line","address_detail","phone_number","postal_code","credit_number","balance_coins"],"\u0000*\u0000guarded":["*"]} 
[2025-08-29 14:23:34] Development.INFO: Browser Log: {"message":"after db insert","data":{"App\\Models\\Users\\User":{"user_detail_id":"UD-4897-2908","username":"achmad.saepudin21@gmail.com","email":"achmad.saepudin21@gmail.com","email_verified_at":"2025-08-29T07:23:34.000000Z","updated_at":"2025-08-29T07:23:34.000000Z","created_at":"2025-08-29T07:23:34.000000Z","id":1}}} 
[2025-08-29 14:23:34] Development.ERROR: SQLSTATE[HY000]: General error: 1 no such column: orders.id (Connection: sqlite, SQL: select * from "orders" where "orders"."id" = 100-7230 limit 1) {"exception":"[object] (Illuminate\\Database\\QueryException(code: HY000): SQLSTATE[HY000]: General error: 1 no such column: orders.id (Connection: sqlite, SQL: select * from \"orders\" where \"orders\".\"id\" = 100-7230 limit 1) at D:\\development\\CollaborateAgenToC\\AgentC\\vendor\\laravel\\framework\\src\\Illuminate\\Database\\Connection.php:822)
[stacktrace]
#0 D:\\development\\CollaborateAgenToC\\AgentC\\vendor\\laravel\\framework\\src\\Illuminate\\Database\\Connection.php(776): Illuminate\\Database\\Connection->runQueryCallback('select * from \"...', Array, Object(Closure))
#1 D:\\development\\CollaborateAgenToC\\AgentC\\vendor\\laravel\\framework\\src\\Illuminate\\Database\\Connection.php(395): Illuminate\\Database\\Connection->run('select * from \"...', Array, Object(Closure))
#2 D:\\development\\CollaborateAgenToC\\AgentC\\vendor\\laravel\\framework\\src\\Illuminate\\Database\\Query\\Builder.php(3131): Illuminate\\Database\\Connection->select('select * from \"...', Array, true)
#3 D:\\development\\CollaborateAgenToC\\AgentC\\vendor\\laravel\\framework\\src\\Illuminate\\Database\\Query\\Builder.php(3116): Illuminate\\Database\\Query\\Builder->runSelect()
#4 D:\\development\\CollaborateAgenToC\\AgentC\\vendor\\laravel\\framework\\src\\Illuminate\\Database\\Query\\Builder.php(3706): Illuminate\\Database\\Query\\Builder->{closure:Illuminate\\Database\\Query\\Builder::get():3115}()
#5 D:\\development\\CollaborateAgenToC\\AgentC\\vendor\\laravel\\framework\\src\\Illuminate\\Database\\Query\\Builder.php(3115): Illuminate\\Database\\Query\\Builder->onceWithColumns(Array, Object(Closure))
#6 D:\\development\\CollaborateAgenToC\\AgentC\\vendor\\laravel\\framework\\src\\Illuminate\\Database\\Eloquent\\Builder.php(872): Illuminate\\Database\\Query\\Builder->get(Array)
#7 D:\\development\\CollaborateAgenToC\\AgentC\\vendor\\laravel\\framework\\src\\Illuminate\\Database\\Eloquent\\Builder.php(854): Illuminate\\Database\\Eloquent\\Builder->getModels(Array)
#8 D:\\development\\CollaborateAgenToC\\AgentC\\vendor\\laravel\\framework\\src\\Illuminate\\Database\\Concerns\\BuildsQueries.php(366): Illuminate\\Database\\Eloquent\\Builder->get(Array)
#9 D:\\development\\CollaborateAgenToC\\AgentC\\vendor\\laravel\\framework\\src\\Illuminate\\Database\\Eloquent\\Builder.php(538): Illuminate\\Database\\Eloquent\\Builder->first(Array)
#10 D:\\development\\CollaborateAgenToC\\AgentC\\vendor\\laravel\\framework\\src\\Illuminate\\Support\\Traits\\ForwardsCalls.php(23): Illuminate\\Database\\Eloquent\\Builder->find('100-7230')
#11 D:\\development\\CollaborateAgenToC\\AgentC\\vendor\\laravel\\framework\\src\\Illuminate\\Database\\Eloquent\\Model.php(2496): Illuminate\\Database\\Eloquent\\Model->forwardCallTo(Object(Illuminate\\Database\\Eloquent\\Builder), 'find', Array)
#12 D:\\development\\CollaborateAgenToC\\AgentC\\vendor\\laravel\\framework\\src\\Illuminate\\Database\\Eloquent\\Model.php(2512): Illuminate\\Database\\Eloquent\\Model->__call('find', Array)
#13 D:\\development\\CollaborateAgenToC\\AgentC\\app\\Http\\Controllers\\TransactionsController.php(154): Illuminate\\Database\\Eloquent\\Model::__callStatic('find', Array)
#14 D:\\development\\CollaborateAgenToC\\AgentC\\vendor\\laravel\\framework\\src\\Illuminate\\Routing\\ControllerDispatcher.php(46): App\\Http\\Controllers\\TransactionsController->receipt('100-7230')
#15 D:\\development\\CollaborateAgenToC\\AgentC\\vendor\\laravel\\framework\\src\\Illuminate\\Routing\\Route.php(265): Illuminate\\Routing\\ControllerDispatcher->dispatch(Object(Illuminate\\Routing\\Route), Object(App\\Http\\Controllers\\TransactionsController), 'receipt')
#16 D:\\development\\CollaborateAgenToC\\AgentC\\vendor\\laravel\\framework\\src\\Illuminate\\Routing\\Route.php(211): Illuminate\\Routing\\Route->runController()
#17 D:\\development\\CollaborateAgenToC\\AgentC\\vendor\\laravel\\framework\\src\\Illuminate\\Routing\\Router.php(808): Illuminate\\Routing\\Route->run()
#18 D:\\development\\CollaborateAgenToC\\AgentC\\vendor\\laravel\\framework\\src\\Illuminate\\Pipeline\\Pipeline.php(169): Illuminate\\Routing\\Router->{closure:Illuminate\\Routing\\Router::runRouteWithinStack():807}(Object(Illuminate\\Http\\Request))
#19 D:\\development\\CollaborateAgenToC\\AgentC\\vendor\\laravel\\framework\\src\\Illuminate\\Routing\\Middleware\\SubstituteBindings.php(50): Illuminate\\Pipeline\\Pipeline->{closure:Illuminate\\Pipeline\\Pipeline::prepareDestination():167}(Object(Illuminate\\Http\\Request))
#20 D:\\development\\CollaborateAgenToC\\AgentC\\vendor\\laravel\\framework\\src\\Illuminate\\Pipeline\\Pipeline.php(208): Illuminate\\Routing\\Middleware\\SubstituteBindings->handle(Object(Illuminate\\Http\\Request), Object(Closure))
#21 D:\\development\\CollaborateAgenToC\\AgentC\\vendor\\laravel\\framework\\src\\Illuminate\\Foundation\\Http\\Middleware\\VerifyCsrfToken.php(87): Illuminate\\Pipeline\\Pipeline->{closure:{closure:Illuminate\\Pipeline\\Pipeline::carry():183}:184}(Object(Illuminate\\Http\\Request))
#22 D:\\development\\CollaborateAgenToC\\AgentC\\vendor\\laravel\\framework\\src\\Illuminate\\Pipeline\\Pipeline.php(208): Illuminate\\Foundation\\Http\\Middleware\\VerifyCsrfToken->handle(Object(Illuminate\\Http\\Request), Object(Closure))
#23 D:\\development\\CollaborateAgenToC\\AgentC\\vendor\\laravel\\framework\\src\\Illuminate\\View\\Middleware\\ShareErrorsFromSession.php(48): Illuminate\\Pipeline\\Pipeline->{closure:{closure:Illuminate\\Pipeline\\Pipeline::carry():183}:184}(Object(Illuminate\\Http\\Request))
#24 D:\\development\\CollaborateAgenToC\\AgentC\\vendor\\laravel\\framework\\src\\Illuminate\\Pipeline\\Pipeline.php(208): Illuminate\\View\\Middleware\\ShareErrorsFromSession->handle(Object(Illuminate\\Http\\Request), Object(Closure))
#25 D:\\development\\CollaborateAgenToC\\AgentC\\vendor\\laravel\\framework\\src\\Illuminate\\Session\\Middleware\\StartSession.php(120): Illuminate\\Pipeline\\Pipeline->{closure:{closure:Illuminate\\Pipeline\\Pipeline::carry():183}:184}(Object(Illuminate\\Http\\Request))
#26 D:\\development\\CollaborateAgenToC\\AgentC\\vendor\\laravel\\framework\\src\\Illuminate\\Session\\Middleware\\StartSession.php(63): Illuminate\\Session\\Middleware\\StartSession->handleStatefulRequest(Object(Illuminate\\Http\\Request), Object(Illuminate\\Session\\Store), Object(Closure))
#27 D:\\development\\CollaborateAgenToC\\AgentC\\vendor\\laravel\\framework\\src\\Illuminate\\Pipeline\\Pipeline.php(208): Illuminate\\Session\\Middleware\\StartSession->handle(Object(Illuminate\\Http\\Request), Object(Closure))
#28 D:\\development\\CollaborateAgenToC\\AgentC\\vendor\\laravel\\framework\\src\\Illuminate\\Cookie\\Middleware\\AddQueuedCookiesToResponse.php(36): Illuminate\\Pipeline\\Pipeline->{closure:{closure:Illuminate\\Pipeline\\Pipeline::carry():183}:184}(Object(Illuminate\\Http\\Request))
#29 D:\\development\\CollaborateAgenToC\\AgentC\\vendor\\laravel\\framework\\src\\Illuminate\\Pipeline\\Pipeline.php(208): Illuminate\\Cookie\\Middleware\\AddQueuedCookiesToResponse->handle(Object(Illuminate\\Http\\Request), Object(Closure))
#30 D:\\development\\CollaborateAgenToC\\AgentC\\vendor\\laravel\\framework\\src\\Illuminate\\Cookie\\Middleware\\EncryptCookies.php(74): Illuminate\\Pipeline\\Pipeline->{closure:{closure:Illuminate\\Pipeline\\Pipeline::carry():183}:184}(Object(Illuminate\\Http\\Request))
#31 D:\\development\\CollaborateAgenToC\\AgentC\\vendor\\laravel\\framework\\src\\Illuminate\\Pipeline\\Pipeline.php(208): Illuminate\\Cookie\\Middleware\\EncryptCookies->handle(Object(Illuminate\\Http\\Request), Object(Closure))
#32 D:\\development\\CollaborateAgenToC\\AgentC\\vendor\\laravel\\framework\\src\\Illuminate\\Pipeline\\Pipeline.php(126): Illuminate\\Pipeline\\Pipeline->{closure:{closure:Illuminate\\Pipeline\\Pipeline::carry():183}:184}(Object(Illuminate\\Http\\Request))
#33 D:\\development\\CollaborateAgenToC\\AgentC\\vendor\\laravel\\framework\\src\\Illuminate\\Routing\\Router.php(807): Illuminate\\Pipeline\\Pipeline->then(Object(Closure))
#34 D:\\development\\CollaborateAgenToC\\AgentC\\vendor\\laravel\\framework\\src\\Illuminate\\Routing\\Router.php(786): Illuminate\\Routing\\Router->runRouteWithinStack(Object(Illuminate\\Routing\\Route), Object(Illuminate\\Http\\Request))
#35 D:\\development\\CollaborateAgenToC\\AgentC\\vendor\\laravel\\framework\\src\\Illuminate\\Routing\\Router.php(750): Illuminate\\Routing\\Router->runRoute(Object(Illuminate\\Http\\Request), Object(Illuminate\\Routing\\Route))
#36 D:\\development\\CollaborateAgenToC\\AgentC\\vendor\\laravel\\framework\\src\\Illuminate\\Routing\\Router.php(739): Illuminate\\Routing\\Router->dispatchToRoute(Object(Illuminate\\Http\\Request))
#37 D:\\development\\CollaborateAgenToC\\AgentC\\vendor\\laravel\\framework\\src\\Illuminate\\Foundation\\Http\\Kernel.php(200): Illuminate\\Routing\\Router->dispatch(Object(Illuminate\\Http\\Request))
#38 D:\\development\\CollaborateAgenToC\\AgentC\\vendor\\laravel\\framework\\src\\Illuminate\\Pipeline\\Pipeline.php(169): Illuminate\\Foundation\\Http\\Kernel->{closure:Illuminate\\Foundation\\Http\\Kernel::dispatchToRouter():197}(Object(Illuminate\\Http\\Request))
#39 D:\\development\\CollaborateAgenToC\\AgentC\\vendor\\laravel\\framework\\src\\Illuminate\\Foundation\\Http\\Middleware\\TransformsRequest.php(21): Illuminate\\Pipeline\\Pipeline->{closure:Illuminate\\Pipeline\\Pipeline::prepareDestination():167}(Object(Illuminate\\Http\\Request))
#40 D:\\development\\CollaborateAgenToC\\AgentC\\vendor\\laravel\\framework\\src\\Illuminate\\Foundation\\Http\\Middleware\\ConvertEmptyStringsToNull.php(31): Illuminate\\Foundation\\Http\\Middleware\\TransformsRequest->handle(Object(Illuminate\\Http\\Request), Object(Closure))
#41 D:\\development\\CollaborateAgenToC\\AgentC\\vendor\\laravel\\framework\\src\\Illuminate\\Pipeline\\Pipeline.php(208): Illuminate\\Foundation\\Http\\Middleware\\ConvertEmptyStringsToNull->handle(Object(Illuminate\\Http\\Request), Object(Closure))
#42 D:\\development\\CollaborateAgenToC\\AgentC\\vendor\\laravel\\framework\\src\\Illuminate\\Foundation\\Http\\Middleware\\TransformsRequest.php(21): Illuminate\\Pipeline\\Pipeline->{closure:{closure:Illuminate\\Pipeline\\Pipeline::carry():183}:184}(Object(Illuminate\\Http\\Request))
#43 D:\\development\\CollaborateAgenToC\\AgentC\\vendor\\laravel\\framework\\src\\Illuminate\\Foundation\\Http\\Middleware\\TrimStrings.php(51): Illuminate\\Foundation\\Http\\Middleware\\TransformsRequest->handle(Object(Illuminate\\Http\\Request), Object(Closure))
#44 D:\\development\\CollaborateAgenToC\\AgentC\\vendor\\laravel\\framework\\src\\Illuminate\\Pipeline\\Pipeline.php(208): Illuminate\\Foundation\\Http\\Middleware\\TrimStrings->handle(Object(Illuminate\\Http\\Request), Object(Closure))
#45 D:\\development\\CollaborateAgenToC\\AgentC\\vendor\\laravel\\framework\\src\\Illuminate\\Http\\Middleware\\ValidatePostSize.php(27): Illuminate\\Pipeline\\Pipeline->{closure:{closure:Illuminate\\Pipeline\\Pipeline::carry():183}:184}(Object(Illuminate\\Http\\Request))
#46 D:\\development\\CollaborateAgenToC\\AgentC\\vendor\\laravel\\framework\\src\\Illuminate\\Pipeline\\Pipeline.php(208): Illuminate\\Http\\Middleware\\ValidatePostSize->handle(Object(Illuminate\\Http\\Request), Object(Closure))
#47 D:\\development\\CollaborateAgenToC\\AgentC\\vendor\\laravel\\framework\\src\\Illuminate\\Foundation\\Http\\Middleware\\PreventRequestsDuringMaintenance.php(109): Illuminate\\Pipeline\\Pipeline->{closure:{closure:Illuminate\\Pipeline\\Pipeline::carry():183}:184}(Object(Illuminate\\Http\\Request))
#48 D:\\development\\CollaborateAgenToC\\AgentC\\vendor\\laravel\\framework\\src\\Illuminate\\Pipeline\\Pipeline.php(208): Illuminate\\Foundation\\Http\\Middleware\\PreventRequestsDuringMaintenance->handle(Object(Illuminate\\Http\\Request), Object(Closure))
#49 D:\\development\\CollaborateAgenToC\\AgentC\\vendor\\laravel\\framework\\src\\Illuminate\\Http\\Middleware\\HandleCors.php(48): Illuminate\\Pipeline\\Pipeline->{closure:{closure:Illuminate\\Pipeline\\Pipeline::carry():183}:184}(Object(Illuminate\\Http\\Request))
#50 D:\\development\\CollaborateAgenToC\\AgentC\\vendor\\laravel\\framework\\src\\Illuminate\\Pipeline\\Pipeline.php(208): Illuminate\\Http\\Middleware\\HandleCors->handle(Object(Illuminate\\Http\\Request), Object(Closure))
#51 D:\\development\\CollaborateAgenToC\\AgentC\\vendor\\laravel\\framework\\src\\Illuminate\\Http\\Middleware\\TrustProxies.php(58): Illuminate\\Pipeline\\Pipeline->{closure:{closure:Illuminate\\Pipeline\\Pipeline::carry():183}:184}(Object(Illuminate\\Http\\Request))
#52 D:\\development\\CollaborateAgenToC\\AgentC\\vendor\\laravel\\framework\\src\\Illuminate\\Pipeline\\Pipeline.php(208): Illuminate\\Http\\Middleware\\TrustProxies->handle(Object(Illuminate\\Http\\Request), Object(Closure))
#53 D:\\development\\CollaborateAgenToC\\AgentC\\vendor\\laravel\\framework\\src\\Illuminate\\Foundation\\Http\\Middleware\\InvokeDeferredCallbacks.php(22): Illuminate\\Pipeline\\Pipeline->{closure:{closure:Illuminate\\Pipeline\\Pipeline::carry():183}:184}(Object(Illuminate\\Http\\Request))
#54 D:\\development\\CollaborateAgenToC\\AgentC\\vendor\\laravel\\framework\\src\\Illuminate\\Pipeline\\Pipeline.php(208): Illuminate\\Foundation\\Http\\Middleware\\InvokeDeferredCallbacks->handle(Object(Illuminate\\Http\\Request), Object(Closure))
#55 D:\\development\\CollaborateAgenToC\\AgentC\\vendor\\laravel\\framework\\src\\Illuminate\\Http\\Middleware\\ValidatePathEncoding.php(26): Illuminate\\Pipeline\\Pipeline->{closure:{closure:Illuminate\\Pipeline\\Pipeline::carry():183}:184}(Object(Illuminate\\Http\\Request))
#56 D:\\development\\CollaborateAgenToC\\AgentC\\vendor\\laravel\\framework\\src\\Illuminate\\Pipeline\\Pipeline.php(208): Illuminate\\Http\\Middleware\\ValidatePathEncoding->handle(Object(Illuminate\\Http\\Request), Object(Closure))
#57 D:\\development\\CollaborateAgenToC\\AgentC\\vendor\\laravel\\framework\\src\\Illuminate\\Pipeline\\Pipeline.php(126): Illuminate\\Pipeline\\Pipeline->{closure:{closure:Illuminate\\Pipeline\\Pipeline::carry():183}:184}(Object(Illuminate\\Http\\Request))
#58 D:\\development\\CollaborateAgenToC\\AgentC\\vendor\\laravel\\framework\\src\\Illuminate\\Foundation\\Http\\Kernel.php(175): Illuminate\\Pipeline\\Pipeline->then(Object(Closure))
#59 D:\\development\\CollaborateAgenToC\\AgentC\\vendor\\laravel\\framework\\src\\Illuminate\\Foundation\\Http\\Kernel.php(144): Illuminate\\Foundation\\Http\\Kernel->sendRequestThroughRouter(Object(Illuminate\\Http\\Request))
#60 D:\\development\\CollaborateAgenToC\\AgentC\\vendor\\laravel\\framework\\src\\Illuminate\\Foundation\\Application.php(1219): Illuminate\\Foundation\\Http\\Kernel->handle(Object(Illuminate\\Http\\Request))
#61 D:\\development\\CollaborateAgenToC\\AgentC\\public\\index.php(20): Illuminate\\Foundation\\Application->handleRequest(Object(Illuminate\\Http\\Request))
#62 D:\\development\\CollaborateAgenToC\\AgentC\\vendor\\laravel\\framework\\src\\Illuminate\\Foundation\\resources\\server.php(23): require_once('D:\\\\development\\\\...')
#63 {main}

[previous exception] [object] (PDOException(code: HY000): SQLSTATE[HY000]: General error: 1 no such column: orders.id at D:\\development\\CollaborateAgenToC\\AgentC\\vendor\\laravel\\framework\\src\\Illuminate\\Database\\Connection.php:404)
[stacktrace]
#0 D:\\development\\CollaborateAgenToC\\AgentC\\vendor\\laravel\\framework\\src\\Illuminate\\Database\\Connection.php(404): PDO->prepare('select * from \"...')
#1 D:\\development\\CollaborateAgenToC\\AgentC\\vendor\\laravel\\framework\\src\\Illuminate\\Database\\Connection.php(809): Illuminate\\Database\\Connection->{closure:Illuminate\\Database\\Connection::select():395}('select * from \"...', Array)
#2 D:\\development\\CollaborateAgenToC\\AgentC\\vendor\\laravel\\framework\\src\\Illuminate\\Database\\Connection.php(776): Illuminate\\Database\\Connection->runQueryCallback('select * from \"...', Array, Object(Closure))
#3 D:\\development\\CollaborateAgenToC\\AgentC\\vendor\\laravel\\framework\\src\\Illuminate\\Database\\Connection.php(395): Illuminate\\Database\\Connection->run('select * from \"...', Array, Object(Closure))
#4 D:\\development\\CollaborateAgenToC\\AgentC\\vendor\\laravel\\framework\\src\\Illuminate\\Database\\Query\\Builder.php(3131): Illuminate\\Database\\Connection->select('select * from \"...', Array, true)
#5 D:\\development\\CollaborateAgenToC\\AgentC\\vendor\\laravel\\framework\\src\\Illuminate\\Database\\Query\\Builder.php(3116): Illuminate\\Database\\Query\\Builder->runSelect()
#6 D:\\development\\CollaborateAgenToC\\AgentC\\vendor\\laravel\\framework\\src\\Illuminate\\Database\\Query\\Builder.php(3706): Illuminate\\Database\\Query\\Builder->{closure:Illuminate\\Database\\Query\\Builder::get():3115}()
#7 D:\\development\\CollaborateAgenToC\\AgentC\\vendor\\laravel\\framework\\src\\Illuminate\\Database\\Query\\Builder.php(3115): Illuminate\\Database\\Query\\Builder->onceWithColumns(Array, Object(Closure))
#8 D:\\development\\CollaborateAgenToC\\AgentC\\vendor\\laravel\\framework\\src\\Illuminate\\Database\\Eloquent\\Builder.php(872): Illuminate\\Database\\Query\\Builder->get(Array)
#9 D:\\development\\CollaborateAgenToC\\AgentC\\vendor\\laravel\\framework\\src\\Illuminate\\Database\\Eloquent\\Builder.php(854): Illuminate\\Database\\Eloquent\\Builder->getModels(Array)
#10 D:\\development\\CollaborateAgenToC\\AgentC\\vendor\\laravel\\framework\\src\\Illuminate\\Database\\Concerns\\BuildsQueries.php(366): Illuminate\\Database\\Eloquent\\Builder->get(Array)
#11 D:\\development\\CollaborateAgenToC\\AgentC\\vendor\\laravel\\framework\\src\\Illuminate\\Database\\Eloquent\\Builder.php(538): Illuminate\\Database\\Eloquent\\Builder->first(Array)
#12 D:\\development\\CollaborateAgenToC\\AgentC\\vendor\\laravel\\framework\\src\\Illuminate\\Support\\Traits\\ForwardsCalls.php(23): Illuminate\\Database\\Eloquent\\Builder->find('100-7230')
#13 D:\\development\\CollaborateAgenToC\\AgentC\\vendor\\laravel\\framework\\src\\Illuminate\\Database\\Eloquent\\Model.php(2496): Illuminate\\Database\\Eloquent\\Model->forwardCallTo(Object(Illuminate\\Database\\Eloquent\\Builder), 'find', Array)
#14 D:\\development\\CollaborateAgenToC\\AgentC\\vendor\\laravel\\framework\\src\\Illuminate\\Database\\Eloquent\\Model.php(2512): Illuminate\\Database\\Eloquent\\Model->__call('find', Array)
#15 D:\\development\\CollaborateAgenToC\\AgentC\\app\\Http\\Controllers\\TransactionsController.php(154): Illuminate\\Database\\Eloquent\\Model::__callStatic('find', Array)
#16 D:\\development\\CollaborateAgenToC\\AgentC\\vendor\\laravel\\framework\\src\\Illuminate\\Routing\\ControllerDispatcher.php(46): App\\Http\\Controllers\\TransactionsController->receipt('100-7230')
#17 D:\\development\\CollaborateAgenToC\\AgentC\\vendor\\laravel\\framework\\src\\Illuminate\\Routing\\Route.php(265): Illuminate\\Routing\\ControllerDispatcher->dispatch(Object(Illuminate\\Routing\\Route), Object(App\\Http\\Controllers\\TransactionsController), 'receipt')
#18 D:\\development\\CollaborateAgenToC\\AgentC\\vendor\\laravel\\framework\\src\\Illuminate\\Routing\\Route.php(211): Illuminate\\Routing\\Route->runController()
#19 D:\\development\\CollaborateAgenToC\\AgentC\\vendor\\laravel\\framework\\src\\Illuminate\\Routing\\Router.php(808): Illuminate\\Routing\\Route->run()
#20 D:\\development\\CollaborateAgenToC\\AgentC\\vendor\\laravel\\framework\\src\\Illuminate\\Pipeline\\Pipeline.php(169): Illuminate\\Routing\\Router->{closure:Illuminate\\Routing\\Router::runRouteWithinStack():807}(Object(Illuminate\\Http\\Request))
#21 D:\\development\\CollaborateAgenToC\\AgentC\\vendor\\laravel\\framework\\src\\Illuminate\\Routing\\Middleware\\SubstituteBindings.php(50): Illuminate\\Pipeline\\Pipeline->{closure:Illuminate\\Pipeline\\Pipeline::prepareDestination():167}(Object(Illuminate\\Http\\Request))
#22 D:\\development\\CollaborateAgenToC\\AgentC\\vendor\\laravel\\framework\\src\\Illuminate\\Pipeline\\Pipeline.php(208): Illuminate\\Routing\\Middleware\\SubstituteBindings->handle(Object(Illuminate\\Http\\Request), Object(Closure))
#23 D:\\development\\CollaborateAgenToC\\AgentC\\vendor\\laravel\\framework\\src\\Illuminate\\Foundation\\Http\\Middleware\\VerifyCsrfToken.php(87): Illuminate\\Pipeline\\Pipeline->{closure:{closure:Illuminate\\Pipeline\\Pipeline::carry():183}:184}(Object(Illuminate\\Http\\Request))
#24 D:\\development\\CollaborateAgenToC\\AgentC\\vendor\\laravel\\framework\\src\\Illuminate\\Pipeline\\Pipeline.php(208): Illuminate\\Foundation\\Http\\Middleware\\VerifyCsrfToken->handle(Object(Illuminate\\Http\\Request), Object(Closure))
#25 D:\\development\\CollaborateAgenToC\\AgentC\\vendor\\laravel\\framework\\src\\Illuminate\\View\\Middleware\\ShareErrorsFromSession.php(48): Illuminate\\Pipeline\\Pipeline->{closure:{closure:Illuminate\\Pipeline\\Pipeline::carry():183}:184}(Object(Illuminate\\Http\\Request))
#26 D:\\development\\CollaborateAgenToC\\AgentC\\vendor\\laravel\\framework\\src\\Illuminate\\Pipeline\\Pipeline.php(208): Illuminate\\View\\Middleware\\ShareErrorsFromSession->handle(Object(Illuminate\\Http\\Request), Object(Closure))
#27 D:\\development\\CollaborateAgenToC\\AgentC\\vendor\\laravel\\framework\\src\\Illuminate\\Session\\Middleware\\StartSession.php(120): Illuminate\\Pipeline\\Pipeline->{closure:{closure:Illuminate\\Pipeline\\Pipeline::carry():183}:184}(Object(Illuminate\\Http\\Request))
#28 D:\\development\\CollaborateAgenToC\\AgentC\\vendor\\laravel\\framework\\src\\Illuminate\\Session\\Middleware\\StartSession.php(63): Illuminate\\Session\\Middleware\\StartSession->handleStatefulRequest(Object(Illuminate\\Http\\Request), Object(Illuminate\\Session\\Store), Object(Closure))
#29 D:\\development\\CollaborateAgenToC\\AgentC\\vendor\\laravel\\framework\\src\\Illuminate\\Pipeline\\Pipeline.php(208): Illuminate\\Session\\Middleware\\StartSession->handle(Object(Illuminate\\Http\\Request), Object(Closure))
#30 D:\\development\\CollaborateAgenToC\\AgentC\\vendor\\laravel\\framework\\src\\Illuminate\\Cookie\\Middleware\\AddQueuedCookiesToResponse.php(36): Illuminate\\Pipeline\\Pipeline->{closure:{closure:Illuminate\\Pipeline\\Pipeline::carry():183}:184}(Object(Illuminate\\Http\\Request))
#31 D:\\development\\CollaborateAgenToC\\AgentC\\vendor\\laravel\\framework\\src\\Illuminate\\Pipeline\\Pipeline.php(208): Illuminate\\Cookie\\Middleware\\AddQueuedCookiesToResponse->handle(Object(Illuminate\\Http\\Request), Object(Closure))
#32 D:\\development\\CollaborateAgenToC\\AgentC\\vendor\\laravel\\framework\\src\\Illuminate\\Cookie\\Middleware\\EncryptCookies.php(74): Illuminate\\Pipeline\\Pipeline->{closure:{closure:Illuminate\\Pipeline\\Pipeline::carry():183}:184}(Object(Illuminate\\Http\\Request))
#33 D:\\development\\CollaborateAgenToC\\AgentC\\vendor\\laravel\\framework\\src\\Illuminate\\Pipeline\\Pipeline.php(208): Illuminate\\Cookie\\Middleware\\EncryptCookies->handle(Object(Illuminate\\Http\\Request), Object(Closure))
#34 D:\\development\\CollaborateAgenToC\\AgentC\\vendor\\laravel\\framework\\src\\Illuminate\\Pipeline\\Pipeline.php(126): Illuminate\\Pipeline\\Pipeline->{closure:{closure:Illuminate\\Pipeline\\Pipeline::carry():183}:184}(Object(Illuminate\\Http\\Request))
#35 D:\\development\\CollaborateAgenToC\\AgentC\\vendor\\laravel\\framework\\src\\Illuminate\\Routing\\Router.php(807): Illuminate\\Pipeline\\Pipeline->then(Object(Closure))
#36 D:\\development\\CollaborateAgenToC\\AgentC\\vendor\\laravel\\framework\\src\\Illuminate\\Routing\\Router.php(786): Illuminate\\Routing\\Router->runRouteWithinStack(Object(Illuminate\\Routing\\Route), Object(Illuminate\\Http\\Request))
#37 D:\\development\\CollaborateAgenToC\\AgentC\\vendor\\laravel\\framework\\src\\Illuminate\\Routing\\Router.php(750): Illuminate\\Routing\\Router->runRoute(Object(Illuminate\\Http\\Request), Object(Illuminate\\Routing\\Route))
#38 D:\\development\\CollaborateAgenToC\\AgentC\\vendor\\laravel\\framework\\src\\Illuminate\\Routing\\Router.php(739): Illuminate\\Routing\\Router->dispatchToRoute(Object(Illuminate\\Http\\Request))
#39 D:\\development\\CollaborateAgenToC\\AgentC\\vendor\\laravel\\framework\\src\\Illuminate\\Foundation\\Http\\Kernel.php(200): Illuminate\\Routing\\Router->dispatch(Object(Illuminate\\Http\\Request))
#40 D:\\development\\CollaborateAgenToC\\AgentC\\vendor\\laravel\\framework\\src\\Illuminate\\Pipeline\\Pipeline.php(169): Illuminate\\Foundation\\Http\\Kernel->{closure:Illuminate\\Foundation\\Http\\Kernel::dispatchToRouter():197}(Object(Illuminate\\Http\\Request))
#41 D:\\development\\CollaborateAgenToC\\AgentC\\vendor\\laravel\\framework\\src\\Illuminate\\Foundation\\Http\\Middleware\\TransformsRequest.php(21): Illuminate\\Pipeline\\Pipeline->{closure:Illuminate\\Pipeline\\Pipeline::prepareDestination():167}(Object(Illuminate\\Http\\Request))
#42 D:\\development\\CollaborateAgenToC\\AgentC\\vendor\\laravel\\framework\\src\\Illuminate\\Foundation\\Http\\Middleware\\ConvertEmptyStringsToNull.php(31): Illuminate\\Foundation\\Http\\Middleware\\TransformsRequest->handle(Object(Illuminate\\Http\\Request), Object(Closure))
#43 D:\\development\\CollaborateAgenToC\\AgentC\\vendor\\laravel\\framework\\src\\Illuminate\\Pipeline\\Pipeline.php(208): Illuminate\\Foundation\\Http\\Middleware\\ConvertEmptyStringsToNull->handle(Object(Illuminate\\Http\\Request), Object(Closure))
#44 D:\\development\\CollaborateAgenToC\\AgentC\\vendor\\laravel\\framework\\src\\Illuminate\\Foundation\\Http\\Middleware\\TransformsRequest.php(21): Illuminate\\Pipeline\\Pipeline->{closure:{closure:Illuminate\\Pipeline\\Pipeline::carry():183}:184}(Object(Illuminate\\Http\\Request))
#45 D:\\development\\CollaborateAgenToC\\AgentC\\vendor\\laravel\\framework\\src\\Illuminate\\Foundation\\Http\\Middleware\\TrimStrings.php(51): Illuminate\\Foundation\\Http\\Middleware\\TransformsRequest->handle(Object(Illuminate\\Http\\Request), Object(Closure))
#46 D:\\development\\CollaborateAgenToC\\AgentC\\vendor\\laravel\\framework\\src\\Illuminate\\Pipeline\\Pipeline.php(208): Illuminate\\Foundation\\Http\\Middleware\\TrimStrings->handle(Object(Illuminate\\Http\\Request), Object(Closure))
#47 D:\\development\\CollaborateAgenToC\\AgentC\\vendor\\laravel\\framework\\src\\Illuminate\\Http\\Middleware\\ValidatePostSize.php(27): Illuminate\\Pipeline\\Pipeline->{closure:{closure:Illuminate\\Pipeline\\Pipeline::carry():183}:184}(Object(Illuminate\\Http\\Request))
#48 D:\\development\\CollaborateAgenToC\\AgentC\\vendor\\laravel\\framework\\src\\Illuminate\\Pipeline\\Pipeline.php(208): Illuminate\\Http\\Middleware\\ValidatePostSize->handle(Object(Illuminate\\Http\\Request), Object(Closure))
#49 D:\\development\\CollaborateAgenToC\\AgentC\\vendor\\laravel\\framework\\src\\Illuminate\\Foundation\\Http\\Middleware\\PreventRequestsDuringMaintenance.php(109): Illuminate\\Pipeline\\Pipeline->{closure:{closure:Illuminate\\Pipeline\\Pipeline::carry():183}:184}(Object(Illuminate\\Http\\Request))
#50 D:\\development\\CollaborateAgenToC\\AgentC\\vendor\\laravel\\framework\\src\\Illuminate\\Pipeline\\Pipeline.php(208): Illuminate\\Foundation\\Http\\Middleware\\PreventRequestsDuringMaintenance->handle(Object(Illuminate\\Http\\Request), Object(Closure))
#51 D:\\development\\CollaborateAgenToC\\AgentC\\vendor\\laravel\\framework\\src\\Illuminate\\Http\\Middleware\\HandleCors.php(48): Illuminate\\Pipeline\\Pipeline->{closure:{closure:Illuminate\\Pipeline\\Pipeline::carry():183}:184}(Object(Illuminate\\Http\\Request))
#52 D:\\development\\CollaborateAgenToC\\AgentC\\vendor\\laravel\\framework\\src\\Illuminate\\Pipeline\\Pipeline.php(208): Illuminate\\Http\\Middleware\\HandleCors->handle(Object(Illuminate\\Http\\Request), Object(Closure))
#53 D:\\development\\CollaborateAgenToC\\AgentC\\vendor\\laravel\\framework\\src\\Illuminate\\Http\\Middleware\\TrustProxies.php(58): Illuminate\\Pipeline\\Pipeline->{closure:{closure:Illuminate\\Pipeline\\Pipeline::carry():183}:184}(Object(Illuminate\\Http\\Request))
#54 D:\\development\\CollaborateAgenToC\\AgentC\\vendor\\laravel\\framework\\src\\Illuminate\\Pipeline\\Pipeline.php(208): Illuminate\\Http\\Middleware\\TrustProxies->handle(Object(Illuminate\\Http\\Request), Object(Closure))
#55 D:\\development\\CollaborateAgenToC\\AgentC\\vendor\\laravel\\framework\\src\\Illuminate\\Foundation\\Http\\Middleware\\InvokeDeferredCallbacks.php(22): Illuminate\\Pipeline\\Pipeline->{closure:{closure:Illuminate\\Pipeline\\Pipeline::carry():183}:184}(Object(Illuminate\\Http\\Request))
#56 D:\\development\\CollaborateAgenToC\\AgentC\\vendor\\laravel\\framework\\src\\Illuminate\\Pipeline\\Pipeline.php(208): Illuminate\\Foundation\\Http\\Middleware\\InvokeDeferredCallbacks->handle(Object(Illuminate\\Http\\Request), Object(Closure))
#57 D:\\development\\CollaborateAgenToC\\AgentC\\vendor\\laravel\\framework\\src\\Illuminate\\Http\\Middleware\\ValidatePathEncoding.php(26): Illuminate\\Pipeline\\Pipeline->{closure:{closure:Illuminate\\Pipeline\\Pipeline::carry():183}:184}(Object(Illuminate\\Http\\Request))
#58 D:\\development\\CollaborateAgenToC\\AgentC\\vendor\\laravel\\framework\\src\\Illuminate\\Pipeline\\Pipeline.php(208): Illuminate\\Http\\Middleware\\ValidatePathEncoding->handle(Object(Illuminate\\Http\\Request), Object(Closure))
#59 D:\\development\\CollaborateAgenToC\\AgentC\\vendor\\laravel\\framework\\src\\Illuminate\\Pipeline\\Pipeline.php(126): Illuminate\\Pipeline\\Pipeline->{closure:{closure:Illuminate\\Pipeline\\Pipeline::carry():183}:184}(Object(Illuminate\\Http\\Request))
#60 D:\\development\\CollaborateAgenToC\\AgentC\\vendor\\laravel\\framework\\src\\Illuminate\\Foundation\\Http\\Kernel.php(175): Illuminate\\Pipeline\\Pipeline->then(Object(Closure))
#61 D:\\development\\CollaborateAgenToC\\AgentC\\vendor\\laravel\\framework\\src\\Illuminate\\Foundation\\Http\\Kernel.php(144): Illuminate\\Foundation\\Http\\Kernel->sendRequestThroughRouter(Object(Illuminate\\Http\\Request))
#62 D:\\development\\CollaborateAgenToC\\AgentC\\vendor\\laravel\\framework\\src\\Illuminate\\Foundation\\Application.php(1219): Illuminate\\Foundation\\Http\\Kernel->handle(Object(Illuminate\\Http\\Request))
#63 D:\\development\\CollaborateAgenToC\\AgentC\\public\\index.php(20): Illuminate\\Foundation\\Application->handleRequest(Object(Illuminate\\Http\\Request))
#64 D:\\development\\CollaborateAgenToC\\AgentC\\vendor\\laravel\\framework\\src\\Illuminate\\Foundation\\resources\\server.php(23): require_once('D:\\\\development\\\\...')
#65 {main}
"} 
[2025-08-29 14:30:35] Development.ERROR: Access to undeclared static property phpseclib3\File\ASN1\Maps\CountryName::$user (View: D:\development\CollaborateAgenToC\AgentC\resources\views\transaction\receipt.blade.php) {"exception":"[object] (Illuminate\\View\\ViewException(code: 0): Access to undeclared static property phpseclib3\\File\\ASN1\\Maps\\CountryName::$user (View: D:\\development\\CollaborateAgenToC\\AgentC\\resources\\views\\transaction\\receipt.blade.php) at D:\\development\\CollaborateAgenToC\\AgentC\\storage\\framework\\views\\a2c19a32c08e629f139836f12dd716ec.php:94)
[stacktrace]
#0 D:\\development\\CollaborateAgenToC\\AgentC\\vendor\\laravel\\framework\\src\\Illuminate\\View\\Engines\\PhpEngine.php(59): Illuminate\\View\\Engines\\CompilerEngine->handleViewException(Object(Error), 0)
#1 D:\\development\\CollaborateAgenToC\\AgentC\\vendor\\laravel\\framework\\src\\Illuminate\\View\\Engines\\CompilerEngine.php(74): Illuminate\\View\\Engines\\PhpEngine->evaluatePath('D:\\\\development\\\\...', Array)
#2 D:\\development\\CollaborateAgenToC\\AgentC\\vendor\\laravel\\framework\\src\\Illuminate\\View\\View.php(208): Illuminate\\View\\Engines\\CompilerEngine->get('D:\\\\development\\\\...', Array)
#3 D:\\development\\CollaborateAgenToC\\AgentC\\vendor\\laravel\\framework\\src\\Illuminate\\View\\View.php(191): Illuminate\\View\\View->getContents()
#4 D:\\development\\CollaborateAgenToC\\AgentC\\vendor\\laravel\\framework\\src\\Illuminate\\View\\View.php(160): Illuminate\\View\\View->renderContents()
#5 D:\\development\\CollaborateAgenToC\\AgentC\\vendor\\laravel\\framework\\src\\Illuminate\\Http\\Response.php(78): Illuminate\\View\\View->render()
#6 D:\\development\\CollaborateAgenToC\\AgentC\\vendor\\laravel\\framework\\src\\Illuminate\\Http\\Response.php(34): Illuminate\\Http\\Response->setContent(Object(Illuminate\\View\\View))
#7 D:\\development\\CollaborateAgenToC\\AgentC\\vendor\\laravel\\framework\\src\\Illuminate\\Routing\\Router.php(924): Illuminate\\Http\\Response->__construct(Object(Illuminate\\View\\View), 200, Array)
#8 D:\\development\\CollaborateAgenToC\\AgentC\\vendor\\laravel\\framework\\src\\Illuminate\\Routing\\Router.php(891): Illuminate\\Routing\\Router::toResponse(Object(Illuminate\\Http\\Request), Object(Illuminate\\View\\View))
#9 D:\\development\\CollaborateAgenToC\\AgentC\\vendor\\laravel\\framework\\src\\Illuminate\\Routing\\Router.php(807): Illuminate\\Routing\\Router->prepareResponse(Object(Illuminate\\Http\\Request), Object(Illuminate\\View\\View))
#10 D:\\development\\CollaborateAgenToC\\AgentC\\vendor\\laravel\\framework\\src\\Illuminate\\Pipeline\\Pipeline.php(169): Illuminate\\Routing\\Router->{closure:Illuminate\\Routing\\Router::runRouteWithinStack():807}(Object(Illuminate\\Http\\Request))
#11 D:\\development\\CollaborateAgenToC\\AgentC\\vendor\\laravel\\framework\\src\\Illuminate\\Routing\\Middleware\\SubstituteBindings.php(50): Illuminate\\Pipeline\\Pipeline->{closure:Illuminate\\Pipeline\\Pipeline::prepareDestination():167}(Object(Illuminate\\Http\\Request))
#12 D:\\development\\CollaborateAgenToC\\AgentC\\vendor\\laravel\\framework\\src\\Illuminate\\Pipeline\\Pipeline.php(208): Illuminate\\Routing\\Middleware\\SubstituteBindings->handle(Object(Illuminate\\Http\\Request), Object(Closure))
#13 D:\\development\\CollaborateAgenToC\\AgentC\\vendor\\laravel\\framework\\src\\Illuminate\\Foundation\\Http\\Middleware\\VerifyCsrfToken.php(87): Illuminate\\Pipeline\\Pipeline->{closure:{closure:Illuminate\\Pipeline\\Pipeline::carry():183}:184}(Object(Illuminate\\Http\\Request))
#14 D:\\development\\CollaborateAgenToC\\AgentC\\vendor\\laravel\\framework\\src\\Illuminate\\Pipeline\\Pipeline.php(208): Illuminate\\Foundation\\Http\\Middleware\\VerifyCsrfToken->handle(Object(Illuminate\\Http\\Request), Object(Closure))
#15 D:\\development\\CollaborateAgenToC\\AgentC\\vendor\\laravel\\framework\\src\\Illuminate\\View\\Middleware\\ShareErrorsFromSession.php(48): Illuminate\\Pipeline\\Pipeline->{closure:{closure:Illuminate\\Pipeline\\Pipeline::carry():183}:184}(Object(Illuminate\\Http\\Request))
#16 D:\\development\\CollaborateAgenToC\\AgentC\\vendor\\laravel\\framework\\src\\Illuminate\\Pipeline\\Pipeline.php(208): Illuminate\\View\\Middleware\\ShareErrorsFromSession->handle(Object(Illuminate\\Http\\Request), Object(Closure))
#17 D:\\development\\CollaborateAgenToC\\AgentC\\vendor\\laravel\\framework\\src\\Illuminate\\Session\\Middleware\\StartSession.php(120): Illuminate\\Pipeline\\Pipeline->{closure:{closure:Illuminate\\Pipeline\\Pipeline::carry():183}:184}(Object(Illuminate\\Http\\Request))
#18 D:\\development\\CollaborateAgenToC\\AgentC\\vendor\\laravel\\framework\\src\\Illuminate\\Session\\Middleware\\StartSession.php(63): Illuminate\\Session\\Middleware\\StartSession->handleStatefulRequest(Object(Illuminate\\Http\\Request), Object(Illuminate\\Session\\Store), Object(Closure))
#19 D:\\development\\CollaborateAgenToC\\AgentC\\vendor\\laravel\\framework\\src\\Illuminate\\Pipeline\\Pipeline.php(208): Illuminate\\Session\\Middleware\\StartSession->handle(Object(Illuminate\\Http\\Request), Object(Closure))
#20 D:\\development\\CollaborateAgenToC\\AgentC\\vendor\\laravel\\framework\\src\\Illuminate\\Cookie\\Middleware\\AddQueuedCookiesToResponse.php(36): Illuminate\\Pipeline\\Pipeline->{closure:{closure:Illuminate\\Pipeline\\Pipeline::carry():183}:184}(Object(Illuminate\\Http\\Request))
#21 D:\\development\\CollaborateAgenToC\\AgentC\\vendor\\laravel\\framework\\src\\Illuminate\\Pipeline\\Pipeline.php(208): Illuminate\\Cookie\\Middleware\\AddQueuedCookiesToResponse->handle(Object(Illuminate\\Http\\Request), Object(Closure))
#22 D:\\development\\CollaborateAgenToC\\AgentC\\vendor\\laravel\\framework\\src\\Illuminate\\Cookie\\Middleware\\EncryptCookies.php(74): Illuminate\\Pipeline\\Pipeline->{closure:{closure:Illuminate\\Pipeline\\Pipeline::carry():183}:184}(Object(Illuminate\\Http\\Request))
#23 D:\\development\\CollaborateAgenToC\\AgentC\\vendor\\laravel\\framework\\src\\Illuminate\\Pipeline\\Pipeline.php(208): Illuminate\\Cookie\\Middleware\\EncryptCookies->handle(Object(Illuminate\\Http\\Request), Object(Closure))
#24 D:\\development\\CollaborateAgenToC\\AgentC\\vendor\\laravel\\framework\\src\\Illuminate\\Pipeline\\Pipeline.php(126): Illuminate\\Pipeline\\Pipeline->{closure:{closure:Illuminate\\Pipeline\\Pipeline::carry():183}:184}(Object(Illuminate\\Http\\Request))
#25 D:\\development\\CollaborateAgenToC\\AgentC\\vendor\\laravel\\framework\\src\\Illuminate\\Routing\\Router.php(807): Illuminate\\Pipeline\\Pipeline->then(Object(Closure))
#26 D:\\development\\CollaborateAgenToC\\AgentC\\vendor\\laravel\\framework\\src\\Illuminate\\Routing\\Router.php(786): Illuminate\\Routing\\Router->runRouteWithinStack(Object(Illuminate\\Routing\\Route), Object(Illuminate\\Http\\Request))
#27 D:\\development\\CollaborateAgenToC\\AgentC\\vendor\\laravel\\framework\\src\\Illuminate\\Routing\\Router.php(750): Illuminate\\Routing\\Router->runRoute(Object(Illuminate\\Http\\Request), Object(Illuminate\\Routing\\Route))
#28 D:\\development\\CollaborateAgenToC\\AgentC\\vendor\\laravel\\framework\\src\\Illuminate\\Routing\\Router.php(739): Illuminate\\Routing\\Router->dispatchToRoute(Object(Illuminate\\Http\\Request))
#29 D:\\development\\CollaborateAgenToC\\AgentC\\vendor\\laravel\\framework\\src\\Illuminate\\Foundation\\Http\\Kernel.php(200): Illuminate\\Routing\\Router->dispatch(Object(Illuminate\\Http\\Request))
#30 D:\\development\\CollaborateAgenToC\\AgentC\\vendor\\laravel\\framework\\src\\Illuminate\\Pipeline\\Pipeline.php(169): Illuminate\\Foundation\\Http\\Kernel->{closure:Illuminate\\Foundation\\Http\\Kernel::dispatchToRouter():197}(Object(Illuminate\\Http\\Request))
#31 D:\\development\\CollaborateAgenToC\\AgentC\\vendor\\laravel\\framework\\src\\Illuminate\\Foundation\\Http\\Middleware\\TransformsRequest.php(21): Illuminate\\Pipeline\\Pipeline->{closure:Illuminate\\Pipeline\\Pipeline::prepareDestination():167}(Object(Illuminate\\Http\\Request))
#32 D:\\development\\CollaborateAgenToC\\AgentC\\vendor\\laravel\\framework\\src\\Illuminate\\Foundation\\Http\\Middleware\\ConvertEmptyStringsToNull.php(31): Illuminate\\Foundation\\Http\\Middleware\\TransformsRequest->handle(Object(Illuminate\\Http\\Request), Object(Closure))
#33 D:\\development\\CollaborateAgenToC\\AgentC\\vendor\\laravel\\framework\\src\\Illuminate\\Pipeline\\Pipeline.php(208): Illuminate\\Foundation\\Http\\Middleware\\ConvertEmptyStringsToNull->handle(Object(Illuminate\\Http\\Request), Object(Closure))
#34 D:\\development\\CollaborateAgenToC\\AgentC\\vendor\\laravel\\framework\\src\\Illuminate\\Foundation\\Http\\Middleware\\TransformsRequest.php(21): Illuminate\\Pipeline\\Pipeline->{closure:{closure:Illuminate\\Pipeline\\Pipeline::carry():183}:184}(Object(Illuminate\\Http\\Request))
#35 D:\\development\\CollaborateAgenToC\\AgentC\\vendor\\laravel\\framework\\src\\Illuminate\\Foundation\\Http\\Middleware\\TrimStrings.php(51): Illuminate\\Foundation\\Http\\Middleware\\TransformsRequest->handle(Object(Illuminate\\Http\\Request), Object(Closure))
#36 D:\\development\\CollaborateAgenToC\\AgentC\\vendor\\laravel\\framework\\src\\Illuminate\\Pipeline\\Pipeline.php(208): Illuminate\\Foundation\\Http\\Middleware\\TrimStrings->handle(Object(Illuminate\\Http\\Request), Object(Closure))
#37 D:\\development\\CollaborateAgenToC\\AgentC\\vendor\\laravel\\framework\\src\\Illuminate\\Http\\Middleware\\ValidatePostSize.php(27): Illuminate\\Pipeline\\Pipeline->{closure:{closure:Illuminate\\Pipeline\\Pipeline::carry():183}:184}(Object(Illuminate\\Http\\Request))
#38 D:\\development\\CollaborateAgenToC\\AgentC\\vendor\\laravel\\framework\\src\\Illuminate\\Pipeline\\Pipeline.php(208): Illuminate\\Http\\Middleware\\ValidatePostSize->handle(Object(Illuminate\\Http\\Request), Object(Closure))
#39 D:\\development\\CollaborateAgenToC\\AgentC\\vendor\\laravel\\framework\\src\\Illuminate\\Foundation\\Http\\Middleware\\PreventRequestsDuringMaintenance.php(109): Illuminate\\Pipeline\\Pipeline->{closure:{closure:Illuminate\\Pipeline\\Pipeline::carry():183}:184}(Object(Illuminate\\Http\\Request))
#40 D:\\development\\CollaborateAgenToC\\AgentC\\vendor\\laravel\\framework\\src\\Illuminate\\Pipeline\\Pipeline.php(208): Illuminate\\Foundation\\Http\\Middleware\\PreventRequestsDuringMaintenance->handle(Object(Illuminate\\Http\\Request), Object(Closure))
#41 D:\\development\\CollaborateAgenToC\\AgentC\\vendor\\laravel\\framework\\src\\Illuminate\\Http\\Middleware\\HandleCors.php(48): Illuminate\\Pipeline\\Pipeline->{closure:{closure:Illuminate\\Pipeline\\Pipeline::carry():183}:184}(Object(Illuminate\\Http\\Request))
#42 D:\\development\\CollaborateAgenToC\\AgentC\\vendor\\laravel\\framework\\src\\Illuminate\\Pipeline\\Pipeline.php(208): Illuminate\\Http\\Middleware\\HandleCors->handle(Object(Illuminate\\Http\\Request), Object(Closure))
#43 D:\\development\\CollaborateAgenToC\\AgentC\\vendor\\laravel\\framework\\src\\Illuminate\\Http\\Middleware\\TrustProxies.php(58): Illuminate\\Pipeline\\Pipeline->{closure:{closure:Illuminate\\Pipeline\\Pipeline::carry():183}:184}(Object(Illuminate\\Http\\Request))
#44 D:\\development\\CollaborateAgenToC\\AgentC\\vendor\\laravel\\framework\\src\\Illuminate\\Pipeline\\Pipeline.php(208): Illuminate\\Http\\Middleware\\TrustProxies->handle(Object(Illuminate\\Http\\Request), Object(Closure))
#45 D:\\development\\CollaborateAgenToC\\AgentC\\vendor\\laravel\\framework\\src\\Illuminate\\Foundation\\Http\\Middleware\\InvokeDeferredCallbacks.php(22): Illuminate\\Pipeline\\Pipeline->{closure:{closure:Illuminate\\Pipeline\\Pipeline::carry():183}:184}(Object(Illuminate\\Http\\Request))
#46 D:\\development\\CollaborateAgenToC\\AgentC\\vendor\\laravel\\framework\\src\\Illuminate\\Pipeline\\Pipeline.php(208): Illuminate\\Foundation\\Http\\Middleware\\InvokeDeferredCallbacks->handle(Object(Illuminate\\Http\\Request), Object(Closure))
#47 D:\\development\\CollaborateAgenToC\\AgentC\\vendor\\laravel\\framework\\src\\Illuminate\\Http\\Middleware\\ValidatePathEncoding.php(26): Illuminate\\Pipeline\\Pipeline->{closure:{closure:Illuminate\\Pipeline\\Pipeline::carry():183}:184}(Object(Illuminate\\Http\\Request))
#48 D:\\development\\CollaborateAgenToC\\AgentC\\vendor\\laravel\\framework\\src\\Illuminate\\Pipeline\\Pipeline.php(208): Illuminate\\Http\\Middleware\\ValidatePathEncoding->handle(Object(Illuminate\\Http\\Request), Object(Closure))
#49 D:\\development\\CollaborateAgenToC\\AgentC\\vendor\\laravel\\framework\\src\\Illuminate\\Pipeline\\Pipeline.php(126): Illuminate\\Pipeline\\Pipeline->{closure:{closure:Illuminate\\Pipeline\\Pipeline::carry():183}:184}(Object(Illuminate\\Http\\Request))
#50 D:\\development\\CollaborateAgenToC\\AgentC\\vendor\\laravel\\framework\\src\\Illuminate\\Foundation\\Http\\Kernel.php(175): Illuminate\\Pipeline\\Pipeline->then(Object(Closure))
#51 D:\\development\\CollaborateAgenToC\\AgentC\\vendor\\laravel\\framework\\src\\Illuminate\\Foundation\\Http\\Kernel.php(144): Illuminate\\Foundation\\Http\\Kernel->sendRequestThroughRouter(Object(Illuminate\\Http\\Request))
#52 D:\\development\\CollaborateAgenToC\\AgentC\\vendor\\laravel\\framework\\src\\Illuminate\\Foundation\\Application.php(1219): Illuminate\\Foundation\\Http\\Kernel->handle(Object(Illuminate\\Http\\Request))
#53 D:\\development\\CollaborateAgenToC\\AgentC\\public\\index.php(20): Illuminate\\Foundation\\Application->handleRequest(Object(Illuminate\\Http\\Request))
#54 D:\\development\\CollaborateAgenToC\\AgentC\\vendor\\laravel\\framework\\src\\Illuminate\\Foundation\\resources\\server.php(23): require_once('D:\\\\development\\\\...')
#55 {main}

[previous exception] [object] (Error(code: 0): Access to undeclared static property phpseclib3\\File\\ASN1\\Maps\\CountryName::$user at D:\\development\\CollaborateAgenToC\\AgentC\\storage\\framework\\views\\a2c19a32c08e629f139836f12dd716ec.php:94)
[stacktrace]
#0 D:\\development\\CollaborateAgenToC\\AgentC\\vendor\\laravel\\framework\\src\\Illuminate\\Filesystem\\Filesystem.php(123): require()
#1 D:\\development\\CollaborateAgenToC\\AgentC\\vendor\\laravel\\framework\\src\\Illuminate\\Filesystem\\Filesystem.php(124): Illuminate\\Filesystem\\Filesystem::{closure:Illuminate\\Filesystem\\Filesystem::getRequire():120}()
#2 D:\\development\\CollaborateAgenToC\\AgentC\\vendor\\laravel\\framework\\src\\Illuminate\\View\\Engines\\PhpEngine.php(57): Illuminate\\Filesystem\\Filesystem->getRequire('D:\\\\development\\\\...', Array)
#3 D:\\development\\CollaborateAgenToC\\AgentC\\vendor\\laravel\\framework\\src\\Illuminate\\View\\Engines\\CompilerEngine.php(74): Illuminate\\View\\Engines\\PhpEngine->evaluatePath('D:\\\\development\\\\...', Array)
#4 D:\\development\\CollaborateAgenToC\\AgentC\\vendor\\laravel\\framework\\src\\Illuminate\\View\\View.php(208): Illuminate\\View\\Engines\\CompilerEngine->get('D:\\\\development\\\\...', Array)
#5 D:\\development\\CollaborateAgenToC\\AgentC\\vendor\\laravel\\framework\\src\\Illuminate\\View\\View.php(191): Illuminate\\View\\View->getContents()
#6 D:\\development\\CollaborateAgenToC\\AgentC\\vendor\\laravel\\framework\\src\\Illuminate\\View\\View.php(160): Illuminate\\View\\View->renderContents()
#7 D:\\development\\CollaborateAgenToC\\AgentC\\vendor\\laravel\\framework\\src\\Illuminate\\Http\\Response.php(78): Illuminate\\View\\View->render()
#8 D:\\development\\CollaborateAgenToC\\AgentC\\vendor\\laravel\\framework\\src\\Illuminate\\Http\\Response.php(34): Illuminate\\Http\\Response->setContent(Object(Illuminate\\View\\View))
#9 D:\\development\\CollaborateAgenToC\\AgentC\\vendor\\laravel\\framework\\src\\Illuminate\\Routing\\Router.php(924): Illuminate\\Http\\Response->__construct(Object(Illuminate\\View\\View), 200, Array)
#10 D:\\development\\CollaborateAgenToC\\AgentC\\vendor\\laravel\\framework\\src\\Illuminate\\Routing\\Router.php(891): Illuminate\\Routing\\Router::toResponse(Object(Illuminate\\Http\\Request), Object(Illuminate\\View\\View))
#11 D:\\development\\CollaborateAgenToC\\AgentC\\vendor\\laravel\\framework\\src\\Illuminate\\Routing\\Router.php(807): Illuminate\\Routing\\Router->prepareResponse(Object(Illuminate\\Http\\Request), Object(Illuminate\\View\\View))
#12 D:\\development\\CollaborateAgenToC\\AgentC\\vendor\\laravel\\framework\\src\\Illuminate\\Pipeline\\Pipeline.php(169): Illuminate\\Routing\\Router->{closure:Illuminate\\Routing\\Router::runRouteWithinStack():807}(Object(Illuminate\\Http\\Request))
#13 D:\\development\\CollaborateAgenToC\\AgentC\\vendor\\laravel\\framework\\src\\Illuminate\\Routing\\Middleware\\SubstituteBindings.php(50): Illuminate\\Pipeline\\Pipeline->{closure:Illuminate\\Pipeline\\Pipeline::prepareDestination():167}(Object(Illuminate\\Http\\Request))
#14 D:\\development\\CollaborateAgenToC\\AgentC\\vendor\\laravel\\framework\\src\\Illuminate\\Pipeline\\Pipeline.php(208): Illuminate\\Routing\\Middleware\\SubstituteBindings->handle(Object(Illuminate\\Http\\Request), Object(Closure))
#15 D:\\development\\CollaborateAgenToC\\AgentC\\vendor\\laravel\\framework\\src\\Illuminate\\Foundation\\Http\\Middleware\\VerifyCsrfToken.php(87): Illuminate\\Pipeline\\Pipeline->{closure:{closure:Illuminate\\Pipeline\\Pipeline::carry():183}:184}(Object(Illuminate\\Http\\Request))
#16 D:\\development\\CollaborateAgenToC\\AgentC\\vendor\\laravel\\framework\\src\\Illuminate\\Pipeline\\Pipeline.php(208): Illuminate\\Foundation\\Http\\Middleware\\VerifyCsrfToken->handle(Object(Illuminate\\Http\\Request), Object(Closure))
#17 D:\\development\\CollaborateAgenToC\\AgentC\\vendor\\laravel\\framework\\src\\Illuminate\\View\\Middleware\\ShareErrorsFromSession.php(48): Illuminate\\Pipeline\\Pipeline->{closure:{closure:Illuminate\\Pipeline\\Pipeline::carry():183}:184}(Object(Illuminate\\Http\\Request))
#18 D:\\development\\CollaborateAgenToC\\AgentC\\vendor\\laravel\\framework\\src\\Illuminate\\Pipeline\\Pipeline.php(208): Illuminate\\View\\Middleware\\ShareErrorsFromSession->handle(Object(Illuminate\\Http\\Request), Object(Closure))
#19 D:\\development\\CollaborateAgenToC\\AgentC\\vendor\\laravel\\framework\\src\\Illuminate\\Session\\Middleware\\StartSession.php(120): Illuminate\\Pipeline\\Pipeline->{closure:{closure:Illuminate\\Pipeline\\Pipeline::carry():183}:184}(Object(Illuminate\\Http\\Request))
#20 D:\\development\\CollaborateAgenToC\\AgentC\\vendor\\laravel\\framework\\src\\Illuminate\\Session\\Middleware\\StartSession.php(63): Illuminate\\Session\\Middleware\\StartSession->handleStatefulRequest(Object(Illuminate\\Http\\Request), Object(Illuminate\\Session\\Store), Object(Closure))
#21 D:\\development\\CollaborateAgenToC\\AgentC\\vendor\\laravel\\framework\\src\\Illuminate\\Pipeline\\Pipeline.php(208): Illuminate\\Session\\Middleware\\StartSession->handle(Object(Illuminate\\Http\\Request), Object(Closure))
#22 D:\\development\\CollaborateAgenToC\\AgentC\\vendor\\laravel\\framework\\src\\Illuminate\\Cookie\\Middleware\\AddQueuedCookiesToResponse.php(36): Illuminate\\Pipeline\\Pipeline->{closure:{closure:Illuminate\\Pipeline\\Pipeline::carry():183}:184}(Object(Illuminate\\Http\\Request))
#23 D:\\development\\CollaborateAgenToC\\AgentC\\vendor\\laravel\\framework\\src\\Illuminate\\Pipeline\\Pipeline.php(208): Illuminate\\Cookie\\Middleware\\AddQueuedCookiesToResponse->handle(Object(Illuminate\\Http\\Request), Object(Closure))
#24 D:\\development\\CollaborateAgenToC\\AgentC\\vendor\\laravel\\framework\\src\\Illuminate\\Cookie\\Middleware\\EncryptCookies.php(74): Illuminate\\Pipeline\\Pipeline->{closure:{closure:Illuminate\\Pipeline\\Pipeline::carry():183}:184}(Object(Illuminate\\Http\\Request))
#25 D:\\development\\CollaborateAgenToC\\AgentC\\vendor\\laravel\\framework\\src\\Illuminate\\Pipeline\\Pipeline.php(208): Illuminate\\Cookie\\Middleware\\EncryptCookies->handle(Object(Illuminate\\Http\\Request), Object(Closure))
#26 D:\\development\\CollaborateAgenToC\\AgentC\\vendor\\laravel\\framework\\src\\Illuminate\\Pipeline\\Pipeline.php(126): Illuminate\\Pipeline\\Pipeline->{closure:{closure:Illuminate\\Pipeline\\Pipeline::carry():183}:184}(Object(Illuminate\\Http\\Request))
#27 D:\\development\\CollaborateAgenToC\\AgentC\\vendor\\laravel\\framework\\src\\Illuminate\\Routing\\Router.php(807): Illuminate\\Pipeline\\Pipeline->then(Object(Closure))
#28 D:\\development\\CollaborateAgenToC\\AgentC\\vendor\\laravel\\framework\\src\\Illuminate\\Routing\\Router.php(786): Illuminate\\Routing\\Router->runRouteWithinStack(Object(Illuminate\\Routing\\Route), Object(Illuminate\\Http\\Request))
#29 D:\\development\\CollaborateAgenToC\\AgentC\\vendor\\laravel\\framework\\src\\Illuminate\\Routing\\Router.php(750): Illuminate\\Routing\\Router->runRoute(Object(Illuminate\\Http\\Request), Object(Illuminate\\Routing\\Route))
#30 D:\\development\\CollaborateAgenToC\\AgentC\\vendor\\laravel\\framework\\src\\Illuminate\\Routing\\Router.php(739): Illuminate\\Routing\\Router->dispatchToRoute(Object(Illuminate\\Http\\Request))
#31 D:\\development\\CollaborateAgenToC\\AgentC\\vendor\\laravel\\framework\\src\\Illuminate\\Foundation\\Http\\Kernel.php(200): Illuminate\\Routing\\Router->dispatch(Object(Illuminate\\Http\\Request))
#32 D:\\development\\CollaborateAgenToC\\AgentC\\vendor\\laravel\\framework\\src\\Illuminate\\Pipeline\\Pipeline.php(169): Illuminate\\Foundation\\Http\\Kernel->{closure:Illuminate\\Foundation\\Http\\Kernel::dispatchToRouter():197}(Object(Illuminate\\Http\\Request))
#33 D:\\development\\CollaborateAgenToC\\AgentC\\vendor\\laravel\\framework\\src\\Illuminate\\Foundation\\Http\\Middleware\\TransformsRequest.php(21): Illuminate\\Pipeline\\Pipeline->{closure:Illuminate\\Pipeline\\Pipeline::prepareDestination():167}(Object(Illuminate\\Http\\Request))
#34 D:\\development\\CollaborateAgenToC\\AgentC\\vendor\\laravel\\framework\\src\\Illuminate\\Foundation\\Http\\Middleware\\ConvertEmptyStringsToNull.php(31): Illuminate\\Foundation\\Http\\Middleware\\TransformsRequest->handle(Object(Illuminate\\Http\\Request), Object(Closure))
#35 D:\\development\\CollaborateAgenToC\\AgentC\\vendor\\laravel\\framework\\src\\Illuminate\\Pipeline\\Pipeline.php(208): Illuminate\\Foundation\\Http\\Middleware\\ConvertEmptyStringsToNull->handle(Object(Illuminate\\Http\\Request), Object(Closure))
#36 D:\\development\\CollaborateAgenToC\\AgentC\\vendor\\laravel\\framework\\src\\Illuminate\\Foundation\\Http\\Middleware\\TransformsRequest.php(21): Illuminate\\Pipeline\\Pipeline->{closure:{closure:Illuminate\\Pipeline\\Pipeline::carry():183}:184}(Object(Illuminate\\Http\\Request))
#37 D:\\development\\CollaborateAgenToC\\AgentC\\vendor\\laravel\\framework\\src\\Illuminate\\Foundation\\Http\\Middleware\\TrimStrings.php(51): Illuminate\\Foundation\\Http\\Middleware\\TransformsRequest->handle(Object(Illuminate\\Http\\Request), Object(Closure))
#38 D:\\development\\CollaborateAgenToC\\AgentC\\vendor\\laravel\\framework\\src\\Illuminate\\Pipeline\\Pipeline.php(208): Illuminate\\Foundation\\Http\\Middleware\\TrimStrings->handle(Object(Illuminate\\Http\\Request), Object(Closure))
#39 D:\\development\\CollaborateAgenToC\\AgentC\\vendor\\laravel\\framework\\src\\Illuminate\\Http\\Middleware\\ValidatePostSize.php(27): Illuminate\\Pipeline\\Pipeline->{closure:{closure:Illuminate\\Pipeline\\Pipeline::carry():183}:184}(Object(Illuminate\\Http\\Request))
#40 D:\\development\\CollaborateAgenToC\\AgentC\\vendor\\laravel\\framework\\src\\Illuminate\\Pipeline\\Pipeline.php(208): Illuminate\\Http\\Middleware\\ValidatePostSize->handle(Object(Illuminate\\Http\\Request), Object(Closure))
#41 D:\\development\\CollaborateAgenToC\\AgentC\\vendor\\laravel\\framework\\src\\Illuminate\\Foundation\\Http\\Middleware\\PreventRequestsDuringMaintenance.php(109): Illuminate\\Pipeline\\Pipeline->{closure:{closure:Illuminate\\Pipeline\\Pipeline::carry():183}:184}(Object(Illuminate\\Http\\Request))
#42 D:\\development\\CollaborateAgenToC\\AgentC\\vendor\\laravel\\framework\\src\\Illuminate\\Pipeline\\Pipeline.php(208): Illuminate\\Foundation\\Http\\Middleware\\PreventRequestsDuringMaintenance->handle(Object(Illuminate\\Http\\Request), Object(Closure))
#43 D:\\development\\CollaborateAgenToC\\AgentC\\vendor\\laravel\\framework\\src\\Illuminate\\Http\\Middleware\\HandleCors.php(48): Illuminate\\Pipeline\\Pipeline->{closure:{closure:Illuminate\\Pipeline\\Pipeline::carry():183}:184}(Object(Illuminate\\Http\\Request))
#44 D:\\development\\CollaborateAgenToC\\AgentC\\vendor\\laravel\\framework\\src\\Illuminate\\Pipeline\\Pipeline.php(208): Illuminate\\Http\\Middleware\\HandleCors->handle(Object(Illuminate\\Http\\Request), Object(Closure))
#45 D:\\development\\CollaborateAgenToC\\AgentC\\vendor\\laravel\\framework\\src\\Illuminate\\Http\\Middleware\\TrustProxies.php(58): Illuminate\\Pipeline\\Pipeline->{closure:{closure:Illuminate\\Pipeline\\Pipeline::carry():183}:184}(Object(Illuminate\\Http\\Request))
#46 D:\\development\\CollaborateAgenToC\\AgentC\\vendor\\laravel\\framework\\src\\Illuminate\\Pipeline\\Pipeline.php(208): Illuminate\\Http\\Middleware\\TrustProxies->handle(Object(Illuminate\\Http\\Request), Object(Closure))
#47 D:\\development\\CollaborateAgenToC\\AgentC\\vendor\\laravel\\framework\\src\\Illuminate\\Foundation\\Http\\Middleware\\InvokeDeferredCallbacks.php(22): Illuminate\\Pipeline\\Pipeline->{closure:{closure:Illuminate\\Pipeline\\Pipeline::carry():183}:184}(Object(Illuminate\\Http\\Request))
#48 D:\\development\\CollaborateAgenToC\\AgentC\\vendor\\laravel\\framework\\src\\Illuminate\\Pipeline\\Pipeline.php(208): Illuminate\\Foundation\\Http\\Middleware\\InvokeDeferredCallbacks->handle(Object(Illuminate\\Http\\Request), Object(Closure))
#49 D:\\development\\CollaborateAgenToC\\AgentC\\vendor\\laravel\\framework\\src\\Illuminate\\Http\\Middleware\\ValidatePathEncoding.php(26): Illuminate\\Pipeline\\Pipeline->{closure:{closure:Illuminate\\Pipeline\\Pipeline::carry():183}:184}(Object(Illuminate\\Http\\Request))
#50 D:\\development\\CollaborateAgenToC\\AgentC\\vendor\\laravel\\framework\\src\\Illuminate\\Pipeline\\Pipeline.php(208): Illuminate\\Http\\Middleware\\ValidatePathEncoding->handle(Object(Illuminate\\Http\\Request), Object(Closure))
#51 D:\\development\\CollaborateAgenToC\\AgentC\\vendor\\laravel\\framework\\src\\Illuminate\\Pipeline\\Pipeline.php(126): Illuminate\\Pipeline\\Pipeline->{closure:{closure:Illuminate\\Pipeline\\Pipeline::carry():183}:184}(Object(Illuminate\\Http\\Request))
#52 D:\\development\\CollaborateAgenToC\\AgentC\\vendor\\laravel\\framework\\src\\Illuminate\\Foundation\\Http\\Kernel.php(175): Illuminate\\Pipeline\\Pipeline->then(Object(Closure))
#53 D:\\development\\CollaborateAgenToC\\AgentC\\vendor\\laravel\\framework\\src\\Illuminate\\Foundation\\Http\\Kernel.php(144): Illuminate\\Foundation\\Http\\Kernel->sendRequestThroughRouter(Object(Illuminate\\Http\\Request))
#54 D:\\development\\CollaborateAgenToC\\AgentC\\vendor\\laravel\\framework\\src\\Illuminate\\Foundation\\Application.php(1219): Illuminate\\Foundation\\Http\\Kernel->handle(Object(Illuminate\\Http\\Request))
#55 D:\\development\\CollaborateAgenToC\\AgentC\\public\\index.php(20): Illuminate\\Foundation\\Application->handleRequest(Object(Illuminate\\Http\\Request))
#56 D:\\development\\CollaborateAgenToC\\AgentC\\vendor\\laravel\\framework\\src\\Illuminate\\Foundation\\resources\\server.php(23): require_once('D:\\\\development\\\\...')
#57 {main}
"} 
[2025-08-29 14:31:04] Development.ERROR: Call to undefined function geoip_time_zone_by_country_and_region() (View: D:\development\CollaborateAgenToC\AgentC\resources\views\transaction\receipt.blade.php) {"exception":"[object] (Illuminate\\View\\ViewException(code: 0): Call to undefined function geoip_time_zone_by_country_and_region() (View: D:\\development\\CollaborateAgenToC\\AgentC\\resources\\views\\transaction\\receipt.blade.php) at D:\\development\\CollaborateAgenToC\\AgentC\\storage\\framework\\views\\a2c19a32c08e629f139836f12dd716ec.php:94)
[stacktrace]
#0 D:\\development\\CollaborateAgenToC\\AgentC\\vendor\\laravel\\framework\\src\\Illuminate\\View\\Engines\\PhpEngine.php(59): Illuminate\\View\\Engines\\CompilerEngine->handleViewException(Object(Error), 0)
#1 D:\\development\\CollaborateAgenToC\\AgentC\\vendor\\laravel\\framework\\src\\Illuminate\\View\\Engines\\CompilerEngine.php(74): Illuminate\\View\\Engines\\PhpEngine->evaluatePath('D:\\\\development\\\\...', Array)
#2 D:\\development\\CollaborateAgenToC\\AgentC\\vendor\\laravel\\framework\\src\\Illuminate\\View\\View.php(208): Illuminate\\View\\Engines\\CompilerEngine->get('D:\\\\development\\\\...', Array)
#3 D:\\development\\CollaborateAgenToC\\AgentC\\vendor\\laravel\\framework\\src\\Illuminate\\View\\View.php(191): Illuminate\\View\\View->getContents()
#4 D:\\development\\CollaborateAgenToC\\AgentC\\vendor\\laravel\\framework\\src\\Illuminate\\View\\View.php(160): Illuminate\\View\\View->renderContents()
#5 D:\\development\\CollaborateAgenToC\\AgentC\\vendor\\laravel\\framework\\src\\Illuminate\\Http\\Response.php(78): Illuminate\\View\\View->render()
#6 D:\\development\\CollaborateAgenToC\\AgentC\\vendor\\laravel\\framework\\src\\Illuminate\\Http\\Response.php(34): Illuminate\\Http\\Response->setContent(Object(Illuminate\\View\\View))
#7 D:\\development\\CollaborateAgenToC\\AgentC\\vendor\\laravel\\framework\\src\\Illuminate\\Routing\\Router.php(924): Illuminate\\Http\\Response->__construct(Object(Illuminate\\View\\View), 200, Array)
#8 D:\\development\\CollaborateAgenToC\\AgentC\\vendor\\laravel\\framework\\src\\Illuminate\\Routing\\Router.php(891): Illuminate\\Routing\\Router::toResponse(Object(Illuminate\\Http\\Request), Object(Illuminate\\View\\View))
#9 D:\\development\\CollaborateAgenToC\\AgentC\\vendor\\laravel\\framework\\src\\Illuminate\\Routing\\Router.php(807): Illuminate\\Routing\\Router->prepareResponse(Object(Illuminate\\Http\\Request), Object(Illuminate\\View\\View))
#10 D:\\development\\CollaborateAgenToC\\AgentC\\vendor\\laravel\\framework\\src\\Illuminate\\Pipeline\\Pipeline.php(169): Illuminate\\Routing\\Router->{closure:Illuminate\\Routing\\Router::runRouteWithinStack():807}(Object(Illuminate\\Http\\Request))
#11 D:\\development\\CollaborateAgenToC\\AgentC\\vendor\\laravel\\framework\\src\\Illuminate\\Routing\\Middleware\\SubstituteBindings.php(50): Illuminate\\Pipeline\\Pipeline->{closure:Illuminate\\Pipeline\\Pipeline::prepareDestination():167}(Object(Illuminate\\Http\\Request))
#12 D:\\development\\CollaborateAgenToC\\AgentC\\vendor\\laravel\\framework\\src\\Illuminate\\Pipeline\\Pipeline.php(208): Illuminate\\Routing\\Middleware\\SubstituteBindings->handle(Object(Illuminate\\Http\\Request), Object(Closure))
#13 D:\\development\\CollaborateAgenToC\\AgentC\\vendor\\laravel\\framework\\src\\Illuminate\\Foundation\\Http\\Middleware\\VerifyCsrfToken.php(87): Illuminate\\Pipeline\\Pipeline->{closure:{closure:Illuminate\\Pipeline\\Pipeline::carry():183}:184}(Object(Illuminate\\Http\\Request))
#14 D:\\development\\CollaborateAgenToC\\AgentC\\vendor\\laravel\\framework\\src\\Illuminate\\Pipeline\\Pipeline.php(208): Illuminate\\Foundation\\Http\\Middleware\\VerifyCsrfToken->handle(Object(Illuminate\\Http\\Request), Object(Closure))
#15 D:\\development\\CollaborateAgenToC\\AgentC\\vendor\\laravel\\framework\\src\\Illuminate\\View\\Middleware\\ShareErrorsFromSession.php(48): Illuminate\\Pipeline\\Pipeline->{closure:{closure:Illuminate\\Pipeline\\Pipeline::carry():183}:184}(Object(Illuminate\\Http\\Request))
#16 D:\\development\\CollaborateAgenToC\\AgentC\\vendor\\laravel\\framework\\src\\Illuminate\\Pipeline\\Pipeline.php(208): Illuminate\\View\\Middleware\\ShareErrorsFromSession->handle(Object(Illuminate\\Http\\Request), Object(Closure))
#17 D:\\development\\CollaborateAgenToC\\AgentC\\vendor\\laravel\\framework\\src\\Illuminate\\Session\\Middleware\\StartSession.php(120): Illuminate\\Pipeline\\Pipeline->{closure:{closure:Illuminate\\Pipeline\\Pipeline::carry():183}:184}(Object(Illuminate\\Http\\Request))
#18 D:\\development\\CollaborateAgenToC\\AgentC\\vendor\\laravel\\framework\\src\\Illuminate\\Session\\Middleware\\StartSession.php(63): Illuminate\\Session\\Middleware\\StartSession->handleStatefulRequest(Object(Illuminate\\Http\\Request), Object(Illuminate\\Session\\Store), Object(Closure))
#19 D:\\development\\CollaborateAgenToC\\AgentC\\vendor\\laravel\\framework\\src\\Illuminate\\Pipeline\\Pipeline.php(208): Illuminate\\Session\\Middleware\\StartSession->handle(Object(Illuminate\\Http\\Request), Object(Closure))
#20 D:\\development\\CollaborateAgenToC\\AgentC\\vendor\\laravel\\framework\\src\\Illuminate\\Cookie\\Middleware\\AddQueuedCookiesToResponse.php(36): Illuminate\\Pipeline\\Pipeline->{closure:{closure:Illuminate\\Pipeline\\Pipeline::carry():183}:184}(Object(Illuminate\\Http\\Request))
#21 D:\\development\\CollaborateAgenToC\\AgentC\\vendor\\laravel\\framework\\src\\Illuminate\\Pipeline\\Pipeline.php(208): Illuminate\\Cookie\\Middleware\\AddQueuedCookiesToResponse->handle(Object(Illuminate\\Http\\Request), Object(Closure))
#22 D:\\development\\CollaborateAgenToC\\AgentC\\vendor\\laravel\\framework\\src\\Illuminate\\Cookie\\Middleware\\EncryptCookies.php(74): Illuminate\\Pipeline\\Pipeline->{closure:{closure:Illuminate\\Pipeline\\Pipeline::carry():183}:184}(Object(Illuminate\\Http\\Request))
#23 D:\\development\\CollaborateAgenToC\\AgentC\\vendor\\laravel\\framework\\src\\Illuminate\\Pipeline\\Pipeline.php(208): Illuminate\\Cookie\\Middleware\\EncryptCookies->handle(Object(Illuminate\\Http\\Request), Object(Closure))
#24 D:\\development\\CollaborateAgenToC\\AgentC\\vendor\\laravel\\framework\\src\\Illuminate\\Pipeline\\Pipeline.php(126): Illuminate\\Pipeline\\Pipeline->{closure:{closure:Illuminate\\Pipeline\\Pipeline::carry():183}:184}(Object(Illuminate\\Http\\Request))
#25 D:\\development\\CollaborateAgenToC\\AgentC\\vendor\\laravel\\framework\\src\\Illuminate\\Routing\\Router.php(807): Illuminate\\Pipeline\\Pipeline->then(Object(Closure))
#26 D:\\development\\CollaborateAgenToC\\AgentC\\vendor\\laravel\\framework\\src\\Illuminate\\Routing\\Router.php(786): Illuminate\\Routing\\Router->runRouteWithinStack(Object(Illuminate\\Routing\\Route), Object(Illuminate\\Http\\Request))
#27 D:\\development\\CollaborateAgenToC\\AgentC\\vendor\\laravel\\framework\\src\\Illuminate\\Routing\\Router.php(750): Illuminate\\Routing\\Router->runRoute(Object(Illuminate\\Http\\Request), Object(Illuminate\\Routing\\Route))
#28 D:\\development\\CollaborateAgenToC\\AgentC\\vendor\\laravel\\framework\\src\\Illuminate\\Routing\\Router.php(739): Illuminate\\Routing\\Router->dispatchToRoute(Object(Illuminate\\Http\\Request))
#29 D:\\development\\CollaborateAgenToC\\AgentC\\vendor\\laravel\\framework\\src\\Illuminate\\Foundation\\Http\\Kernel.php(200): Illuminate\\Routing\\Router->dispatch(Object(Illuminate\\Http\\Request))
#30 D:\\development\\CollaborateAgenToC\\AgentC\\vendor\\laravel\\framework\\src\\Illuminate\\Pipeline\\Pipeline.php(169): Illuminate\\Foundation\\Http\\Kernel->{closure:Illuminate\\Foundation\\Http\\Kernel::dispatchToRouter():197}(Object(Illuminate\\Http\\Request))
#31 D:\\development\\CollaborateAgenToC\\AgentC\\vendor\\laravel\\framework\\src\\Illuminate\\Foundation\\Http\\Middleware\\TransformsRequest.php(21): Illuminate\\Pipeline\\Pipeline->{closure:Illuminate\\Pipeline\\Pipeline::prepareDestination():167}(Object(Illuminate\\Http\\Request))
#32 D:\\development\\CollaborateAgenToC\\AgentC\\vendor\\laravel\\framework\\src\\Illuminate\\Foundation\\Http\\Middleware\\ConvertEmptyStringsToNull.php(31): Illuminate\\Foundation\\Http\\Middleware\\TransformsRequest->handle(Object(Illuminate\\Http\\Request), Object(Closure))
#33 D:\\development\\CollaborateAgenToC\\AgentC\\vendor\\laravel\\framework\\src\\Illuminate\\Pipeline\\Pipeline.php(208): Illuminate\\Foundation\\Http\\Middleware\\ConvertEmptyStringsToNull->handle(Object(Illuminate\\Http\\Request), Object(Closure))
#34 D:\\development\\CollaborateAgenToC\\AgentC\\vendor\\laravel\\framework\\src\\Illuminate\\Foundation\\Http\\Middleware\\TransformsRequest.php(21): Illuminate\\Pipeline\\Pipeline->{closure:{closure:Illuminate\\Pipeline\\Pipeline::carry():183}:184}(Object(Illuminate\\Http\\Request))
#35 D:\\development\\CollaborateAgenToC\\AgentC\\vendor\\laravel\\framework\\src\\Illuminate\\Foundation\\Http\\Middleware\\TrimStrings.php(51): Illuminate\\Foundation\\Http\\Middleware\\TransformsRequest->handle(Object(Illuminate\\Http\\Request), Object(Closure))
#36 D:\\development\\CollaborateAgenToC\\AgentC\\vendor\\laravel\\framework\\src\\Illuminate\\Pipeline\\Pipeline.php(208): Illuminate\\Foundation\\Http\\Middleware\\TrimStrings->handle(Object(Illuminate\\Http\\Request), Object(Closure))
#37 D:\\development\\CollaborateAgenToC\\AgentC\\vendor\\laravel\\framework\\src\\Illuminate\\Http\\Middleware\\ValidatePostSize.php(27): Illuminate\\Pipeline\\Pipeline->{closure:{closure:Illuminate\\Pipeline\\Pipeline::carry():183}:184}(Object(Illuminate\\Http\\Request))
#38 D:\\development\\CollaborateAgenToC\\AgentC\\vendor\\laravel\\framework\\src\\Illuminate\\Pipeline\\Pipeline.php(208): Illuminate\\Http\\Middleware\\ValidatePostSize->handle(Object(Illuminate\\Http\\Request), Object(Closure))
#39 D:\\development\\CollaborateAgenToC\\AgentC\\vendor\\laravel\\framework\\src\\Illuminate\\Foundation\\Http\\Middleware\\PreventRequestsDuringMaintenance.php(109): Illuminate\\Pipeline\\Pipeline->{closure:{closure:Illuminate\\Pipeline\\Pipeline::carry():183}:184}(Object(Illuminate\\Http\\Request))
#40 D:\\development\\CollaborateAgenToC\\AgentC\\vendor\\laravel\\framework\\src\\Illuminate\\Pipeline\\Pipeline.php(208): Illuminate\\Foundation\\Http\\Middleware\\PreventRequestsDuringMaintenance->handle(Object(Illuminate\\Http\\Request), Object(Closure))
#41 D:\\development\\CollaborateAgenToC\\AgentC\\vendor\\laravel\\framework\\src\\Illuminate\\Http\\Middleware\\HandleCors.php(48): Illuminate\\Pipeline\\Pipeline->{closure:{closure:Illuminate\\Pipeline\\Pipeline::carry():183}:184}(Object(Illuminate\\Http\\Request))
#42 D:\\development\\CollaborateAgenToC\\AgentC\\vendor\\laravel\\framework\\src\\Illuminate\\Pipeline\\Pipeline.php(208): Illuminate\\Http\\Middleware\\HandleCors->handle(Object(Illuminate\\Http\\Request), Object(Closure))
#43 D:\\development\\CollaborateAgenToC\\AgentC\\vendor\\laravel\\framework\\src\\Illuminate\\Http\\Middleware\\TrustProxies.php(58): Illuminate\\Pipeline\\Pipeline->{closure:{closure:Illuminate\\Pipeline\\Pipeline::carry():183}:184}(Object(Illuminate\\Http\\Request))
#44 D:\\development\\CollaborateAgenToC\\AgentC\\vendor\\laravel\\framework\\src\\Illuminate\\Pipeline\\Pipeline.php(208): Illuminate\\Http\\Middleware\\TrustProxies->handle(Object(Illuminate\\Http\\Request), Object(Closure))
#45 D:\\development\\CollaborateAgenToC\\AgentC\\vendor\\laravel\\framework\\src\\Illuminate\\Foundation\\Http\\Middleware\\InvokeDeferredCallbacks.php(22): Illuminate\\Pipeline\\Pipeline->{closure:{closure:Illuminate\\Pipeline\\Pipeline::carry():183}:184}(Object(Illuminate\\Http\\Request))
#46 D:\\development\\CollaborateAgenToC\\AgentC\\vendor\\laravel\\framework\\src\\Illuminate\\Pipeline\\Pipeline.php(208): Illuminate\\Foundation\\Http\\Middleware\\InvokeDeferredCallbacks->handle(Object(Illuminate\\Http\\Request), Object(Closure))
#47 D:\\development\\CollaborateAgenToC\\AgentC\\vendor\\laravel\\framework\\src\\Illuminate\\Http\\Middleware\\ValidatePathEncoding.php(26): Illuminate\\Pipeline\\Pipeline->{closure:{closure:Illuminate\\Pipeline\\Pipeline::carry():183}:184}(Object(Illuminate\\Http\\Request))
#48 D:\\development\\CollaborateAgenToC\\AgentC\\vendor\\laravel\\framework\\src\\Illuminate\\Pipeline\\Pipeline.php(208): Illuminate\\Http\\Middleware\\ValidatePathEncoding->handle(Object(Illuminate\\Http\\Request), Object(Closure))
#49 D:\\development\\CollaborateAgenToC\\AgentC\\vendor\\laravel\\framework\\src\\Illuminate\\Pipeline\\Pipeline.php(126): Illuminate\\Pipeline\\Pipeline->{closure:{closure:Illuminate\\Pipeline\\Pipeline::carry():183}:184}(Object(Illuminate\\Http\\Request))
#50 D:\\development\\CollaborateAgenToC\\AgentC\\vendor\\laravel\\framework\\src\\Illuminate\\Foundation\\Http\\Kernel.php(175): Illuminate\\Pipeline\\Pipeline->then(Object(Closure))
#51 D:\\development\\CollaborateAgenToC\\AgentC\\vendor\\laravel\\framework\\src\\Illuminate\\Foundation\\Http\\Kernel.php(144): Illuminate\\Foundation\\Http\\Kernel->sendRequestThroughRouter(Object(Illuminate\\Http\\Request))
#52 D:\\development\\CollaborateAgenToC\\AgentC\\vendor\\laravel\\framework\\src\\Illuminate\\Foundation\\Application.php(1219): Illuminate\\Foundation\\Http\\Kernel->handle(Object(Illuminate\\Http\\Request))
#53 D:\\development\\CollaborateAgenToC\\AgentC\\public\\index.php(20): Illuminate\\Foundation\\Application->handleRequest(Object(Illuminate\\Http\\Request))
#54 D:\\development\\CollaborateAgenToC\\AgentC\\vendor\\laravel\\framework\\src\\Illuminate\\Foundation\\resources\\server.php(23): require_once('D:\\\\development\\\\...')
#55 {main}

[previous exception] [object] (Error(code: 0): Call to undefined function geoip_time_zone_by_country_and_region() at D:\\development\\CollaborateAgenToC\\AgentC\\storage\\framework\\views\\a2c19a32c08e629f139836f12dd716ec.php:94)
[stacktrace]
#0 D:\\development\\CollaborateAgenToC\\AgentC\\vendor\\laravel\\framework\\src\\Illuminate\\Filesystem\\Filesystem.php(123): require()
#1 D:\\development\\CollaborateAgenToC\\AgentC\\vendor\\laravel\\framework\\src\\Illuminate\\Filesystem\\Filesystem.php(124): Illuminate\\Filesystem\\Filesystem::{closure:Illuminate\\Filesystem\\Filesystem::getRequire():120}()
#2 D:\\development\\CollaborateAgenToC\\AgentC\\vendor\\laravel\\framework\\src\\Illuminate\\View\\Engines\\PhpEngine.php(57): Illuminate\\Filesystem\\Filesystem->getRequire('D:\\\\development\\\\...', Array)
#3 D:\\development\\CollaborateAgenToC\\AgentC\\vendor\\laravel\\framework\\src\\Illuminate\\View\\Engines\\CompilerEngine.php(74): Illuminate\\View\\Engines\\PhpEngine->evaluatePath('D:\\\\development\\\\...', Array)
#4 D:\\development\\CollaborateAgenToC\\AgentC\\vendor\\laravel\\framework\\src\\Illuminate\\View\\View.php(208): Illuminate\\View\\Engines\\CompilerEngine->get('D:\\\\development\\\\...', Array)
#5 D:\\development\\CollaborateAgenToC\\AgentC\\vendor\\laravel\\framework\\src\\Illuminate\\View\\View.php(191): Illuminate\\View\\View->getContents()
#6 D:\\development\\CollaborateAgenToC\\AgentC\\vendor\\laravel\\framework\\src\\Illuminate\\View\\View.php(160): Illuminate\\View\\View->renderContents()
#7 D:\\development\\CollaborateAgenToC\\AgentC\\vendor\\laravel\\framework\\src\\Illuminate\\Http\\Response.php(78): Illuminate\\View\\View->render()
#8 D:\\development\\CollaborateAgenToC\\AgentC\\vendor\\laravel\\framework\\src\\Illuminate\\Http\\Response.php(34): Illuminate\\Http\\Response->setContent(Object(Illuminate\\View\\View))
#9 D:\\development\\CollaborateAgenToC\\AgentC\\vendor\\laravel\\framework\\src\\Illuminate\\Routing\\Router.php(924): Illuminate\\Http\\Response->__construct(Object(Illuminate\\View\\View), 200, Array)
#10 D:\\development\\CollaborateAgenToC\\AgentC\\vendor\\laravel\\framework\\src\\Illuminate\\Routing\\Router.php(891): Illuminate\\Routing\\Router::toResponse(Object(Illuminate\\Http\\Request), Object(Illuminate\\View\\View))
#11 D:\\development\\CollaborateAgenToC\\AgentC\\vendor\\laravel\\framework\\src\\Illuminate\\Routing\\Router.php(807): Illuminate\\Routing\\Router->prepareResponse(Object(Illuminate\\Http\\Request), Object(Illuminate\\View\\View))
#12 D:\\development\\CollaborateAgenToC\\AgentC\\vendor\\laravel\\framework\\src\\Illuminate\\Pipeline\\Pipeline.php(169): Illuminate\\Routing\\Router->{closure:Illuminate\\Routing\\Router::runRouteWithinStack():807}(Object(Illuminate\\Http\\Request))
#13 D:\\development\\CollaborateAgenToC\\AgentC\\vendor\\laravel\\framework\\src\\Illuminate\\Routing\\Middleware\\SubstituteBindings.php(50): Illuminate\\Pipeline\\Pipeline->{closure:Illuminate\\Pipeline\\Pipeline::prepareDestination():167}(Object(Illuminate\\Http\\Request))
#14 D:\\development\\CollaborateAgenToC\\AgentC\\vendor\\laravel\\framework\\src\\Illuminate\\Pipeline\\Pipeline.php(208): Illuminate\\Routing\\Middleware\\SubstituteBindings->handle(Object(Illuminate\\Http\\Request), Object(Closure))
#15 D:\\development\\CollaborateAgenToC\\AgentC\\vendor\\laravel\\framework\\src\\Illuminate\\Foundation\\Http\\Middleware\\VerifyCsrfToken.php(87): Illuminate\\Pipeline\\Pipeline->{closure:{closure:Illuminate\\Pipeline\\Pipeline::carry():183}:184}(Object(Illuminate\\Http\\Request))
#16 D:\\development\\CollaborateAgenToC\\AgentC\\vendor\\laravel\\framework\\src\\Illuminate\\Pipeline\\Pipeline.php(208): Illuminate\\Foundation\\Http\\Middleware\\VerifyCsrfToken->handle(Object(Illuminate\\Http\\Request), Object(Closure))
#17 D:\\development\\CollaborateAgenToC\\AgentC\\vendor\\laravel\\framework\\src\\Illuminate\\View\\Middleware\\ShareErrorsFromSession.php(48): Illuminate\\Pipeline\\Pipeline->{closure:{closure:Illuminate\\Pipeline\\Pipeline::carry():183}:184}(Object(Illuminate\\Http\\Request))
#18 D:\\development\\CollaborateAgenToC\\AgentC\\vendor\\laravel\\framework\\src\\Illuminate\\Pipeline\\Pipeline.php(208): Illuminate\\View\\Middleware\\ShareErrorsFromSession->handle(Object(Illuminate\\Http\\Request), Object(Closure))
#19 D:\\development\\CollaborateAgenToC\\AgentC\\vendor\\laravel\\framework\\src\\Illuminate\\Session\\Middleware\\StartSession.php(120): Illuminate\\Pipeline\\Pipeline->{closure:{closure:Illuminate\\Pipeline\\Pipeline::carry():183}:184}(Object(Illuminate\\Http\\Request))
#20 D:\\development\\CollaborateAgenToC\\AgentC\\vendor\\laravel\\framework\\src\\Illuminate\\Session\\Middleware\\StartSession.php(63): Illuminate\\Session\\Middleware\\StartSession->handleStatefulRequest(Object(Illuminate\\Http\\Request), Object(Illuminate\\Session\\Store), Object(Closure))
#21 D:\\development\\CollaborateAgenToC\\AgentC\\vendor\\laravel\\framework\\src\\Illuminate\\Pipeline\\Pipeline.php(208): Illuminate\\Session\\Middleware\\StartSession->handle(Object(Illuminate\\Http\\Request), Object(Closure))
#22 D:\\development\\CollaborateAgenToC\\AgentC\\vendor\\laravel\\framework\\src\\Illuminate\\Cookie\\Middleware\\AddQueuedCookiesToResponse.php(36): Illuminate\\Pipeline\\Pipeline->{closure:{closure:Illuminate\\Pipeline\\Pipeline::carry():183}:184}(Object(Illuminate\\Http\\Request))
#23 D:\\development\\CollaborateAgenToC\\AgentC\\vendor\\laravel\\framework\\src\\Illuminate\\Pipeline\\Pipeline.php(208): Illuminate\\Cookie\\Middleware\\AddQueuedCookiesToResponse->handle(Object(Illuminate\\Http\\Request), Object(Closure))
#24 D:\\development\\CollaborateAgenToC\\AgentC\\vendor\\laravel\\framework\\src\\Illuminate\\Cookie\\Middleware\\EncryptCookies.php(74): Illuminate\\Pipeline\\Pipeline->{closure:{closure:Illuminate\\Pipeline\\Pipeline::carry():183}:184}(Object(Illuminate\\Http\\Request))
#25 D:\\development\\CollaborateAgenToC\\AgentC\\vendor\\laravel\\framework\\src\\Illuminate\\Pipeline\\Pipeline.php(208): Illuminate\\Cookie\\Middleware\\EncryptCookies->handle(Object(Illuminate\\Http\\Request), Object(Closure))
#26 D:\\development\\CollaborateAgenToC\\AgentC\\vendor\\laravel\\framework\\src\\Illuminate\\Pipeline\\Pipeline.php(126): Illuminate\\Pipeline\\Pipeline->{closure:{closure:Illuminate\\Pipeline\\Pipeline::carry():183}:184}(Object(Illuminate\\Http\\Request))
#27 D:\\development\\CollaborateAgenToC\\AgentC\\vendor\\laravel\\framework\\src\\Illuminate\\Routing\\Router.php(807): Illuminate\\Pipeline\\Pipeline->then(Object(Closure))
#28 D:\\development\\CollaborateAgenToC\\AgentC\\vendor\\laravel\\framework\\src\\Illuminate\\Routing\\Router.php(786): Illuminate\\Routing\\Router->runRouteWithinStack(Object(Illuminate\\Routing\\Route), Object(Illuminate\\Http\\Request))
#29 D:\\development\\CollaborateAgenToC\\AgentC\\vendor\\laravel\\framework\\src\\Illuminate\\Routing\\Router.php(750): Illuminate\\Routing\\Router->runRoute(Object(Illuminate\\Http\\Request), Object(Illuminate\\Routing\\Route))
#30 D:\\development\\CollaborateAgenToC\\AgentC\\vendor\\laravel\\framework\\src\\Illuminate\\Routing\\Router.php(739): Illuminate\\Routing\\Router->dispatchToRoute(Object(Illuminate\\Http\\Request))
#31 D:\\development\\CollaborateAgenToC\\AgentC\\vendor\\laravel\\framework\\src\\Illuminate\\Foundation\\Http\\Kernel.php(200): Illuminate\\Routing\\Router->dispatch(Object(Illuminate\\Http\\Request))
#32 D:\\development\\CollaborateAgenToC\\AgentC\\vendor\\laravel\\framework\\src\\Illuminate\\Pipeline\\Pipeline.php(169): Illuminate\\Foundation\\Http\\Kernel->{closure:Illuminate\\Foundation\\Http\\Kernel::dispatchToRouter():197}(Object(Illuminate\\Http\\Request))
#33 D:\\development\\CollaborateAgenToC\\AgentC\\vendor\\laravel\\framework\\src\\Illuminate\\Foundation\\Http\\Middleware\\TransformsRequest.php(21): Illuminate\\Pipeline\\Pipeline->{closure:Illuminate\\Pipeline\\Pipeline::prepareDestination():167}(Object(Illuminate\\Http\\Request))
#34 D:\\development\\CollaborateAgenToC\\AgentC\\vendor\\laravel\\framework\\src\\Illuminate\\Foundation\\Http\\Middleware\\ConvertEmptyStringsToNull.php(31): Illuminate\\Foundation\\Http\\Middleware\\TransformsRequest->handle(Object(Illuminate\\Http\\Request), Object(Closure))
#35 D:\\development\\CollaborateAgenToC\\AgentC\\vendor\\laravel\\framework\\src\\Illuminate\\Pipeline\\Pipeline.php(208): Illuminate\\Foundation\\Http\\Middleware\\ConvertEmptyStringsToNull->handle(Object(Illuminate\\Http\\Request), Object(Closure))
#36 D:\\development\\CollaborateAgenToC\\AgentC\\vendor\\laravel\\framework\\src\\Illuminate\\Foundation\\Http\\Middleware\\TransformsRequest.php(21): Illuminate\\Pipeline\\Pipeline->{closure:{closure:Illuminate\\Pipeline\\Pipeline::carry():183}:184}(Object(Illuminate\\Http\\Request))
#37 D:\\development\\CollaborateAgenToC\\AgentC\\vendor\\laravel\\framework\\src\\Illuminate\\Foundation\\Http\\Middleware\\TrimStrings.php(51): Illuminate\\Foundation\\Http\\Middleware\\TransformsRequest->handle(Object(Illuminate\\Http\\Request), Object(Closure))
#38 D:\\development\\CollaborateAgenToC\\AgentC\\vendor\\laravel\\framework\\src\\Illuminate\\Pipeline\\Pipeline.php(208): Illuminate\\Foundation\\Http\\Middleware\\TrimStrings->handle(Object(Illuminate\\Http\\Request), Object(Closure))
#39 D:\\development\\CollaborateAgenToC\\AgentC\\vendor\\laravel\\framework\\src\\Illuminate\\Http\\Middleware\\ValidatePostSize.php(27): Illuminate\\Pipeline\\Pipeline->{closure:{closure:Illuminate\\Pipeline\\Pipeline::carry():183}:184}(Object(Illuminate\\Http\\Request))
#40 D:\\development\\CollaborateAgenToC\\AgentC\\vendor\\laravel\\framework\\src\\Illuminate\\Pipeline\\Pipeline.php(208): Illuminate\\Http\\Middleware\\ValidatePostSize->handle(Object(Illuminate\\Http\\Request), Object(Closure))
#41 D:\\development\\CollaborateAgenToC\\AgentC\\vendor\\laravel\\framework\\src\\Illuminate\\Foundation\\Http\\Middleware\\PreventRequestsDuringMaintenance.php(109): Illuminate\\Pipeline\\Pipeline->{closure:{closure:Illuminate\\Pipeline\\Pipeline::carry():183}:184}(Object(Illuminate\\Http\\Request))
#42 D:\\development\\CollaborateAgenToC\\AgentC\\vendor\\laravel\\framework\\src\\Illuminate\\Pipeline\\Pipeline.php(208): Illuminate\\Foundation\\Http\\Middleware\\PreventRequestsDuringMaintenance->handle(Object(Illuminate\\Http\\Request), Object(Closure))
#43 D:\\development\\CollaborateAgenToC\\AgentC\\vendor\\laravel\\framework\\src\\Illuminate\\Http\\Middleware\\HandleCors.php(48): Illuminate\\Pipeline\\Pipeline->{closure:{closure:Illuminate\\Pipeline\\Pipeline::carry():183}:184}(Object(Illuminate\\Http\\Request))
#44 D:\\development\\CollaborateAgenToC\\AgentC\\vendor\\laravel\\framework\\src\\Illuminate\\Pipeline\\Pipeline.php(208): Illuminate\\Http\\Middleware\\HandleCors->handle(Object(Illuminate\\Http\\Request), Object(Closure))
#45 D:\\development\\CollaborateAgenToC\\AgentC\\vendor\\laravel\\framework\\src\\Illuminate\\Http\\Middleware\\TrustProxies.php(58): Illuminate\\Pipeline\\Pipeline->{closure:{closure:Illuminate\\Pipeline\\Pipeline::carry():183}:184}(Object(Illuminate\\Http\\Request))
#46 D:\\development\\CollaborateAgenToC\\AgentC\\vendor\\laravel\\framework\\src\\Illuminate\\Pipeline\\Pipeline.php(208): Illuminate\\Http\\Middleware\\TrustProxies->handle(Object(Illuminate\\Http\\Request), Object(Closure))
#47 D:\\development\\CollaborateAgenToC\\AgentC\\vendor\\laravel\\framework\\src\\Illuminate\\Foundation\\Http\\Middleware\\InvokeDeferredCallbacks.php(22): Illuminate\\Pipeline\\Pipeline->{closure:{closure:Illuminate\\Pipeline\\Pipeline::carry():183}:184}(Object(Illuminate\\Http\\Request))
#48 D:\\development\\CollaborateAgenToC\\AgentC\\vendor\\laravel\\framework\\src\\Illuminate\\Pipeline\\Pipeline.php(208): Illuminate\\Foundation\\Http\\Middleware\\InvokeDeferredCallbacks->handle(Object(Illuminate\\Http\\Request), Object(Closure))
#49 D:\\development\\CollaborateAgenToC\\AgentC\\vendor\\laravel\\framework\\src\\Illuminate\\Http\\Middleware\\ValidatePathEncoding.php(26): Illuminate\\Pipeline\\Pipeline->{closure:{closure:Illuminate\\Pipeline\\Pipeline::carry():183}:184}(Object(Illuminate\\Http\\Request))
#50 D:\\development\\CollaborateAgenToC\\AgentC\\vendor\\laravel\\framework\\src\\Illuminate\\Pipeline\\Pipeline.php(208): Illuminate\\Http\\Middleware\\ValidatePathEncoding->handle(Object(Illuminate\\Http\\Request), Object(Closure))
#51 D:\\development\\CollaborateAgenToC\\AgentC\\vendor\\laravel\\framework\\src\\Illuminate\\Pipeline\\Pipeline.php(126): Illuminate\\Pipeline\\Pipeline->{closure:{closure:Illuminate\\Pipeline\\Pipeline::carry():183}:184}(Object(Illuminate\\Http\\Request))
#52 D:\\development\\CollaborateAgenToC\\AgentC\\vendor\\laravel\\framework\\src\\Illuminate\\Foundation\\Http\\Kernel.php(175): Illuminate\\Pipeline\\Pipeline->then(Object(Closure))
#53 D:\\development\\CollaborateAgenToC\\AgentC\\vendor\\laravel\\framework\\src\\Illuminate\\Foundation\\Http\\Kernel.php(144): Illuminate\\Foundation\\Http\\Kernel->sendRequestThroughRouter(Object(Illuminate\\Http\\Request))
#54 D:\\development\\CollaborateAgenToC\\AgentC\\vendor\\laravel\\framework\\src\\Illuminate\\Foundation\\Application.php(1219): Illuminate\\Foundation\\Http\\Kernel->handle(Object(Illuminate\\Http\\Request))
#55 D:\\development\\CollaborateAgenToC\\AgentC\\public\\index.php(20): Illuminate\\Foundation\\Application->handleRequest(Object(Illuminate\\Http\\Request))
#56 D:\\development\\CollaborateAgenToC\\AgentC\\vendor\\laravel\\framework\\src\\Illuminate\\Foundation\\resources\\server.php(23): require_once('D:\\\\development\\\\...')
#57 {main}
"} 
[2025-08-29 14:33:15] Development.ERROR: Call to undefined function locale_get_display_region() (View: D:\development\CollaborateAgenToC\AgentC\resources\views\transaction\receipt.blade.php) {"exception":"[object] (Illuminate\\View\\ViewException(code: 0): Call to undefined function locale_get_display_region() (View: D:\\development\\CollaborateAgenToC\\AgentC\\resources\\views\\transaction\\receipt.blade.php) at D:\\development\\CollaborateAgenToC\\AgentC\\storage\\framework\\views\\a2c19a32c08e629f139836f12dd716ec.php:94)
[stacktrace]
#0 D:\\development\\CollaborateAgenToC\\AgentC\\vendor\\laravel\\framework\\src\\Illuminate\\View\\Engines\\PhpEngine.php(59): Illuminate\\View\\Engines\\CompilerEngine->handleViewException(Object(Error), 0)
#1 D:\\development\\CollaborateAgenToC\\AgentC\\vendor\\laravel\\framework\\src\\Illuminate\\View\\Engines\\CompilerEngine.php(74): Illuminate\\View\\Engines\\PhpEngine->evaluatePath('D:\\\\development\\\\...', Array)
#2 D:\\development\\CollaborateAgenToC\\AgentC\\vendor\\laravel\\framework\\src\\Illuminate\\View\\View.php(208): Illuminate\\View\\Engines\\CompilerEngine->get('D:\\\\development\\\\...', Array)
#3 D:\\development\\CollaborateAgenToC\\AgentC\\vendor\\laravel\\framework\\src\\Illuminate\\View\\View.php(191): Illuminate\\View\\View->getContents()
#4 D:\\development\\CollaborateAgenToC\\AgentC\\vendor\\laravel\\framework\\src\\Illuminate\\View\\View.php(160): Illuminate\\View\\View->renderContents()
#5 D:\\development\\CollaborateAgenToC\\AgentC\\vendor\\laravel\\framework\\src\\Illuminate\\Http\\Response.php(78): Illuminate\\View\\View->render()
#6 D:\\development\\CollaborateAgenToC\\AgentC\\vendor\\laravel\\framework\\src\\Illuminate\\Http\\Response.php(34): Illuminate\\Http\\Response->setContent(Object(Illuminate\\View\\View))
#7 D:\\development\\CollaborateAgenToC\\AgentC\\vendor\\laravel\\framework\\src\\Illuminate\\Routing\\Router.php(924): Illuminate\\Http\\Response->__construct(Object(Illuminate\\View\\View), 200, Array)
#8 D:\\development\\CollaborateAgenToC\\AgentC\\vendor\\laravel\\framework\\src\\Illuminate\\Routing\\Router.php(891): Illuminate\\Routing\\Router::toResponse(Object(Illuminate\\Http\\Request), Object(Illuminate\\View\\View))
#9 D:\\development\\CollaborateAgenToC\\AgentC\\vendor\\laravel\\framework\\src\\Illuminate\\Routing\\Router.php(807): Illuminate\\Routing\\Router->prepareResponse(Object(Illuminate\\Http\\Request), Object(Illuminate\\View\\View))
#10 D:\\development\\CollaborateAgenToC\\AgentC\\vendor\\laravel\\framework\\src\\Illuminate\\Pipeline\\Pipeline.php(169): Illuminate\\Routing\\Router->{closure:Illuminate\\Routing\\Router::runRouteWithinStack():807}(Object(Illuminate\\Http\\Request))
#11 D:\\development\\CollaborateAgenToC\\AgentC\\vendor\\laravel\\framework\\src\\Illuminate\\Routing\\Middleware\\SubstituteBindings.php(50): Illuminate\\Pipeline\\Pipeline->{closure:Illuminate\\Pipeline\\Pipeline::prepareDestination():167}(Object(Illuminate\\Http\\Request))
#12 D:\\development\\CollaborateAgenToC\\AgentC\\vendor\\laravel\\framework\\src\\Illuminate\\Pipeline\\Pipeline.php(208): Illuminate\\Routing\\Middleware\\SubstituteBindings->handle(Object(Illuminate\\Http\\Request), Object(Closure))
#13 D:\\development\\CollaborateAgenToC\\AgentC\\vendor\\laravel\\framework\\src\\Illuminate\\Foundation\\Http\\Middleware\\VerifyCsrfToken.php(87): Illuminate\\Pipeline\\Pipeline->{closure:{closure:Illuminate\\Pipeline\\Pipeline::carry():183}:184}(Object(Illuminate\\Http\\Request))
#14 D:\\development\\CollaborateAgenToC\\AgentC\\vendor\\laravel\\framework\\src\\Illuminate\\Pipeline\\Pipeline.php(208): Illuminate\\Foundation\\Http\\Middleware\\VerifyCsrfToken->handle(Object(Illuminate\\Http\\Request), Object(Closure))
#15 D:\\development\\CollaborateAgenToC\\AgentC\\vendor\\laravel\\framework\\src\\Illuminate\\View\\Middleware\\ShareErrorsFromSession.php(48): Illuminate\\Pipeline\\Pipeline->{closure:{closure:Illuminate\\Pipeline\\Pipeline::carry():183}:184}(Object(Illuminate\\Http\\Request))
#16 D:\\development\\CollaborateAgenToC\\AgentC\\vendor\\laravel\\framework\\src\\Illuminate\\Pipeline\\Pipeline.php(208): Illuminate\\View\\Middleware\\ShareErrorsFromSession->handle(Object(Illuminate\\Http\\Request), Object(Closure))
#17 D:\\development\\CollaborateAgenToC\\AgentC\\vendor\\laravel\\framework\\src\\Illuminate\\Session\\Middleware\\StartSession.php(120): Illuminate\\Pipeline\\Pipeline->{closure:{closure:Illuminate\\Pipeline\\Pipeline::carry():183}:184}(Object(Illuminate\\Http\\Request))
#18 D:\\development\\CollaborateAgenToC\\AgentC\\vendor\\laravel\\framework\\src\\Illuminate\\Session\\Middleware\\StartSession.php(63): Illuminate\\Session\\Middleware\\StartSession->handleStatefulRequest(Object(Illuminate\\Http\\Request), Object(Illuminate\\Session\\Store), Object(Closure))
#19 D:\\development\\CollaborateAgenToC\\AgentC\\vendor\\laravel\\framework\\src\\Illuminate\\Pipeline\\Pipeline.php(208): Illuminate\\Session\\Middleware\\StartSession->handle(Object(Illuminate\\Http\\Request), Object(Closure))
#20 D:\\development\\CollaborateAgenToC\\AgentC\\vendor\\laravel\\framework\\src\\Illuminate\\Cookie\\Middleware\\AddQueuedCookiesToResponse.php(36): Illuminate\\Pipeline\\Pipeline->{closure:{closure:Illuminate\\Pipeline\\Pipeline::carry():183}:184}(Object(Illuminate\\Http\\Request))
#21 D:\\development\\CollaborateAgenToC\\AgentC\\vendor\\laravel\\framework\\src\\Illuminate\\Pipeline\\Pipeline.php(208): Illuminate\\Cookie\\Middleware\\AddQueuedCookiesToResponse->handle(Object(Illuminate\\Http\\Request), Object(Closure))
#22 D:\\development\\CollaborateAgenToC\\AgentC\\vendor\\laravel\\framework\\src\\Illuminate\\Cookie\\Middleware\\EncryptCookies.php(74): Illuminate\\Pipeline\\Pipeline->{closure:{closure:Illuminate\\Pipeline\\Pipeline::carry():183}:184}(Object(Illuminate\\Http\\Request))
#23 D:\\development\\CollaborateAgenToC\\AgentC\\vendor\\laravel\\framework\\src\\Illuminate\\Pipeline\\Pipeline.php(208): Illuminate\\Cookie\\Middleware\\EncryptCookies->handle(Object(Illuminate\\Http\\Request), Object(Closure))
#24 D:\\development\\CollaborateAgenToC\\AgentC\\vendor\\laravel\\framework\\src\\Illuminate\\Pipeline\\Pipeline.php(126): Illuminate\\Pipeline\\Pipeline->{closure:{closure:Illuminate\\Pipeline\\Pipeline::carry():183}:184}(Object(Illuminate\\Http\\Request))
#25 D:\\development\\CollaborateAgenToC\\AgentC\\vendor\\laravel\\framework\\src\\Illuminate\\Routing\\Router.php(807): Illuminate\\Pipeline\\Pipeline->then(Object(Closure))
#26 D:\\development\\CollaborateAgenToC\\AgentC\\vendor\\laravel\\framework\\src\\Illuminate\\Routing\\Router.php(786): Illuminate\\Routing\\Router->runRouteWithinStack(Object(Illuminate\\Routing\\Route), Object(Illuminate\\Http\\Request))
#27 D:\\development\\CollaborateAgenToC\\AgentC\\vendor\\laravel\\framework\\src\\Illuminate\\Routing\\Router.php(750): Illuminate\\Routing\\Router->runRoute(Object(Illuminate\\Http\\Request), Object(Illuminate\\Routing\\Route))
#28 D:\\development\\CollaborateAgenToC\\AgentC\\vendor\\laravel\\framework\\src\\Illuminate\\Routing\\Router.php(739): Illuminate\\Routing\\Router->dispatchToRoute(Object(Illuminate\\Http\\Request))
#29 D:\\development\\CollaborateAgenToC\\AgentC\\vendor\\laravel\\framework\\src\\Illuminate\\Foundation\\Http\\Kernel.php(200): Illuminate\\Routing\\Router->dispatch(Object(Illuminate\\Http\\Request))
#30 D:\\development\\CollaborateAgenToC\\AgentC\\vendor\\laravel\\framework\\src\\Illuminate\\Pipeline\\Pipeline.php(169): Illuminate\\Foundation\\Http\\Kernel->{closure:Illuminate\\Foundation\\Http\\Kernel::dispatchToRouter():197}(Object(Illuminate\\Http\\Request))
#31 D:\\development\\CollaborateAgenToC\\AgentC\\vendor\\laravel\\framework\\src\\Illuminate\\Foundation\\Http\\Middleware\\TransformsRequest.php(21): Illuminate\\Pipeline\\Pipeline->{closure:Illuminate\\Pipeline\\Pipeline::prepareDestination():167}(Object(Illuminate\\Http\\Request))
#32 D:\\development\\CollaborateAgenToC\\AgentC\\vendor\\laravel\\framework\\src\\Illuminate\\Foundation\\Http\\Middleware\\ConvertEmptyStringsToNull.php(31): Illuminate\\Foundation\\Http\\Middleware\\TransformsRequest->handle(Object(Illuminate\\Http\\Request), Object(Closure))
#33 D:\\development\\CollaborateAgenToC\\AgentC\\vendor\\laravel\\framework\\src\\Illuminate\\Pipeline\\Pipeline.php(208): Illuminate\\Foundation\\Http\\Middleware\\ConvertEmptyStringsToNull->handle(Object(Illuminate\\Http\\Request), Object(Closure))
#34 D:\\development\\CollaborateAgenToC\\AgentC\\vendor\\laravel\\framework\\src\\Illuminate\\Foundation\\Http\\Middleware\\TransformsRequest.php(21): Illuminate\\Pipeline\\Pipeline->{closure:{closure:Illuminate\\Pipeline\\Pipeline::carry():183}:184}(Object(Illuminate\\Http\\Request))
#35 D:\\development\\CollaborateAgenToC\\AgentC\\vendor\\laravel\\framework\\src\\Illuminate\\Foundation\\Http\\Middleware\\TrimStrings.php(51): Illuminate\\Foundation\\Http\\Middleware\\TransformsRequest->handle(Object(Illuminate\\Http\\Request), Object(Closure))
#36 D:\\development\\CollaborateAgenToC\\AgentC\\vendor\\laravel\\framework\\src\\Illuminate\\Pipeline\\Pipeline.php(208): Illuminate\\Foundation\\Http\\Middleware\\TrimStrings->handle(Object(Illuminate\\Http\\Request), Object(Closure))
#37 D:\\development\\CollaborateAgenToC\\AgentC\\vendor\\laravel\\framework\\src\\Illuminate\\Http\\Middleware\\ValidatePostSize.php(27): Illuminate\\Pipeline\\Pipeline->{closure:{closure:Illuminate\\Pipeline\\Pipeline::carry():183}:184}(Object(Illuminate\\Http\\Request))
#38 D:\\development\\CollaborateAgenToC\\AgentC\\vendor\\laravel\\framework\\src\\Illuminate\\Pipeline\\Pipeline.php(208): Illuminate\\Http\\Middleware\\ValidatePostSize->handle(Object(Illuminate\\Http\\Request), Object(Closure))
#39 D:\\development\\CollaborateAgenToC\\AgentC\\vendor\\laravel\\framework\\src\\Illuminate\\Foundation\\Http\\Middleware\\PreventRequestsDuringMaintenance.php(109): Illuminate\\Pipeline\\Pipeline->{closure:{closure:Illuminate\\Pipeline\\Pipeline::carry():183}:184}(Object(Illuminate\\Http\\Request))
#40 D:\\development\\CollaborateAgenToC\\AgentC\\vendor\\laravel\\framework\\src\\Illuminate\\Pipeline\\Pipeline.php(208): Illuminate\\Foundation\\Http\\Middleware\\PreventRequestsDuringMaintenance->handle(Object(Illuminate\\Http\\Request), Object(Closure))
#41 D:\\development\\CollaborateAgenToC\\AgentC\\vendor\\laravel\\framework\\src\\Illuminate\\Http\\Middleware\\HandleCors.php(48): Illuminate\\Pipeline\\Pipeline->{closure:{closure:Illuminate\\Pipeline\\Pipeline::carry():183}:184}(Object(Illuminate\\Http\\Request))
#42 D:\\development\\CollaborateAgenToC\\AgentC\\vendor\\laravel\\framework\\src\\Illuminate\\Pipeline\\Pipeline.php(208): Illuminate\\Http\\Middleware\\HandleCors->handle(Object(Illuminate\\Http\\Request), Object(Closure))
#43 D:\\development\\CollaborateAgenToC\\AgentC\\vendor\\laravel\\framework\\src\\Illuminate\\Http\\Middleware\\TrustProxies.php(58): Illuminate\\Pipeline\\Pipeline->{closure:{closure:Illuminate\\Pipeline\\Pipeline::carry():183}:184}(Object(Illuminate\\Http\\Request))
#44 D:\\development\\CollaborateAgenToC\\AgentC\\vendor\\laravel\\framework\\src\\Illuminate\\Pipeline\\Pipeline.php(208): Illuminate\\Http\\Middleware\\TrustProxies->handle(Object(Illuminate\\Http\\Request), Object(Closure))
#45 D:\\development\\CollaborateAgenToC\\AgentC\\vendor\\laravel\\framework\\src\\Illuminate\\Foundation\\Http\\Middleware\\InvokeDeferredCallbacks.php(22): Illuminate\\Pipeline\\Pipeline->{closure:{closure:Illuminate\\Pipeline\\Pipeline::carry():183}:184}(Object(Illuminate\\Http\\Request))
#46 D:\\development\\CollaborateAgenToC\\AgentC\\vendor\\laravel\\framework\\src\\Illuminate\\Pipeline\\Pipeline.php(208): Illuminate\\Foundation\\Http\\Middleware\\InvokeDeferredCallbacks->handle(Object(Illuminate\\Http\\Request), Object(Closure))
#47 D:\\development\\CollaborateAgenToC\\AgentC\\vendor\\laravel\\framework\\src\\Illuminate\\Http\\Middleware\\ValidatePathEncoding.php(26): Illuminate\\Pipeline\\Pipeline->{closure:{closure:Illuminate\\Pipeline\\Pipeline::carry():183}:184}(Object(Illuminate\\Http\\Request))
#48 D:\\development\\CollaborateAgenToC\\AgentC\\vendor\\laravel\\framework\\src\\Illuminate\\Pipeline\\Pipeline.php(208): Illuminate\\Http\\Middleware\\ValidatePathEncoding->handle(Object(Illuminate\\Http\\Request), Object(Closure))
#49 D:\\development\\CollaborateAgenToC\\AgentC\\vendor\\laravel\\framework\\src\\Illuminate\\Pipeline\\Pipeline.php(126): Illuminate\\Pipeline\\Pipeline->{closure:{closure:Illuminate\\Pipeline\\Pipeline::carry():183}:184}(Object(Illuminate\\Http\\Request))
#50 D:\\development\\CollaborateAgenToC\\AgentC\\vendor\\laravel\\framework\\src\\Illuminate\\Foundation\\Http\\Kernel.php(175): Illuminate\\Pipeline\\Pipeline->then(Object(Closure))
#51 D:\\development\\CollaborateAgenToC\\AgentC\\vendor\\laravel\\framework\\src\\Illuminate\\Foundation\\Http\\Kernel.php(144): Illuminate\\Foundation\\Http\\Kernel->sendRequestThroughRouter(Object(Illuminate\\Http\\Request))
#52 D:\\development\\CollaborateAgenToC\\AgentC\\vendor\\laravel\\framework\\src\\Illuminate\\Foundation\\Application.php(1219): Illuminate\\Foundation\\Http\\Kernel->handle(Object(Illuminate\\Http\\Request))
#53 D:\\development\\CollaborateAgenToC\\AgentC\\public\\index.php(20): Illuminate\\Foundation\\Application->handleRequest(Object(Illuminate\\Http\\Request))
#54 D:\\development\\CollaborateAgenToC\\AgentC\\vendor\\laravel\\framework\\src\\Illuminate\\Foundation\\resources\\server.php(23): require_once('D:\\\\development\\\\...')
#55 {main}

[previous exception] [object] (Error(code: 0): Call to undefined function locale_get_display_region() at D:\\development\\CollaborateAgenToC\\AgentC\\storage\\framework\\views\\a2c19a32c08e629f139836f12dd716ec.php:94)
[stacktrace]
#0 D:\\development\\CollaborateAgenToC\\AgentC\\vendor\\laravel\\framework\\src\\Illuminate\\Filesystem\\Filesystem.php(123): require()
#1 D:\\development\\CollaborateAgenToC\\AgentC\\vendor\\laravel\\framework\\src\\Illuminate\\Filesystem\\Filesystem.php(124): Illuminate\\Filesystem\\Filesystem::{closure:Illuminate\\Filesystem\\Filesystem::getRequire():120}()
#2 D:\\development\\CollaborateAgenToC\\AgentC\\vendor\\laravel\\framework\\src\\Illuminate\\View\\Engines\\PhpEngine.php(57): Illuminate\\Filesystem\\Filesystem->getRequire('D:\\\\development\\\\...', Array)
#3 D:\\development\\CollaborateAgenToC\\AgentC\\vendor\\laravel\\framework\\src\\Illuminate\\View\\Engines\\CompilerEngine.php(74): Illuminate\\View\\Engines\\PhpEngine->evaluatePath('D:\\\\development\\\\...', Array)
#4 D:\\development\\CollaborateAgenToC\\AgentC\\vendor\\laravel\\framework\\src\\Illuminate\\View\\View.php(208): Illuminate\\View\\Engines\\CompilerEngine->get('D:\\\\development\\\\...', Array)
#5 D:\\development\\CollaborateAgenToC\\AgentC\\vendor\\laravel\\framework\\src\\Illuminate\\View\\View.php(191): Illuminate\\View\\View->getContents()
#6 D:\\development\\CollaborateAgenToC\\AgentC\\vendor\\laravel\\framework\\src\\Illuminate\\View\\View.php(160): Illuminate\\View\\View->renderContents()
#7 D:\\development\\CollaborateAgenToC\\AgentC\\vendor\\laravel\\framework\\src\\Illuminate\\Http\\Response.php(78): Illuminate\\View\\View->render()
#8 D:\\development\\CollaborateAgenToC\\AgentC\\vendor\\laravel\\framework\\src\\Illuminate\\Http\\Response.php(34): Illuminate\\Http\\Response->setContent(Object(Illuminate\\View\\View))
#9 D:\\development\\CollaborateAgenToC\\AgentC\\vendor\\laravel\\framework\\src\\Illuminate\\Routing\\Router.php(924): Illuminate\\Http\\Response->__construct(Object(Illuminate\\View\\View), 200, Array)
#10 D:\\development\\CollaborateAgenToC\\AgentC\\vendor\\laravel\\framework\\src\\Illuminate\\Routing\\Router.php(891): Illuminate\\Routing\\Router::toResponse(Object(Illuminate\\Http\\Request), Object(Illuminate\\View\\View))
#11 D:\\development\\CollaborateAgenToC\\AgentC\\vendor\\laravel\\framework\\src\\Illuminate\\Routing\\Router.php(807): Illuminate\\Routing\\Router->prepareResponse(Object(Illuminate\\Http\\Request), Object(Illuminate\\View\\View))
#12 D:\\development\\CollaborateAgenToC\\AgentC\\vendor\\laravel\\framework\\src\\Illuminate\\Pipeline\\Pipeline.php(169): Illuminate\\Routing\\Router->{closure:Illuminate\\Routing\\Router::runRouteWithinStack():807}(Object(Illuminate\\Http\\Request))
#13 D:\\development\\CollaborateAgenToC\\AgentC\\vendor\\laravel\\framework\\src\\Illuminate\\Routing\\Middleware\\SubstituteBindings.php(50): Illuminate\\Pipeline\\Pipeline->{closure:Illuminate\\Pipeline\\Pipeline::prepareDestination():167}(Object(Illuminate\\Http\\Request))
#14 D:\\development\\CollaborateAgenToC\\AgentC\\vendor\\laravel\\framework\\src\\Illuminate\\Pipeline\\Pipeline.php(208): Illuminate\\Routing\\Middleware\\SubstituteBindings->handle(Object(Illuminate\\Http\\Request), Object(Closure))
#15 D:\\development\\CollaborateAgenToC\\AgentC\\vendor\\laravel\\framework\\src\\Illuminate\\Foundation\\Http\\Middleware\\VerifyCsrfToken.php(87): Illuminate\\Pipeline\\Pipeline->{closure:{closure:Illuminate\\Pipeline\\Pipeline::carry():183}:184}(Object(Illuminate\\Http\\Request))
#16 D:\\development\\CollaborateAgenToC\\AgentC\\vendor\\laravel\\framework\\src\\Illuminate\\Pipeline\\Pipeline.php(208): Illuminate\\Foundation\\Http\\Middleware\\VerifyCsrfToken->handle(Object(Illuminate\\Http\\Request), Object(Closure))
#17 D:\\development\\CollaborateAgenToC\\AgentC\\vendor\\laravel\\framework\\src\\Illuminate\\View\\Middleware\\ShareErrorsFromSession.php(48): Illuminate\\Pipeline\\Pipeline->{closure:{closure:Illuminate\\Pipeline\\Pipeline::carry():183}:184}(Object(Illuminate\\Http\\Request))
#18 D:\\development\\CollaborateAgenToC\\AgentC\\vendor\\laravel\\framework\\src\\Illuminate\\Pipeline\\Pipeline.php(208): Illuminate\\View\\Middleware\\ShareErrorsFromSession->handle(Object(Illuminate\\Http\\Request), Object(Closure))
#19 D:\\development\\CollaborateAgenToC\\AgentC\\vendor\\laravel\\framework\\src\\Illuminate\\Session\\Middleware\\StartSession.php(120): Illuminate\\Pipeline\\Pipeline->{closure:{closure:Illuminate\\Pipeline\\Pipeline::carry():183}:184}(Object(Illuminate\\Http\\Request))
#20 D:\\development\\CollaborateAgenToC\\AgentC\\vendor\\laravel\\framework\\src\\Illuminate\\Session\\Middleware\\StartSession.php(63): Illuminate\\Session\\Middleware\\StartSession->handleStatefulRequest(Object(Illuminate\\Http\\Request), Object(Illuminate\\Session\\Store), Object(Closure))
#21 D:\\development\\CollaborateAgenToC\\AgentC\\vendor\\laravel\\framework\\src\\Illuminate\\Pipeline\\Pipeline.php(208): Illuminate\\Session\\Middleware\\StartSession->handle(Object(Illuminate\\Http\\Request), Object(Closure))
#22 D:\\development\\CollaborateAgenToC\\AgentC\\vendor\\laravel\\framework\\src\\Illuminate\\Cookie\\Middleware\\AddQueuedCookiesToResponse.php(36): Illuminate\\Pipeline\\Pipeline->{closure:{closure:Illuminate\\Pipeline\\Pipeline::carry():183}:184}(Object(Illuminate\\Http\\Request))
#23 D:\\development\\CollaborateAgenToC\\AgentC\\vendor\\laravel\\framework\\src\\Illuminate\\Pipeline\\Pipeline.php(208): Illuminate\\Cookie\\Middleware\\AddQueuedCookiesToResponse->handle(Object(Illuminate\\Http\\Request), Object(Closure))
#24 D:\\development\\CollaborateAgenToC\\AgentC\\vendor\\laravel\\framework\\src\\Illuminate\\Cookie\\Middleware\\EncryptCookies.php(74): Illuminate\\Pipeline\\Pipeline->{closure:{closure:Illuminate\\Pipeline\\Pipeline::carry():183}:184}(Object(Illuminate\\Http\\Request))
#25 D:\\development\\CollaborateAgenToC\\AgentC\\vendor\\laravel\\framework\\src\\Illuminate\\Pipeline\\Pipeline.php(208): Illuminate\\Cookie\\Middleware\\EncryptCookies->handle(Object(Illuminate\\Http\\Request), Object(Closure))
#26 D:\\development\\CollaborateAgenToC\\AgentC\\vendor\\laravel\\framework\\src\\Illuminate\\Pipeline\\Pipeline.php(126): Illuminate\\Pipeline\\Pipeline->{closure:{closure:Illuminate\\Pipeline\\Pipeline::carry():183}:184}(Object(Illuminate\\Http\\Request))
#27 D:\\development\\CollaborateAgenToC\\AgentC\\vendor\\laravel\\framework\\src\\Illuminate\\Routing\\Router.php(807): Illuminate\\Pipeline\\Pipeline->then(Object(Closure))
#28 D:\\development\\CollaborateAgenToC\\AgentC\\vendor\\laravel\\framework\\src\\Illuminate\\Routing\\Router.php(786): Illuminate\\Routing\\Router->runRouteWithinStack(Object(Illuminate\\Routing\\Route), Object(Illuminate\\Http\\Request))
#29 D:\\development\\CollaborateAgenToC\\AgentC\\vendor\\laravel\\framework\\src\\Illuminate\\Routing\\Router.php(750): Illuminate\\Routing\\Router->runRoute(Object(Illuminate\\Http\\Request), Object(Illuminate\\Routing\\Route))
#30 D:\\development\\CollaborateAgenToC\\AgentC\\vendor\\laravel\\framework\\src\\Illuminate\\Routing\\Router.php(739): Illuminate\\Routing\\Router->dispatchToRoute(Object(Illuminate\\Http\\Request))
#31 D:\\development\\CollaborateAgenToC\\AgentC\\vendor\\laravel\\framework\\src\\Illuminate\\Foundation\\Http\\Kernel.php(200): Illuminate\\Routing\\Router->dispatch(Object(Illuminate\\Http\\Request))
#32 D:\\development\\CollaborateAgenToC\\AgentC\\vendor\\laravel\\framework\\src\\Illuminate\\Pipeline\\Pipeline.php(169): Illuminate\\Foundation\\Http\\Kernel->{closure:Illuminate\\Foundation\\Http\\Kernel::dispatchToRouter():197}(Object(Illuminate\\Http\\Request))
#33 D:\\development\\CollaborateAgenToC\\AgentC\\vendor\\laravel\\framework\\src\\Illuminate\\Foundation\\Http\\Middleware\\TransformsRequest.php(21): Illuminate\\Pipeline\\Pipeline->{closure:Illuminate\\Pipeline\\Pipeline::prepareDestination():167}(Object(Illuminate\\Http\\Request))
#34 D:\\development\\CollaborateAgenToC\\AgentC\\vendor\\laravel\\framework\\src\\Illuminate\\Foundation\\Http\\Middleware\\ConvertEmptyStringsToNull.php(31): Illuminate\\Foundation\\Http\\Middleware\\TransformsRequest->handle(Object(Illuminate\\Http\\Request), Object(Closure))
#35 D:\\development\\CollaborateAgenToC\\AgentC\\vendor\\laravel\\framework\\src\\Illuminate\\Pipeline\\Pipeline.php(208): Illuminate\\Foundation\\Http\\Middleware\\ConvertEmptyStringsToNull->handle(Object(Illuminate\\Http\\Request), Object(Closure))
#36 D:\\development\\CollaborateAgenToC\\AgentC\\vendor\\laravel\\framework\\src\\Illuminate\\Foundation\\Http\\Middleware\\TransformsRequest.php(21): Illuminate\\Pipeline\\Pipeline->{closure:{closure:Illuminate\\Pipeline\\Pipeline::carry():183}:184}(Object(Illuminate\\Http\\Request))
#37 D:\\development\\CollaborateAgenToC\\AgentC\\vendor\\laravel\\framework\\src\\Illuminate\\Foundation\\Http\\Middleware\\TrimStrings.php(51): Illuminate\\Foundation\\Http\\Middleware\\TransformsRequest->handle(Object(Illuminate\\Http\\Request), Object(Closure))
#38 D:\\development\\CollaborateAgenToC\\AgentC\\vendor\\laravel\\framework\\src\\Illuminate\\Pipeline\\Pipeline.php(208): Illuminate\\Foundation\\Http\\Middleware\\TrimStrings->handle(Object(Illuminate\\Http\\Request), Object(Closure))
#39 D:\\development\\CollaborateAgenToC\\AgentC\\vendor\\laravel\\framework\\src\\Illuminate\\Http\\Middleware\\ValidatePostSize.php(27): Illuminate\\Pipeline\\Pipeline->{closure:{closure:Illuminate\\Pipeline\\Pipeline::carry():183}:184}(Object(Illuminate\\Http\\Request))
#40 D:\\development\\CollaborateAgenToC\\AgentC\\vendor\\laravel\\framework\\src\\Illuminate\\Pipeline\\Pipeline.php(208): Illuminate\\Http\\Middleware\\ValidatePostSize->handle(Object(Illuminate\\Http\\Request), Object(Closure))
#41 D:\\development\\CollaborateAgenToC\\AgentC\\vendor\\laravel\\framework\\src\\Illuminate\\Foundation\\Http\\Middleware\\PreventRequestsDuringMaintenance.php(109): Illuminate\\Pipeline\\Pipeline->{closure:{closure:Illuminate\\Pipeline\\Pipeline::carry():183}:184}(Object(Illuminate\\Http\\Request))
#42 D:\\development\\CollaborateAgenToC\\AgentC\\vendor\\laravel\\framework\\src\\Illuminate\\Pipeline\\Pipeline.php(208): Illuminate\\Foundation\\Http\\Middleware\\PreventRequestsDuringMaintenance->handle(Object(Illuminate\\Http\\Request), Object(Closure))
#43 D:\\development\\CollaborateAgenToC\\AgentC\\vendor\\laravel\\framework\\src\\Illuminate\\Http\\Middleware\\HandleCors.php(48): Illuminate\\Pipeline\\Pipeline->{closure:{closure:Illuminate\\Pipeline\\Pipeline::carry():183}:184}(Object(Illuminate\\Http\\Request))
#44 D:\\development\\CollaborateAgenToC\\AgentC\\vendor\\laravel\\framework\\src\\Illuminate\\Pipeline\\Pipeline.php(208): Illuminate\\Http\\Middleware\\HandleCors->handle(Object(Illuminate\\Http\\Request), Object(Closure))
#45 D:\\development\\CollaborateAgenToC\\AgentC\\vendor\\laravel\\framework\\src\\Illuminate\\Http\\Middleware\\TrustProxies.php(58): Illuminate\\Pipeline\\Pipeline->{closure:{closure:Illuminate\\Pipeline\\Pipeline::carry():183}:184}(Object(Illuminate\\Http\\Request))
#46 D:\\development\\CollaborateAgenToC\\AgentC\\vendor\\laravel\\framework\\src\\Illuminate\\Pipeline\\Pipeline.php(208): Illuminate\\Http\\Middleware\\TrustProxies->handle(Object(Illuminate\\Http\\Request), Object(Closure))
#47 D:\\development\\CollaborateAgenToC\\AgentC\\vendor\\laravel\\framework\\src\\Illuminate\\Foundation\\Http\\Middleware\\InvokeDeferredCallbacks.php(22): Illuminate\\Pipeline\\Pipeline->{closure:{closure:Illuminate\\Pipeline\\Pipeline::carry():183}:184}(Object(Illuminate\\Http\\Request))
#48 D:\\development\\CollaborateAgenToC\\AgentC\\vendor\\laravel\\framework\\src\\Illuminate\\Pipeline\\Pipeline.php(208): Illuminate\\Foundation\\Http\\Middleware\\InvokeDeferredCallbacks->handle(Object(Illuminate\\Http\\Request), Object(Closure))
#49 D:\\development\\CollaborateAgenToC\\AgentC\\vendor\\laravel\\framework\\src\\Illuminate\\Http\\Middleware\\ValidatePathEncoding.php(26): Illuminate\\Pipeline\\Pipeline->{closure:{closure:Illuminate\\Pipeline\\Pipeline::carry():183}:184}(Object(Illuminate\\Http\\Request))
#50 D:\\development\\CollaborateAgenToC\\AgentC\\vendor\\laravel\\framework\\src\\Illuminate\\Pipeline\\Pipeline.php(208): Illuminate\\Http\\Middleware\\ValidatePathEncoding->handle(Object(Illuminate\\Http\\Request), Object(Closure))
#51 D:\\development\\CollaborateAgenToC\\AgentC\\vendor\\laravel\\framework\\src\\Illuminate\\Pipeline\\Pipeline.php(126): Illuminate\\Pipeline\\Pipeline->{closure:{closure:Illuminate\\Pipeline\\Pipeline::carry():183}:184}(Object(Illuminate\\Http\\Request))
#52 D:\\development\\CollaborateAgenToC\\AgentC\\vendor\\laravel\\framework\\src\\Illuminate\\Foundation\\Http\\Kernel.php(175): Illuminate\\Pipeline\\Pipeline->then(Object(Closure))
#53 D:\\development\\CollaborateAgenToC\\AgentC\\vendor\\laravel\\framework\\src\\Illuminate\\Foundation\\Http\\Kernel.php(144): Illuminate\\Foundation\\Http\\Kernel->sendRequestThroughRouter(Object(Illuminate\\Http\\Request))
#54 D:\\development\\CollaborateAgenToC\\AgentC\\vendor\\laravel\\framework\\src\\Illuminate\\Foundation\\Application.php(1219): Illuminate\\Foundation\\Http\\Kernel->handle(Object(Illuminate\\Http\\Request))
#55 D:\\development\\CollaborateAgenToC\\AgentC\\public\\index.php(20): Illuminate\\Foundation\\Application->handleRequest(Object(Illuminate\\Http\\Request))
#56 D:\\development\\CollaborateAgenToC\\AgentC\\vendor\\laravel\\framework\\src\\Illuminate\\Foundation\\resources\\server.php(23): require_once('D:\\\\development\\\\...')
#57 {main}
"} 
[2025-08-29 14:42:28] Development.ERROR: Attempt to read property "image" on null (View: D:\development\CollaborateAgenToC\AgentC\resources\views\transaction\receipt.blade.php) {"exception":"[object] (Illuminate\\View\\ViewException(code: 0): Attempt to read property \"image\" on null (View: D:\\development\\CollaborateAgenToC\\AgentC\\resources\\views\\transaction\\receipt.blade.php) at D:\\development\\CollaborateAgenToC\\AgentC\\storage\\framework\\views\\a2c19a32c08e629f139836f12dd716ec.php:118)
[stacktrace]
#0 D:\\development\\CollaborateAgenToC\\AgentC\\vendor\\laravel\\framework\\src\\Illuminate\\View\\Engines\\PhpEngine.php(59): Illuminate\\View\\Engines\\CompilerEngine->handleViewException(Object(ErrorException), 0)
#1 D:\\development\\CollaborateAgenToC\\AgentC\\vendor\\laravel\\framework\\src\\Illuminate\\View\\Engines\\CompilerEngine.php(74): Illuminate\\View\\Engines\\PhpEngine->evaluatePath('D:\\\\development\\\\...', Array)
#2 D:\\development\\CollaborateAgenToC\\AgentC\\vendor\\laravel\\framework\\src\\Illuminate\\View\\View.php(208): Illuminate\\View\\Engines\\CompilerEngine->get('D:\\\\development\\\\...', Array)
#3 D:\\development\\CollaborateAgenToC\\AgentC\\vendor\\laravel\\framework\\src\\Illuminate\\View\\View.php(191): Illuminate\\View\\View->getContents()
#4 D:\\development\\CollaborateAgenToC\\AgentC\\vendor\\laravel\\framework\\src\\Illuminate\\View\\View.php(160): Illuminate\\View\\View->renderContents()
#5 D:\\development\\CollaborateAgenToC\\AgentC\\vendor\\laravel\\framework\\src\\Illuminate\\Http\\Response.php(78): Illuminate\\View\\View->render()
#6 D:\\development\\CollaborateAgenToC\\AgentC\\vendor\\laravel\\framework\\src\\Illuminate\\Http\\Response.php(34): Illuminate\\Http\\Response->setContent(Object(Illuminate\\View\\View))
#7 D:\\development\\CollaborateAgenToC\\AgentC\\vendor\\laravel\\framework\\src\\Illuminate\\Routing\\Router.php(924): Illuminate\\Http\\Response->__construct(Object(Illuminate\\View\\View), 200, Array)
#8 D:\\development\\CollaborateAgenToC\\AgentC\\vendor\\laravel\\framework\\src\\Illuminate\\Routing\\Router.php(891): Illuminate\\Routing\\Router::toResponse(Object(Illuminate\\Http\\Request), Object(Illuminate\\View\\View))
#9 D:\\development\\CollaborateAgenToC\\AgentC\\vendor\\laravel\\framework\\src\\Illuminate\\Routing\\Router.php(807): Illuminate\\Routing\\Router->prepareResponse(Object(Illuminate\\Http\\Request), Object(Illuminate\\View\\View))
#10 D:\\development\\CollaborateAgenToC\\AgentC\\vendor\\laravel\\framework\\src\\Illuminate\\Pipeline\\Pipeline.php(169): Illuminate\\Routing\\Router->{closure:Illuminate\\Routing\\Router::runRouteWithinStack():807}(Object(Illuminate\\Http\\Request))
#11 D:\\development\\CollaborateAgenToC\\AgentC\\vendor\\laravel\\framework\\src\\Illuminate\\Routing\\Middleware\\SubstituteBindings.php(50): Illuminate\\Pipeline\\Pipeline->{closure:Illuminate\\Pipeline\\Pipeline::prepareDestination():167}(Object(Illuminate\\Http\\Request))
#12 D:\\development\\CollaborateAgenToC\\AgentC\\vendor\\laravel\\framework\\src\\Illuminate\\Pipeline\\Pipeline.php(208): Illuminate\\Routing\\Middleware\\SubstituteBindings->handle(Object(Illuminate\\Http\\Request), Object(Closure))
#13 D:\\development\\CollaborateAgenToC\\AgentC\\vendor\\laravel\\framework\\src\\Illuminate\\Foundation\\Http\\Middleware\\VerifyCsrfToken.php(87): Illuminate\\Pipeline\\Pipeline->{closure:{closure:Illuminate\\Pipeline\\Pipeline::carry():183}:184}(Object(Illuminate\\Http\\Request))
#14 D:\\development\\CollaborateAgenToC\\AgentC\\vendor\\laravel\\framework\\src\\Illuminate\\Pipeline\\Pipeline.php(208): Illuminate\\Foundation\\Http\\Middleware\\VerifyCsrfToken->handle(Object(Illuminate\\Http\\Request), Object(Closure))
#15 D:\\development\\CollaborateAgenToC\\AgentC\\vendor\\laravel\\framework\\src\\Illuminate\\View\\Middleware\\ShareErrorsFromSession.php(48): Illuminate\\Pipeline\\Pipeline->{closure:{closure:Illuminate\\Pipeline\\Pipeline::carry():183}:184}(Object(Illuminate\\Http\\Request))
#16 D:\\development\\CollaborateAgenToC\\AgentC\\vendor\\laravel\\framework\\src\\Illuminate\\Pipeline\\Pipeline.php(208): Illuminate\\View\\Middleware\\ShareErrorsFromSession->handle(Object(Illuminate\\Http\\Request), Object(Closure))
#17 D:\\development\\CollaborateAgenToC\\AgentC\\vendor\\laravel\\framework\\src\\Illuminate\\Session\\Middleware\\StartSession.php(120): Illuminate\\Pipeline\\Pipeline->{closure:{closure:Illuminate\\Pipeline\\Pipeline::carry():183}:184}(Object(Illuminate\\Http\\Request))
#18 D:\\development\\CollaborateAgenToC\\AgentC\\vendor\\laravel\\framework\\src\\Illuminate\\Session\\Middleware\\StartSession.php(63): Illuminate\\Session\\Middleware\\StartSession->handleStatefulRequest(Object(Illuminate\\Http\\Request), Object(Illuminate\\Session\\Store), Object(Closure))
#19 D:\\development\\CollaborateAgenToC\\AgentC\\vendor\\laravel\\framework\\src\\Illuminate\\Pipeline\\Pipeline.php(208): Illuminate\\Session\\Middleware\\StartSession->handle(Object(Illuminate\\Http\\Request), Object(Closure))
#20 D:\\development\\CollaborateAgenToC\\AgentC\\vendor\\laravel\\framework\\src\\Illuminate\\Cookie\\Middleware\\AddQueuedCookiesToResponse.php(36): Illuminate\\Pipeline\\Pipeline->{closure:{closure:Illuminate\\Pipeline\\Pipeline::carry():183}:184}(Object(Illuminate\\Http\\Request))
#21 D:\\development\\CollaborateAgenToC\\AgentC\\vendor\\laravel\\framework\\src\\Illuminate\\Pipeline\\Pipeline.php(208): Illuminate\\Cookie\\Middleware\\AddQueuedCookiesToResponse->handle(Object(Illuminate\\Http\\Request), Object(Closure))
#22 D:\\development\\CollaborateAgenToC\\AgentC\\vendor\\laravel\\framework\\src\\Illuminate\\Cookie\\Middleware\\EncryptCookies.php(74): Illuminate\\Pipeline\\Pipeline->{closure:{closure:Illuminate\\Pipeline\\Pipeline::carry():183}:184}(Object(Illuminate\\Http\\Request))
#23 D:\\development\\CollaborateAgenToC\\AgentC\\vendor\\laravel\\framework\\src\\Illuminate\\Pipeline\\Pipeline.php(208): Illuminate\\Cookie\\Middleware\\EncryptCookies->handle(Object(Illuminate\\Http\\Request), Object(Closure))
#24 D:\\development\\CollaborateAgenToC\\AgentC\\vendor\\laravel\\framework\\src\\Illuminate\\Pipeline\\Pipeline.php(126): Illuminate\\Pipeline\\Pipeline->{closure:{closure:Illuminate\\Pipeline\\Pipeline::carry():183}:184}(Object(Illuminate\\Http\\Request))
#25 D:\\development\\CollaborateAgenToC\\AgentC\\vendor\\laravel\\framework\\src\\Illuminate\\Routing\\Router.php(807): Illuminate\\Pipeline\\Pipeline->then(Object(Closure))
#26 D:\\development\\CollaborateAgenToC\\AgentC\\vendor\\laravel\\framework\\src\\Illuminate\\Routing\\Router.php(786): Illuminate\\Routing\\Router->runRouteWithinStack(Object(Illuminate\\Routing\\Route), Object(Illuminate\\Http\\Request))
#27 D:\\development\\CollaborateAgenToC\\AgentC\\vendor\\laravel\\framework\\src\\Illuminate\\Routing\\Router.php(750): Illuminate\\Routing\\Router->runRoute(Object(Illuminate\\Http\\Request), Object(Illuminate\\Routing\\Route))
#28 D:\\development\\CollaborateAgenToC\\AgentC\\vendor\\laravel\\framework\\src\\Illuminate\\Routing\\Router.php(739): Illuminate\\Routing\\Router->dispatchToRoute(Object(Illuminate\\Http\\Request))
#29 D:\\development\\CollaborateAgenToC\\AgentC\\vendor\\laravel\\framework\\src\\Illuminate\\Foundation\\Http\\Kernel.php(200): Illuminate\\Routing\\Router->dispatch(Object(Illuminate\\Http\\Request))
#30 D:\\development\\CollaborateAgenToC\\AgentC\\vendor\\laravel\\framework\\src\\Illuminate\\Pipeline\\Pipeline.php(169): Illuminate\\Foundation\\Http\\Kernel->{closure:Illuminate\\Foundation\\Http\\Kernel::dispatchToRouter():197}(Object(Illuminate\\Http\\Request))
#31 D:\\development\\CollaborateAgenToC\\AgentC\\vendor\\laravel\\framework\\src\\Illuminate\\Foundation\\Http\\Middleware\\TransformsRequest.php(21): Illuminate\\Pipeline\\Pipeline->{closure:Illuminate\\Pipeline\\Pipeline::prepareDestination():167}(Object(Illuminate\\Http\\Request))
#32 D:\\development\\CollaborateAgenToC\\AgentC\\vendor\\laravel\\framework\\src\\Illuminate\\Foundation\\Http\\Middleware\\ConvertEmptyStringsToNull.php(31): Illuminate\\Foundation\\Http\\Middleware\\TransformsRequest->handle(Object(Illuminate\\Http\\Request), Object(Closure))
#33 D:\\development\\CollaborateAgenToC\\AgentC\\vendor\\laravel\\framework\\src\\Illuminate\\Pipeline\\Pipeline.php(208): Illuminate\\Foundation\\Http\\Middleware\\ConvertEmptyStringsToNull->handle(Object(Illuminate\\Http\\Request), Object(Closure))
#34 D:\\development\\CollaborateAgenToC\\AgentC\\vendor\\laravel\\framework\\src\\Illuminate\\Foundation\\Http\\Middleware\\TransformsRequest.php(21): Illuminate\\Pipeline\\Pipeline->{closure:{closure:Illuminate\\Pipeline\\Pipeline::carry():183}:184}(Object(Illuminate\\Http\\Request))
#35 D:\\development\\CollaborateAgenToC\\AgentC\\vendor\\laravel\\framework\\src\\Illuminate\\Foundation\\Http\\Middleware\\TrimStrings.php(51): Illuminate\\Foundation\\Http\\Middleware\\TransformsRequest->handle(Object(Illuminate\\Http\\Request), Object(Closure))
#36 D:\\development\\CollaborateAgenToC\\AgentC\\vendor\\laravel\\framework\\src\\Illuminate\\Pipeline\\Pipeline.php(208): Illuminate\\Foundation\\Http\\Middleware\\TrimStrings->handle(Object(Illuminate\\Http\\Request), Object(Closure))
#37 D:\\development\\CollaborateAgenToC\\AgentC\\vendor\\laravel\\framework\\src\\Illuminate\\Http\\Middleware\\ValidatePostSize.php(27): Illuminate\\Pipeline\\Pipeline->{closure:{closure:Illuminate\\Pipeline\\Pipeline::carry():183}:184}(Object(Illuminate\\Http\\Request))
#38 D:\\development\\CollaborateAgenToC\\AgentC\\vendor\\laravel\\framework\\src\\Illuminate\\Pipeline\\Pipeline.php(208): Illuminate\\Http\\Middleware\\ValidatePostSize->handle(Object(Illuminate\\Http\\Request), Object(Closure))
#39 D:\\development\\CollaborateAgenToC\\AgentC\\vendor\\laravel\\framework\\src\\Illuminate\\Foundation\\Http\\Middleware\\PreventRequestsDuringMaintenance.php(109): Illuminate\\Pipeline\\Pipeline->{closure:{closure:Illuminate\\Pipeline\\Pipeline::carry():183}:184}(Object(Illuminate\\Http\\Request))
#40 D:\\development\\CollaborateAgenToC\\AgentC\\vendor\\laravel\\framework\\src\\Illuminate\\Pipeline\\Pipeline.php(208): Illuminate\\Foundation\\Http\\Middleware\\PreventRequestsDuringMaintenance->handle(Object(Illuminate\\Http\\Request), Object(Closure))
#41 D:\\development\\CollaborateAgenToC\\AgentC\\vendor\\laravel\\framework\\src\\Illuminate\\Http\\Middleware\\HandleCors.php(48): Illuminate\\Pipeline\\Pipeline->{closure:{closure:Illuminate\\Pipeline\\Pipeline::carry():183}:184}(Object(Illuminate\\Http\\Request))
#42 D:\\development\\CollaborateAgenToC\\AgentC\\vendor\\laravel\\framework\\src\\Illuminate\\Pipeline\\Pipeline.php(208): Illuminate\\Http\\Middleware\\HandleCors->handle(Object(Illuminate\\Http\\Request), Object(Closure))
#43 D:\\development\\CollaborateAgenToC\\AgentC\\vendor\\laravel\\framework\\src\\Illuminate\\Http\\Middleware\\TrustProxies.php(58): Illuminate\\Pipeline\\Pipeline->{closure:{closure:Illuminate\\Pipeline\\Pipeline::carry():183}:184}(Object(Illuminate\\Http\\Request))
#44 D:\\development\\CollaborateAgenToC\\AgentC\\vendor\\laravel\\framework\\src\\Illuminate\\Pipeline\\Pipeline.php(208): Illuminate\\Http\\Middleware\\TrustProxies->handle(Object(Illuminate\\Http\\Request), Object(Closure))
#45 D:\\development\\CollaborateAgenToC\\AgentC\\vendor\\laravel\\framework\\src\\Illuminate\\Foundation\\Http\\Middleware\\InvokeDeferredCallbacks.php(22): Illuminate\\Pipeline\\Pipeline->{closure:{closure:Illuminate\\Pipeline\\Pipeline::carry():183}:184}(Object(Illuminate\\Http\\Request))
#46 D:\\development\\CollaborateAgenToC\\AgentC\\vendor\\laravel\\framework\\src\\Illuminate\\Pipeline\\Pipeline.php(208): Illuminate\\Foundation\\Http\\Middleware\\InvokeDeferredCallbacks->handle(Object(Illuminate\\Http\\Request), Object(Closure))
#47 D:\\development\\CollaborateAgenToC\\AgentC\\vendor\\laravel\\framework\\src\\Illuminate\\Http\\Middleware\\ValidatePathEncoding.php(26): Illuminate\\Pipeline\\Pipeline->{closure:{closure:Illuminate\\Pipeline\\Pipeline::carry():183}:184}(Object(Illuminate\\Http\\Request))
#48 D:\\development\\CollaborateAgenToC\\AgentC\\vendor\\laravel\\framework\\src\\Illuminate\\Pipeline\\Pipeline.php(208): Illuminate\\Http\\Middleware\\ValidatePathEncoding->handle(Object(Illuminate\\Http\\Request), Object(Closure))
#49 D:\\development\\CollaborateAgenToC\\AgentC\\vendor\\laravel\\framework\\src\\Illuminate\\Pipeline\\Pipeline.php(126): Illuminate\\Pipeline\\Pipeline->{closure:{closure:Illuminate\\Pipeline\\Pipeline::carry():183}:184}(Object(Illuminate\\Http\\Request))
#50 D:\\development\\CollaborateAgenToC\\AgentC\\vendor\\laravel\\framework\\src\\Illuminate\\Foundation\\Http\\Kernel.php(175): Illuminate\\Pipeline\\Pipeline->then(Object(Closure))
#51 D:\\development\\CollaborateAgenToC\\AgentC\\vendor\\laravel\\framework\\src\\Illuminate\\Foundation\\Http\\Kernel.php(144): Illuminate\\Foundation\\Http\\Kernel->sendRequestThroughRouter(Object(Illuminate\\Http\\Request))
#52 D:\\development\\CollaborateAgenToC\\AgentC\\vendor\\laravel\\framework\\src\\Illuminate\\Foundation\\Application.php(1219): Illuminate\\Foundation\\Http\\Kernel->handle(Object(Illuminate\\Http\\Request))
#53 D:\\development\\CollaborateAgenToC\\AgentC\\public\\index.php(20): Illuminate\\Foundation\\Application->handleRequest(Object(Illuminate\\Http\\Request))
#54 D:\\development\\CollaborateAgenToC\\AgentC\\vendor\\laravel\\framework\\src\\Illuminate\\Foundation\\resources\\server.php(23): require_once('D:\\\\development\\\\...')
#55 {main}

[previous exception] [object] (ErrorException(code: 0): Attempt to read property \"image\" on null at D:\\development\\CollaborateAgenToC\\AgentC\\storage\\framework\\views\\a2c19a32c08e629f139836f12dd716ec.php:118)
[stacktrace]
#0 D:\\development\\CollaborateAgenToC\\AgentC\\vendor\\laravel\\framework\\src\\Illuminate\\Foundation\\Bootstrap\\HandleExceptions.php(256): Illuminate\\Foundation\\Bootstrap\\HandleExceptions->handleError(2, 'Attempt to read...', 'D:\\\\development\\\\...', 118)
#1 D:\\development\\CollaborateAgenToC\\AgentC\\storage\\framework\\views\\a2c19a32c08e629f139836f12dd716ec.php(118): Illuminate\\Foundation\\Bootstrap\\HandleExceptions->{closure:Illuminate\\Foundation\\Bootstrap\\HandleExceptions::forwardsTo():255}(2, 'Attempt to read...', 'D:\\\\development\\\\...', 118)
#2 D:\\development\\CollaborateAgenToC\\AgentC\\vendor\\laravel\\framework\\src\\Illuminate\\Filesystem\\Filesystem.php(123): require('D:\\\\development\\\\...')
#3 D:\\development\\CollaborateAgenToC\\AgentC\\vendor\\laravel\\framework\\src\\Illuminate\\Filesystem\\Filesystem.php(124): Illuminate\\Filesystem\\Filesystem::{closure:Illuminate\\Filesystem\\Filesystem::getRequire():120}()
#4 D:\\development\\CollaborateAgenToC\\AgentC\\vendor\\laravel\\framework\\src\\Illuminate\\View\\Engines\\PhpEngine.php(57): Illuminate\\Filesystem\\Filesystem->getRequire('D:\\\\development\\\\...', Array)
#5 D:\\development\\CollaborateAgenToC\\AgentC\\vendor\\laravel\\framework\\src\\Illuminate\\View\\Engines\\CompilerEngine.php(74): Illuminate\\View\\Engines\\PhpEngine->evaluatePath('D:\\\\development\\\\...', Array)
#6 D:\\development\\CollaborateAgenToC\\AgentC\\vendor\\laravel\\framework\\src\\Illuminate\\View\\View.php(208): Illuminate\\View\\Engines\\CompilerEngine->get('D:\\\\development\\\\...', Array)
#7 D:\\development\\CollaborateAgenToC\\AgentC\\vendor\\laravel\\framework\\src\\Illuminate\\View\\View.php(191): Illuminate\\View\\View->getContents()
#8 D:\\development\\CollaborateAgenToC\\AgentC\\vendor\\laravel\\framework\\src\\Illuminate\\View\\View.php(160): Illuminate\\View\\View->renderContents()
#9 D:\\development\\CollaborateAgenToC\\AgentC\\vendor\\laravel\\framework\\src\\Illuminate\\Http\\Response.php(78): Illuminate\\View\\View->render()
#10 D:\\development\\CollaborateAgenToC\\AgentC\\vendor\\laravel\\framework\\src\\Illuminate\\Http\\Response.php(34): Illuminate\\Http\\Response->setContent(Object(Illuminate\\View\\View))
#11 D:\\development\\CollaborateAgenToC\\AgentC\\vendor\\laravel\\framework\\src\\Illuminate\\Routing\\Router.php(924): Illuminate\\Http\\Response->__construct(Object(Illuminate\\View\\View), 200, Array)
#12 D:\\development\\CollaborateAgenToC\\AgentC\\vendor\\laravel\\framework\\src\\Illuminate\\Routing\\Router.php(891): Illuminate\\Routing\\Router::toResponse(Object(Illuminate\\Http\\Request), Object(Illuminate\\View\\View))
#13 D:\\development\\CollaborateAgenToC\\AgentC\\vendor\\laravel\\framework\\src\\Illuminate\\Routing\\Router.php(807): Illuminate\\Routing\\Router->prepareResponse(Object(Illuminate\\Http\\Request), Object(Illuminate\\View\\View))
#14 D:\\development\\CollaborateAgenToC\\AgentC\\vendor\\laravel\\framework\\src\\Illuminate\\Pipeline\\Pipeline.php(169): Illuminate\\Routing\\Router->{closure:Illuminate\\Routing\\Router::runRouteWithinStack():807}(Object(Illuminate\\Http\\Request))
#15 D:\\development\\CollaborateAgenToC\\AgentC\\vendor\\laravel\\framework\\src\\Illuminate\\Routing\\Middleware\\SubstituteBindings.php(50): Illuminate\\Pipeline\\Pipeline->{closure:Illuminate\\Pipeline\\Pipeline::prepareDestination():167}(Object(Illuminate\\Http\\Request))
#16 D:\\development\\CollaborateAgenToC\\AgentC\\vendor\\laravel\\framework\\src\\Illuminate\\Pipeline\\Pipeline.php(208): Illuminate\\Routing\\Middleware\\SubstituteBindings->handle(Object(Illuminate\\Http\\Request), Object(Closure))
#17 D:\\development\\CollaborateAgenToC\\AgentC\\vendor\\laravel\\framework\\src\\Illuminate\\Foundation\\Http\\Middleware\\VerifyCsrfToken.php(87): Illuminate\\Pipeline\\Pipeline->{closure:{closure:Illuminate\\Pipeline\\Pipeline::carry():183}:184}(Object(Illuminate\\Http\\Request))
#18 D:\\development\\CollaborateAgenToC\\AgentC\\vendor\\laravel\\framework\\src\\Illuminate\\Pipeline\\Pipeline.php(208): Illuminate\\Foundation\\Http\\Middleware\\VerifyCsrfToken->handle(Object(Illuminate\\Http\\Request), Object(Closure))
#19 D:\\development\\CollaborateAgenToC\\AgentC\\vendor\\laravel\\framework\\src\\Illuminate\\View\\Middleware\\ShareErrorsFromSession.php(48): Illuminate\\Pipeline\\Pipeline->{closure:{closure:Illuminate\\Pipeline\\Pipeline::carry():183}:184}(Object(Illuminate\\Http\\Request))
#20 D:\\development\\CollaborateAgenToC\\AgentC\\vendor\\laravel\\framework\\src\\Illuminate\\Pipeline\\Pipeline.php(208): Illuminate\\View\\Middleware\\ShareErrorsFromSession->handle(Object(Illuminate\\Http\\Request), Object(Closure))
#21 D:\\development\\CollaborateAgenToC\\AgentC\\vendor\\laravel\\framework\\src\\Illuminate\\Session\\Middleware\\StartSession.php(120): Illuminate\\Pipeline\\Pipeline->{closure:{closure:Illuminate\\Pipeline\\Pipeline::carry():183}:184}(Object(Illuminate\\Http\\Request))
#22 D:\\development\\CollaborateAgenToC\\AgentC\\vendor\\laravel\\framework\\src\\Illuminate\\Session\\Middleware\\StartSession.php(63): Illuminate\\Session\\Middleware\\StartSession->handleStatefulRequest(Object(Illuminate\\Http\\Request), Object(Illuminate\\Session\\Store), Object(Closure))
#23 D:\\development\\CollaborateAgenToC\\AgentC\\vendor\\laravel\\framework\\src\\Illuminate\\Pipeline\\Pipeline.php(208): Illuminate\\Session\\Middleware\\StartSession->handle(Object(Illuminate\\Http\\Request), Object(Closure))
#24 D:\\development\\CollaborateAgenToC\\AgentC\\vendor\\laravel\\framework\\src\\Illuminate\\Cookie\\Middleware\\AddQueuedCookiesToResponse.php(36): Illuminate\\Pipeline\\Pipeline->{closure:{closure:Illuminate\\Pipeline\\Pipeline::carry():183}:184}(Object(Illuminate\\Http\\Request))
#25 D:\\development\\CollaborateAgenToC\\AgentC\\vendor\\laravel\\framework\\src\\Illuminate\\Pipeline\\Pipeline.php(208): Illuminate\\Cookie\\Middleware\\AddQueuedCookiesToResponse->handle(Object(Illuminate\\Http\\Request), Object(Closure))
#26 D:\\development\\CollaborateAgenToC\\AgentC\\vendor\\laravel\\framework\\src\\Illuminate\\Cookie\\Middleware\\EncryptCookies.php(74): Illuminate\\Pipeline\\Pipeline->{closure:{closure:Illuminate\\Pipeline\\Pipeline::carry():183}:184}(Object(Illuminate\\Http\\Request))
#27 D:\\development\\CollaborateAgenToC\\AgentC\\vendor\\laravel\\framework\\src\\Illuminate\\Pipeline\\Pipeline.php(208): Illuminate\\Cookie\\Middleware\\EncryptCookies->handle(Object(Illuminate\\Http\\Request), Object(Closure))
#28 D:\\development\\CollaborateAgenToC\\AgentC\\vendor\\laravel\\framework\\src\\Illuminate\\Pipeline\\Pipeline.php(126): Illuminate\\Pipeline\\Pipeline->{closure:{closure:Illuminate\\Pipeline\\Pipeline::carry():183}:184}(Object(Illuminate\\Http\\Request))
#29 D:\\development\\CollaborateAgenToC\\AgentC\\vendor\\laravel\\framework\\src\\Illuminate\\Routing\\Router.php(807): Illuminate\\Pipeline\\Pipeline->then(Object(Closure))
#30 D:\\development\\CollaborateAgenToC\\AgentC\\vendor\\laravel\\framework\\src\\Illuminate\\Routing\\Router.php(786): Illuminate\\Routing\\Router->runRouteWithinStack(Object(Illuminate\\Routing\\Route), Object(Illuminate\\Http\\Request))
#31 D:\\development\\CollaborateAgenToC\\AgentC\\vendor\\laravel\\framework\\src\\Illuminate\\Routing\\Router.php(750): Illuminate\\Routing\\Router->runRoute(Object(Illuminate\\Http\\Request), Object(Illuminate\\Routing\\Route))
#32 D:\\development\\CollaborateAgenToC\\AgentC\\vendor\\laravel\\framework\\src\\Illuminate\\Routing\\Router.php(739): Illuminate\\Routing\\Router->dispatchToRoute(Object(Illuminate\\Http\\Request))
#33 D:\\development\\CollaborateAgenToC\\AgentC\\vendor\\laravel\\framework\\src\\Illuminate\\Foundation\\Http\\Kernel.php(200): Illuminate\\Routing\\Router->dispatch(Object(Illuminate\\Http\\Request))
#34 D:\\development\\CollaborateAgenToC\\AgentC\\vendor\\laravel\\framework\\src\\Illuminate\\Pipeline\\Pipeline.php(169): Illuminate\\Foundation\\Http\\Kernel->{closure:Illuminate\\Foundation\\Http\\Kernel::dispatchToRouter():197}(Object(Illuminate\\Http\\Request))
#35 D:\\development\\CollaborateAgenToC\\AgentC\\vendor\\laravel\\framework\\src\\Illuminate\\Foundation\\Http\\Middleware\\TransformsRequest.php(21): Illuminate\\Pipeline\\Pipeline->{closure:Illuminate\\Pipeline\\Pipeline::prepareDestination():167}(Object(Illuminate\\Http\\Request))
#36 D:\\development\\CollaborateAgenToC\\AgentC\\vendor\\laravel\\framework\\src\\Illuminate\\Foundation\\Http\\Middleware\\ConvertEmptyStringsToNull.php(31): Illuminate\\Foundation\\Http\\Middleware\\TransformsRequest->handle(Object(Illuminate\\Http\\Request), Object(Closure))
#37 D:\\development\\CollaborateAgenToC\\AgentC\\vendor\\laravel\\framework\\src\\Illuminate\\Pipeline\\Pipeline.php(208): Illuminate\\Foundation\\Http\\Middleware\\ConvertEmptyStringsToNull->handle(Object(Illuminate\\Http\\Request), Object(Closure))
#38 D:\\development\\CollaborateAgenToC\\AgentC\\vendor\\laravel\\framework\\src\\Illuminate\\Foundation\\Http\\Middleware\\TransformsRequest.php(21): Illuminate\\Pipeline\\Pipeline->{closure:{closure:Illuminate\\Pipeline\\Pipeline::carry():183}:184}(Object(Illuminate\\Http\\Request))
#39 D:\\development\\CollaborateAgenToC\\AgentC\\vendor\\laravel\\framework\\src\\Illuminate\\Foundation\\Http\\Middleware\\TrimStrings.php(51): Illuminate\\Foundation\\Http\\Middleware\\TransformsRequest->handle(Object(Illuminate\\Http\\Request), Object(Closure))
#40 D:\\development\\CollaborateAgenToC\\AgentC\\vendor\\laravel\\framework\\src\\Illuminate\\Pipeline\\Pipeline.php(208): Illuminate\\Foundation\\Http\\Middleware\\TrimStrings->handle(Object(Illuminate\\Http\\Request), Object(Closure))
#41 D:\\development\\CollaborateAgenToC\\AgentC\\vendor\\laravel\\framework\\src\\Illuminate\\Http\\Middleware\\ValidatePostSize.php(27): Illuminate\\Pipeline\\Pipeline->{closure:{closure:Illuminate\\Pipeline\\Pipeline::carry():183}:184}(Object(Illuminate\\Http\\Request))
#42 D:\\development\\CollaborateAgenToC\\AgentC\\vendor\\laravel\\framework\\src\\Illuminate\\Pipeline\\Pipeline.php(208): Illuminate\\Http\\Middleware\\ValidatePostSize->handle(Object(Illuminate\\Http\\Request), Object(Closure))
#43 D:\\development\\CollaborateAgenToC\\AgentC\\vendor\\laravel\\framework\\src\\Illuminate\\Foundation\\Http\\Middleware\\PreventRequestsDuringMaintenance.php(109): Illuminate\\Pipeline\\Pipeline->{closure:{closure:Illuminate\\Pipeline\\Pipeline::carry():183}:184}(Object(Illuminate\\Http\\Request))
#44 D:\\development\\CollaborateAgenToC\\AgentC\\vendor\\laravel\\framework\\src\\Illuminate\\Pipeline\\Pipeline.php(208): Illuminate\\Foundation\\Http\\Middleware\\PreventRequestsDuringMaintenance->handle(Object(Illuminate\\Http\\Request), Object(Closure))
#45 D:\\development\\CollaborateAgenToC\\AgentC\\vendor\\laravel\\framework\\src\\Illuminate\\Http\\Middleware\\HandleCors.php(48): Illuminate\\Pipeline\\Pipeline->{closure:{closure:Illuminate\\Pipeline\\Pipeline::carry():183}:184}(Object(Illuminate\\Http\\Request))
#46 D:\\development\\CollaborateAgenToC\\AgentC\\vendor\\laravel\\framework\\src\\Illuminate\\Pipeline\\Pipeline.php(208): Illuminate\\Http\\Middleware\\HandleCors->handle(Object(Illuminate\\Http\\Request), Object(Closure))
#47 D:\\development\\CollaborateAgenToC\\AgentC\\vendor\\laravel\\framework\\src\\Illuminate\\Http\\Middleware\\TrustProxies.php(58): Illuminate\\Pipeline\\Pipeline->{closure:{closure:Illuminate\\Pipeline\\Pipeline::carry():183}:184}(Object(Illuminate\\Http\\Request))
#48 D:\\development\\CollaborateAgenToC\\AgentC\\vendor\\laravel\\framework\\src\\Illuminate\\Pipeline\\Pipeline.php(208): Illuminate\\Http\\Middleware\\TrustProxies->handle(Object(Illuminate\\Http\\Request), Object(Closure))
#49 D:\\development\\CollaborateAgenToC\\AgentC\\vendor\\laravel\\framework\\src\\Illuminate\\Foundation\\Http\\Middleware\\InvokeDeferredCallbacks.php(22): Illuminate\\Pipeline\\Pipeline->{closure:{closure:Illuminate\\Pipeline\\Pipeline::carry():183}:184}(Object(Illuminate\\Http\\Request))
#50 D:\\development\\CollaborateAgenToC\\AgentC\\vendor\\laravel\\framework\\src\\Illuminate\\Pipeline\\Pipeline.php(208): Illuminate\\Foundation\\Http\\Middleware\\InvokeDeferredCallbacks->handle(Object(Illuminate\\Http\\Request), Object(Closure))
#51 D:\\development\\CollaborateAgenToC\\AgentC\\vendor\\laravel\\framework\\src\\Illuminate\\Http\\Middleware\\ValidatePathEncoding.php(26): Illuminate\\Pipeline\\Pipeline->{closure:{closure:Illuminate\\Pipeline\\Pipeline::carry():183}:184}(Object(Illuminate\\Http\\Request))
#52 D:\\development\\CollaborateAgenToC\\AgentC\\vendor\\laravel\\framework\\src\\Illuminate\\Pipeline\\Pipeline.php(208): Illuminate\\Http\\Middleware\\ValidatePathEncoding->handle(Object(Illuminate\\Http\\Request), Object(Closure))
#53 D:\\development\\CollaborateAgenToC\\AgentC\\vendor\\laravel\\framework\\src\\Illuminate\\Pipeline\\Pipeline.php(126): Illuminate\\Pipeline\\Pipeline->{closure:{closure:Illuminate\\Pipeline\\Pipeline::carry():183}:184}(Object(Illuminate\\Http\\Request))
#54 D:\\development\\CollaborateAgenToC\\AgentC\\vendor\\laravel\\framework\\src\\Illuminate\\Foundation\\Http\\Kernel.php(175): Illuminate\\Pipeline\\Pipeline->then(Object(Closure))
#55 D:\\development\\CollaborateAgenToC\\AgentC\\vendor\\laravel\\framework\\src\\Illuminate\\Foundation\\Http\\Kernel.php(144): Illuminate\\Foundation\\Http\\Kernel->sendRequestThroughRouter(Object(Illuminate\\Http\\Request))
#56 D:\\development\\CollaborateAgenToC\\AgentC\\vendor\\laravel\\framework\\src\\Illuminate\\Foundation\\Application.php(1219): Illuminate\\Foundation\\Http\\Kernel->handle(Object(Illuminate\\Http\\Request))
#57 D:\\development\\CollaborateAgenToC\\AgentC\\public\\index.php(20): Illuminate\\Foundation\\Application->handleRequest(Object(Illuminate\\Http\\Request))
#58 D:\\development\\CollaborateAgenToC\\AgentC\\vendor\\laravel\\framework\\src\\Illuminate\\Foundation\\resources\\server.php(23): require_once('D:\\\\development\\\\...')
#59 {main}
"} 
[2025-08-29 14:43:00] Development.ERROR: Attempt to read property "product_image" on null (View: D:\development\CollaborateAgenToC\AgentC\resources\views\transaction\receipt.blade.php) {"exception":"[object] (Illuminate\\View\\ViewException(code: 0): Attempt to read property \"product_image\" on null (View: D:\\development\\CollaborateAgenToC\\AgentC\\resources\\views\\transaction\\receipt.blade.php) at D:\\development\\CollaborateAgenToC\\AgentC\\storage\\framework\\views\\a2c19a32c08e629f139836f12dd716ec.php:118)
[stacktrace]
#0 D:\\development\\CollaborateAgenToC\\AgentC\\vendor\\laravel\\framework\\src\\Illuminate\\View\\Engines\\PhpEngine.php(59): Illuminate\\View\\Engines\\CompilerEngine->handleViewException(Object(ErrorException), 0)
#1 D:\\development\\CollaborateAgenToC\\AgentC\\vendor\\laravel\\framework\\src\\Illuminate\\View\\Engines\\CompilerEngine.php(74): Illuminate\\View\\Engines\\PhpEngine->evaluatePath('D:\\\\development\\\\...', Array)
#2 D:\\development\\CollaborateAgenToC\\AgentC\\vendor\\laravel\\framework\\src\\Illuminate\\View\\View.php(208): Illuminate\\View\\Engines\\CompilerEngine->get('D:\\\\development\\\\...', Array)
#3 D:\\development\\CollaborateAgenToC\\AgentC\\vendor\\laravel\\framework\\src\\Illuminate\\View\\View.php(191): Illuminate\\View\\View->getContents()
#4 D:\\development\\CollaborateAgenToC\\AgentC\\vendor\\laravel\\framework\\src\\Illuminate\\View\\View.php(160): Illuminate\\View\\View->renderContents()
#5 D:\\development\\CollaborateAgenToC\\AgentC\\vendor\\laravel\\framework\\src\\Illuminate\\Http\\Response.php(78): Illuminate\\View\\View->render()
#6 D:\\development\\CollaborateAgenToC\\AgentC\\vendor\\laravel\\framework\\src\\Illuminate\\Http\\Response.php(34): Illuminate\\Http\\Response->setContent(Object(Illuminate\\View\\View))
#7 D:\\development\\CollaborateAgenToC\\AgentC\\vendor\\laravel\\framework\\src\\Illuminate\\Routing\\Router.php(924): Illuminate\\Http\\Response->__construct(Object(Illuminate\\View\\View), 200, Array)
#8 D:\\development\\CollaborateAgenToC\\AgentC\\vendor\\laravel\\framework\\src\\Illuminate\\Routing\\Router.php(891): Illuminate\\Routing\\Router::toResponse(Object(Illuminate\\Http\\Request), Object(Illuminate\\View\\View))
#9 D:\\development\\CollaborateAgenToC\\AgentC\\vendor\\laravel\\framework\\src\\Illuminate\\Routing\\Router.php(807): Illuminate\\Routing\\Router->prepareResponse(Object(Illuminate\\Http\\Request), Object(Illuminate\\View\\View))
#10 D:\\development\\CollaborateAgenToC\\AgentC\\vendor\\laravel\\framework\\src\\Illuminate\\Pipeline\\Pipeline.php(169): Illuminate\\Routing\\Router->{closure:Illuminate\\Routing\\Router::runRouteWithinStack():807}(Object(Illuminate\\Http\\Request))
#11 D:\\development\\CollaborateAgenToC\\AgentC\\vendor\\laravel\\framework\\src\\Illuminate\\Routing\\Middleware\\SubstituteBindings.php(50): Illuminate\\Pipeline\\Pipeline->{closure:Illuminate\\Pipeline\\Pipeline::prepareDestination():167}(Object(Illuminate\\Http\\Request))
#12 D:\\development\\CollaborateAgenToC\\AgentC\\vendor\\laravel\\framework\\src\\Illuminate\\Pipeline\\Pipeline.php(208): Illuminate\\Routing\\Middleware\\SubstituteBindings->handle(Object(Illuminate\\Http\\Request), Object(Closure))
#13 D:\\development\\CollaborateAgenToC\\AgentC\\vendor\\laravel\\framework\\src\\Illuminate\\Foundation\\Http\\Middleware\\VerifyCsrfToken.php(87): Illuminate\\Pipeline\\Pipeline->{closure:{closure:Illuminate\\Pipeline\\Pipeline::carry():183}:184}(Object(Illuminate\\Http\\Request))
#14 D:\\development\\CollaborateAgenToC\\AgentC\\vendor\\laravel\\framework\\src\\Illuminate\\Pipeline\\Pipeline.php(208): Illuminate\\Foundation\\Http\\Middleware\\VerifyCsrfToken->handle(Object(Illuminate\\Http\\Request), Object(Closure))
#15 D:\\development\\CollaborateAgenToC\\AgentC\\vendor\\laravel\\framework\\src\\Illuminate\\View\\Middleware\\ShareErrorsFromSession.php(48): Illuminate\\Pipeline\\Pipeline->{closure:{closure:Illuminate\\Pipeline\\Pipeline::carry():183}:184}(Object(Illuminate\\Http\\Request))
#16 D:\\development\\CollaborateAgenToC\\AgentC\\vendor\\laravel\\framework\\src\\Illuminate\\Pipeline\\Pipeline.php(208): Illuminate\\View\\Middleware\\ShareErrorsFromSession->handle(Object(Illuminate\\Http\\Request), Object(Closure))
#17 D:\\development\\CollaborateAgenToC\\AgentC\\vendor\\laravel\\framework\\src\\Illuminate\\Session\\Middleware\\StartSession.php(120): Illuminate\\Pipeline\\Pipeline->{closure:{closure:Illuminate\\Pipeline\\Pipeline::carry():183}:184}(Object(Illuminate\\Http\\Request))
#18 D:\\development\\CollaborateAgenToC\\AgentC\\vendor\\laravel\\framework\\src\\Illuminate\\Session\\Middleware\\StartSession.php(63): Illuminate\\Session\\Middleware\\StartSession->handleStatefulRequest(Object(Illuminate\\Http\\Request), Object(Illuminate\\Session\\Store), Object(Closure))
#19 D:\\development\\CollaborateAgenToC\\AgentC\\vendor\\laravel\\framework\\src\\Illuminate\\Pipeline\\Pipeline.php(208): Illuminate\\Session\\Middleware\\StartSession->handle(Object(Illuminate\\Http\\Request), Object(Closure))
#20 D:\\development\\CollaborateAgenToC\\AgentC\\vendor\\laravel\\framework\\src\\Illuminate\\Cookie\\Middleware\\AddQueuedCookiesToResponse.php(36): Illuminate\\Pipeline\\Pipeline->{closure:{closure:Illuminate\\Pipeline\\Pipeline::carry():183}:184}(Object(Illuminate\\Http\\Request))
#21 D:\\development\\CollaborateAgenToC\\AgentC\\vendor\\laravel\\framework\\src\\Illuminate\\Pipeline\\Pipeline.php(208): Illuminate\\Cookie\\Middleware\\AddQueuedCookiesToResponse->handle(Object(Illuminate\\Http\\Request), Object(Closure))
#22 D:\\development\\CollaborateAgenToC\\AgentC\\vendor\\laravel\\framework\\src\\Illuminate\\Cookie\\Middleware\\EncryptCookies.php(74): Illuminate\\Pipeline\\Pipeline->{closure:{closure:Illuminate\\Pipeline\\Pipeline::carry():183}:184}(Object(Illuminate\\Http\\Request))
#23 D:\\development\\CollaborateAgenToC\\AgentC\\vendor\\laravel\\framework\\src\\Illuminate\\Pipeline\\Pipeline.php(208): Illuminate\\Cookie\\Middleware\\EncryptCookies->handle(Object(Illuminate\\Http\\Request), Object(Closure))
#24 D:\\development\\CollaborateAgenToC\\AgentC\\vendor\\laravel\\framework\\src\\Illuminate\\Pipeline\\Pipeline.php(126): Illuminate\\Pipeline\\Pipeline->{closure:{closure:Illuminate\\Pipeline\\Pipeline::carry():183}:184}(Object(Illuminate\\Http\\Request))
#25 D:\\development\\CollaborateAgenToC\\AgentC\\vendor\\laravel\\framework\\src\\Illuminate\\Routing\\Router.php(807): Illuminate\\Pipeline\\Pipeline->then(Object(Closure))
#26 D:\\development\\CollaborateAgenToC\\AgentC\\vendor\\laravel\\framework\\src\\Illuminate\\Routing\\Router.php(786): Illuminate\\Routing\\Router->runRouteWithinStack(Object(Illuminate\\Routing\\Route), Object(Illuminate\\Http\\Request))
#27 D:\\development\\CollaborateAgenToC\\AgentC\\vendor\\laravel\\framework\\src\\Illuminate\\Routing\\Router.php(750): Illuminate\\Routing\\Router->runRoute(Object(Illuminate\\Http\\Request), Object(Illuminate\\Routing\\Route))
#28 D:\\development\\CollaborateAgenToC\\AgentC\\vendor\\laravel\\framework\\src\\Illuminate\\Routing\\Router.php(739): Illuminate\\Routing\\Router->dispatchToRoute(Object(Illuminate\\Http\\Request))
#29 D:\\development\\CollaborateAgenToC\\AgentC\\vendor\\laravel\\framework\\src\\Illuminate\\Foundation\\Http\\Kernel.php(200): Illuminate\\Routing\\Router->dispatch(Object(Illuminate\\Http\\Request))
#30 D:\\development\\CollaborateAgenToC\\AgentC\\vendor\\laravel\\framework\\src\\Illuminate\\Pipeline\\Pipeline.php(169): Illuminate\\Foundation\\Http\\Kernel->{closure:Illuminate\\Foundation\\Http\\Kernel::dispatchToRouter():197}(Object(Illuminate\\Http\\Request))
#31 D:\\development\\CollaborateAgenToC\\AgentC\\vendor\\laravel\\framework\\src\\Illuminate\\Foundation\\Http\\Middleware\\TransformsRequest.php(21): Illuminate\\Pipeline\\Pipeline->{closure:Illuminate\\Pipeline\\Pipeline::prepareDestination():167}(Object(Illuminate\\Http\\Request))
#32 D:\\development\\CollaborateAgenToC\\AgentC\\vendor\\laravel\\framework\\src\\Illuminate\\Foundation\\Http\\Middleware\\ConvertEmptyStringsToNull.php(31): Illuminate\\Foundation\\Http\\Middleware\\TransformsRequest->handle(Object(Illuminate\\Http\\Request), Object(Closure))
#33 D:\\development\\CollaborateAgenToC\\AgentC\\vendor\\laravel\\framework\\src\\Illuminate\\Pipeline\\Pipeline.php(208): Illuminate\\Foundation\\Http\\Middleware\\ConvertEmptyStringsToNull->handle(Object(Illuminate\\Http\\Request), Object(Closure))
#34 D:\\development\\CollaborateAgenToC\\AgentC\\vendor\\laravel\\framework\\src\\Illuminate\\Foundation\\Http\\Middleware\\TransformsRequest.php(21): Illuminate\\Pipeline\\Pipeline->{closure:{closure:Illuminate\\Pipeline\\Pipeline::carry():183}:184}(Object(Illuminate\\Http\\Request))
#35 D:\\development\\CollaborateAgenToC\\AgentC\\vendor\\laravel\\framework\\src\\Illuminate\\Foundation\\Http\\Middleware\\TrimStrings.php(51): Illuminate\\Foundation\\Http\\Middleware\\TransformsRequest->handle(Object(Illuminate\\Http\\Request), Object(Closure))
#36 D:\\development\\CollaborateAgenToC\\AgentC\\vendor\\laravel\\framework\\src\\Illuminate\\Pipeline\\Pipeline.php(208): Illuminate\\Foundation\\Http\\Middleware\\TrimStrings->handle(Object(Illuminate\\Http\\Request), Object(Closure))
#37 D:\\development\\CollaborateAgenToC\\AgentC\\vendor\\laravel\\framework\\src\\Illuminate\\Http\\Middleware\\ValidatePostSize.php(27): Illuminate\\Pipeline\\Pipeline->{closure:{closure:Illuminate\\Pipeline\\Pipeline::carry():183}:184}(Object(Illuminate\\Http\\Request))
#38 D:\\development\\CollaborateAgenToC\\AgentC\\vendor\\laravel\\framework\\src\\Illuminate\\Pipeline\\Pipeline.php(208): Illuminate\\Http\\Middleware\\ValidatePostSize->handle(Object(Illuminate\\Http\\Request), Object(Closure))
#39 D:\\development\\CollaborateAgenToC\\AgentC\\vendor\\laravel\\framework\\src\\Illuminate\\Foundation\\Http\\Middleware\\PreventRequestsDuringMaintenance.php(109): Illuminate\\Pipeline\\Pipeline->{closure:{closure:Illuminate\\Pipeline\\Pipeline::carry():183}:184}(Object(Illuminate\\Http\\Request))
#40 D:\\development\\CollaborateAgenToC\\AgentC\\vendor\\laravel\\framework\\src\\Illuminate\\Pipeline\\Pipeline.php(208): Illuminate\\Foundation\\Http\\Middleware\\PreventRequestsDuringMaintenance->handle(Object(Illuminate\\Http\\Request), Object(Closure))
#41 D:\\development\\CollaborateAgenToC\\AgentC\\vendor\\laravel\\framework\\src\\Illuminate\\Http\\Middleware\\HandleCors.php(48): Illuminate\\Pipeline\\Pipeline->{closure:{closure:Illuminate\\Pipeline\\Pipeline::carry():183}:184}(Object(Illuminate\\Http\\Request))
#42 D:\\development\\CollaborateAgenToC\\AgentC\\vendor\\laravel\\framework\\src\\Illuminate\\Pipeline\\Pipeline.php(208): Illuminate\\Http\\Middleware\\HandleCors->handle(Object(Illuminate\\Http\\Request), Object(Closure))
#43 D:\\development\\CollaborateAgenToC\\AgentC\\vendor\\laravel\\framework\\src\\Illuminate\\Http\\Middleware\\TrustProxies.php(58): Illuminate\\Pipeline\\Pipeline->{closure:{closure:Illuminate\\Pipeline\\Pipeline::carry():183}:184}(Object(Illuminate\\Http\\Request))
#44 D:\\development\\CollaborateAgenToC\\AgentC\\vendor\\laravel\\framework\\src\\Illuminate\\Pipeline\\Pipeline.php(208): Illuminate\\Http\\Middleware\\TrustProxies->handle(Object(Illuminate\\Http\\Request), Object(Closure))
#45 D:\\development\\CollaborateAgenToC\\AgentC\\vendor\\laravel\\framework\\src\\Illuminate\\Foundation\\Http\\Middleware\\InvokeDeferredCallbacks.php(22): Illuminate\\Pipeline\\Pipeline->{closure:{closure:Illuminate\\Pipeline\\Pipeline::carry():183}:184}(Object(Illuminate\\Http\\Request))
#46 D:\\development\\CollaborateAgenToC\\AgentC\\vendor\\laravel\\framework\\src\\Illuminate\\Pipeline\\Pipeline.php(208): Illuminate\\Foundation\\Http\\Middleware\\InvokeDeferredCallbacks->handle(Object(Illuminate\\Http\\Request), Object(Closure))
#47 D:\\development\\CollaborateAgenToC\\AgentC\\vendor\\laravel\\framework\\src\\Illuminate\\Http\\Middleware\\ValidatePathEncoding.php(26): Illuminate\\Pipeline\\Pipeline->{closure:{closure:Illuminate\\Pipeline\\Pipeline::carry():183}:184}(Object(Illuminate\\Http\\Request))
#48 D:\\development\\CollaborateAgenToC\\AgentC\\vendor\\laravel\\framework\\src\\Illuminate\\Pipeline\\Pipeline.php(208): Illuminate\\Http\\Middleware\\ValidatePathEncoding->handle(Object(Illuminate\\Http\\Request), Object(Closure))
#49 D:\\development\\CollaborateAgenToC\\AgentC\\vendor\\laravel\\framework\\src\\Illuminate\\Pipeline\\Pipeline.php(126): Illuminate\\Pipeline\\Pipeline->{closure:{closure:Illuminate\\Pipeline\\Pipeline::carry():183}:184}(Object(Illuminate\\Http\\Request))
#50 D:\\development\\CollaborateAgenToC\\AgentC\\vendor\\laravel\\framework\\src\\Illuminate\\Foundation\\Http\\Kernel.php(175): Illuminate\\Pipeline\\Pipeline->then(Object(Closure))
#51 D:\\development\\CollaborateAgenToC\\AgentC\\vendor\\laravel\\framework\\src\\Illuminate\\Foundation\\Http\\Kernel.php(144): Illuminate\\Foundation\\Http\\Kernel->sendRequestThroughRouter(Object(Illuminate\\Http\\Request))
#52 D:\\development\\CollaborateAgenToC\\AgentC\\vendor\\laravel\\framework\\src\\Illuminate\\Foundation\\Application.php(1219): Illuminate\\Foundation\\Http\\Kernel->handle(Object(Illuminate\\Http\\Request))
#53 D:\\development\\CollaborateAgenToC\\AgentC\\public\\index.php(20): Illuminate\\Foundation\\Application->handleRequest(Object(Illuminate\\Http\\Request))
#54 D:\\development\\CollaborateAgenToC\\AgentC\\vendor\\laravel\\framework\\src\\Illuminate\\Foundation\\resources\\server.php(23): require_once('D:\\\\development\\\\...')
#55 {main}

[previous exception] [object] (ErrorException(code: 0): Attempt to read property \"product_image\" on null at D:\\development\\CollaborateAgenToC\\AgentC\\storage\\framework\\views\\a2c19a32c08e629f139836f12dd716ec.php:118)
[stacktrace]
#0 D:\\development\\CollaborateAgenToC\\AgentC\\vendor\\laravel\\framework\\src\\Illuminate\\Foundation\\Bootstrap\\HandleExceptions.php(256): Illuminate\\Foundation\\Bootstrap\\HandleExceptions->handleError(2, 'Attempt to read...', 'D:\\\\development\\\\...', 118)
#1 D:\\development\\CollaborateAgenToC\\AgentC\\storage\\framework\\views\\a2c19a32c08e629f139836f12dd716ec.php(118): Illuminate\\Foundation\\Bootstrap\\HandleExceptions->{closure:Illuminate\\Foundation\\Bootstrap\\HandleExceptions::forwardsTo():255}(2, 'Attempt to read...', 'D:\\\\development\\\\...', 118)
#2 D:\\development\\CollaborateAgenToC\\AgentC\\vendor\\laravel\\framework\\src\\Illuminate\\Filesystem\\Filesystem.php(123): require('D:\\\\development\\\\...')
#3 D:\\development\\CollaborateAgenToC\\AgentC\\vendor\\laravel\\framework\\src\\Illuminate\\Filesystem\\Filesystem.php(124): Illuminate\\Filesystem\\Filesystem::{closure:Illuminate\\Filesystem\\Filesystem::getRequire():120}()
#4 D:\\development\\CollaborateAgenToC\\AgentC\\vendor\\laravel\\framework\\src\\Illuminate\\View\\Engines\\PhpEngine.php(57): Illuminate\\Filesystem\\Filesystem->getRequire('D:\\\\development\\\\...', Array)
#5 D:\\development\\CollaborateAgenToC\\AgentC\\vendor\\laravel\\framework\\src\\Illuminate\\View\\Engines\\CompilerEngine.php(74): Illuminate\\View\\Engines\\PhpEngine->evaluatePath('D:\\\\development\\\\...', Array)
#6 D:\\development\\CollaborateAgenToC\\AgentC\\vendor\\laravel\\framework\\src\\Illuminate\\View\\View.php(208): Illuminate\\View\\Engines\\CompilerEngine->get('D:\\\\development\\\\...', Array)
#7 D:\\development\\CollaborateAgenToC\\AgentC\\vendor\\laravel\\framework\\src\\Illuminate\\View\\View.php(191): Illuminate\\View\\View->getContents()
#8 D:\\development\\CollaborateAgenToC\\AgentC\\vendor\\laravel\\framework\\src\\Illuminate\\View\\View.php(160): Illuminate\\View\\View->renderContents()
#9 D:\\development\\CollaborateAgenToC\\AgentC\\vendor\\laravel\\framework\\src\\Illuminate\\Http\\Response.php(78): Illuminate\\View\\View->render()
#10 D:\\development\\CollaborateAgenToC\\AgentC\\vendor\\laravel\\framework\\src\\Illuminate\\Http\\Response.php(34): Illuminate\\Http\\Response->setContent(Object(Illuminate\\View\\View))
#11 D:\\development\\CollaborateAgenToC\\AgentC\\vendor\\laravel\\framework\\src\\Illuminate\\Routing\\Router.php(924): Illuminate\\Http\\Response->__construct(Object(Illuminate\\View\\View), 200, Array)
#12 D:\\development\\CollaborateAgenToC\\AgentC\\vendor\\laravel\\framework\\src\\Illuminate\\Routing\\Router.php(891): Illuminate\\Routing\\Router::toResponse(Object(Illuminate\\Http\\Request), Object(Illuminate\\View\\View))
#13 D:\\development\\CollaborateAgenToC\\AgentC\\vendor\\laravel\\framework\\src\\Illuminate\\Routing\\Router.php(807): Illuminate\\Routing\\Router->prepareResponse(Object(Illuminate\\Http\\Request), Object(Illuminate\\View\\View))
#14 D:\\development\\CollaborateAgenToC\\AgentC\\vendor\\laravel\\framework\\src\\Illuminate\\Pipeline\\Pipeline.php(169): Illuminate\\Routing\\Router->{closure:Illuminate\\Routing\\Router::runRouteWithinStack():807}(Object(Illuminate\\Http\\Request))
#15 D:\\development\\CollaborateAgenToC\\AgentC\\vendor\\laravel\\framework\\src\\Illuminate\\Routing\\Middleware\\SubstituteBindings.php(50): Illuminate\\Pipeline\\Pipeline->{closure:Illuminate\\Pipeline\\Pipeline::prepareDestination():167}(Object(Illuminate\\Http\\Request))
#16 D:\\development\\CollaborateAgenToC\\AgentC\\vendor\\laravel\\framework\\src\\Illuminate\\Pipeline\\Pipeline.php(208): Illuminate\\Routing\\Middleware\\SubstituteBindings->handle(Object(Illuminate\\Http\\Request), Object(Closure))
#17 D:\\development\\CollaborateAgenToC\\AgentC\\vendor\\laravel\\framework\\src\\Illuminate\\Foundation\\Http\\Middleware\\VerifyCsrfToken.php(87): Illuminate\\Pipeline\\Pipeline->{closure:{closure:Illuminate\\Pipeline\\Pipeline::carry():183}:184}(Object(Illuminate\\Http\\Request))
#18 D:\\development\\CollaborateAgenToC\\AgentC\\vendor\\laravel\\framework\\src\\Illuminate\\Pipeline\\Pipeline.php(208): Illuminate\\Foundation\\Http\\Middleware\\VerifyCsrfToken->handle(Object(Illuminate\\Http\\Request), Object(Closure))
#19 D:\\development\\CollaborateAgenToC\\AgentC\\vendor\\laravel\\framework\\src\\Illuminate\\View\\Middleware\\ShareErrorsFromSession.php(48): Illuminate\\Pipeline\\Pipeline->{closure:{closure:Illuminate\\Pipeline\\Pipeline::carry():183}:184}(Object(Illuminate\\Http\\Request))
#20 D:\\development\\CollaborateAgenToC\\AgentC\\vendor\\laravel\\framework\\src\\Illuminate\\Pipeline\\Pipeline.php(208): Illuminate\\View\\Middleware\\ShareErrorsFromSession->handle(Object(Illuminate\\Http\\Request), Object(Closure))
#21 D:\\development\\CollaborateAgenToC\\AgentC\\vendor\\laravel\\framework\\src\\Illuminate\\Session\\Middleware\\StartSession.php(120): Illuminate\\Pipeline\\Pipeline->{closure:{closure:Illuminate\\Pipeline\\Pipeline::carry():183}:184}(Object(Illuminate\\Http\\Request))
#22 D:\\development\\CollaborateAgenToC\\AgentC\\vendor\\laravel\\framework\\src\\Illuminate\\Session\\Middleware\\StartSession.php(63): Illuminate\\Session\\Middleware\\StartSession->handleStatefulRequest(Object(Illuminate\\Http\\Request), Object(Illuminate\\Session\\Store), Object(Closure))
#23 D:\\development\\CollaborateAgenToC\\AgentC\\vendor\\laravel\\framework\\src\\Illuminate\\Pipeline\\Pipeline.php(208): Illuminate\\Session\\Middleware\\StartSession->handle(Object(Illuminate\\Http\\Request), Object(Closure))
#24 D:\\development\\CollaborateAgenToC\\AgentC\\vendor\\laravel\\framework\\src\\Illuminate\\Cookie\\Middleware\\AddQueuedCookiesToResponse.php(36): Illuminate\\Pipeline\\Pipeline->{closure:{closure:Illuminate\\Pipeline\\Pipeline::carry():183}:184}(Object(Illuminate\\Http\\Request))
#25 D:\\development\\CollaborateAgenToC\\AgentC\\vendor\\laravel\\framework\\src\\Illuminate\\Pipeline\\Pipeline.php(208): Illuminate\\Cookie\\Middleware\\AddQueuedCookiesToResponse->handle(Object(Illuminate\\Http\\Request), Object(Closure))
#26 D:\\development\\CollaborateAgenToC\\AgentC\\vendor\\laravel\\framework\\src\\Illuminate\\Cookie\\Middleware\\EncryptCookies.php(74): Illuminate\\Pipeline\\Pipeline->{closure:{closure:Illuminate\\Pipeline\\Pipeline::carry():183}:184}(Object(Illuminate\\Http\\Request))
#27 D:\\development\\CollaborateAgenToC\\AgentC\\vendor\\laravel\\framework\\src\\Illuminate\\Pipeline\\Pipeline.php(208): Illuminate\\Cookie\\Middleware\\EncryptCookies->handle(Object(Illuminate\\Http\\Request), Object(Closure))
#28 D:\\development\\CollaborateAgenToC\\AgentC\\vendor\\laravel\\framework\\src\\Illuminate\\Pipeline\\Pipeline.php(126): Illuminate\\Pipeline\\Pipeline->{closure:{closure:Illuminate\\Pipeline\\Pipeline::carry():183}:184}(Object(Illuminate\\Http\\Request))
#29 D:\\development\\CollaborateAgenToC\\AgentC\\vendor\\laravel\\framework\\src\\Illuminate\\Routing\\Router.php(807): Illuminate\\Pipeline\\Pipeline->then(Object(Closure))
#30 D:\\development\\CollaborateAgenToC\\AgentC\\vendor\\laravel\\framework\\src\\Illuminate\\Routing\\Router.php(786): Illuminate\\Routing\\Router->runRouteWithinStack(Object(Illuminate\\Routing\\Route), Object(Illuminate\\Http\\Request))
#31 D:\\development\\CollaborateAgenToC\\AgentC\\vendor\\laravel\\framework\\src\\Illuminate\\Routing\\Router.php(750): Illuminate\\Routing\\Router->runRoute(Object(Illuminate\\Http\\Request), Object(Illuminate\\Routing\\Route))
#32 D:\\development\\CollaborateAgenToC\\AgentC\\vendor\\laravel\\framework\\src\\Illuminate\\Routing\\Router.php(739): Illuminate\\Routing\\Router->dispatchToRoute(Object(Illuminate\\Http\\Request))
#33 D:\\development\\CollaborateAgenToC\\AgentC\\vendor\\laravel\\framework\\src\\Illuminate\\Foundation\\Http\\Kernel.php(200): Illuminate\\Routing\\Router->dispatch(Object(Illuminate\\Http\\Request))
#34 D:\\development\\CollaborateAgenToC\\AgentC\\vendor\\laravel\\framework\\src\\Illuminate\\Pipeline\\Pipeline.php(169): Illuminate\\Foundation\\Http\\Kernel->{closure:Illuminate\\Foundation\\Http\\Kernel::dispatchToRouter():197}(Object(Illuminate\\Http\\Request))
#35 D:\\development\\CollaborateAgenToC\\AgentC\\vendor\\laravel\\framework\\src\\Illuminate\\Foundation\\Http\\Middleware\\TransformsRequest.php(21): Illuminate\\Pipeline\\Pipeline->{closure:Illuminate\\Pipeline\\Pipeline::prepareDestination():167}(Object(Illuminate\\Http\\Request))
#36 D:\\development\\CollaborateAgenToC\\AgentC\\vendor\\laravel\\framework\\src\\Illuminate\\Foundation\\Http\\Middleware\\ConvertEmptyStringsToNull.php(31): Illuminate\\Foundation\\Http\\Middleware\\TransformsRequest->handle(Object(Illuminate\\Http\\Request), Object(Closure))
#37 D:\\development\\CollaborateAgenToC\\AgentC\\vendor\\laravel\\framework\\src\\Illuminate\\Pipeline\\Pipeline.php(208): Illuminate\\Foundation\\Http\\Middleware\\ConvertEmptyStringsToNull->handle(Object(Illuminate\\Http\\Request), Object(Closure))
#38 D:\\development\\CollaborateAgenToC\\AgentC\\vendor\\laravel\\framework\\src\\Illuminate\\Foundation\\Http\\Middleware\\TransformsRequest.php(21): Illuminate\\Pipeline\\Pipeline->{closure:{closure:Illuminate\\Pipeline\\Pipeline::carry():183}:184}(Object(Illuminate\\Http\\Request))
#39 D:\\development\\CollaborateAgenToC\\AgentC\\vendor\\laravel\\framework\\src\\Illuminate\\Foundation\\Http\\Middleware\\TrimStrings.php(51): Illuminate\\Foundation\\Http\\Middleware\\TransformsRequest->handle(Object(Illuminate\\Http\\Request), Object(Closure))
#40 D:\\development\\CollaborateAgenToC\\AgentC\\vendor\\laravel\\framework\\src\\Illuminate\\Pipeline\\Pipeline.php(208): Illuminate\\Foundation\\Http\\Middleware\\TrimStrings->handle(Object(Illuminate\\Http\\Request), Object(Closure))
#41 D:\\development\\CollaborateAgenToC\\AgentC\\vendor\\laravel\\framework\\src\\Illuminate\\Http\\Middleware\\ValidatePostSize.php(27): Illuminate\\Pipeline\\Pipeline->{closure:{closure:Illuminate\\Pipeline\\Pipeline::carry():183}:184}(Object(Illuminate\\Http\\Request))
#42 D:\\development\\CollaborateAgenToC\\AgentC\\vendor\\laravel\\framework\\src\\Illuminate\\Pipeline\\Pipeline.php(208): Illuminate\\Http\\Middleware\\ValidatePostSize->handle(Object(Illuminate\\Http\\Request), Object(Closure))
#43 D:\\development\\CollaborateAgenToC\\AgentC\\vendor\\laravel\\framework\\src\\Illuminate\\Foundation\\Http\\Middleware\\PreventRequestsDuringMaintenance.php(109): Illuminate\\Pipeline\\Pipeline->{closure:{closure:Illuminate\\Pipeline\\Pipeline::carry():183}:184}(Object(Illuminate\\Http\\Request))
#44 D:\\development\\CollaborateAgenToC\\AgentC\\vendor\\laravel\\framework\\src\\Illuminate\\Pipeline\\Pipeline.php(208): Illuminate\\Foundation\\Http\\Middleware\\PreventRequestsDuringMaintenance->handle(Object(Illuminate\\Http\\Request), Object(Closure))
#45 D:\\development\\CollaborateAgenToC\\AgentC\\vendor\\laravel\\framework\\src\\Illuminate\\Http\\Middleware\\HandleCors.php(48): Illuminate\\Pipeline\\Pipeline->{closure:{closure:Illuminate\\Pipeline\\Pipeline::carry():183}:184}(Object(Illuminate\\Http\\Request))
#46 D:\\development\\CollaborateAgenToC\\AgentC\\vendor\\laravel\\framework\\src\\Illuminate\\Pipeline\\Pipeline.php(208): Illuminate\\Http\\Middleware\\HandleCors->handle(Object(Illuminate\\Http\\Request), Object(Closure))
#47 D:\\development\\CollaborateAgenToC\\AgentC\\vendor\\laravel\\framework\\src\\Illuminate\\Http\\Middleware\\TrustProxies.php(58): Illuminate\\Pipeline\\Pipeline->{closure:{closure:Illuminate\\Pipeline\\Pipeline::carry():183}:184}(Object(Illuminate\\Http\\Request))
#48 D:\\development\\CollaborateAgenToC\\AgentC\\vendor\\laravel\\framework\\src\\Illuminate\\Pipeline\\Pipeline.php(208): Illuminate\\Http\\Middleware\\TrustProxies->handle(Object(Illuminate\\Http\\Request), Object(Closure))
#49 D:\\development\\CollaborateAgenToC\\AgentC\\vendor\\laravel\\framework\\src\\Illuminate\\Foundation\\Http\\Middleware\\InvokeDeferredCallbacks.php(22): Illuminate\\Pipeline\\Pipeline->{closure:{closure:Illuminate\\Pipeline\\Pipeline::carry():183}:184}(Object(Illuminate\\Http\\Request))
#50 D:\\development\\CollaborateAgenToC\\AgentC\\vendor\\laravel\\framework\\src\\Illuminate\\Pipeline\\Pipeline.php(208): Illuminate\\Foundation\\Http\\Middleware\\InvokeDeferredCallbacks->handle(Object(Illuminate\\Http\\Request), Object(Closure))
#51 D:\\development\\CollaborateAgenToC\\AgentC\\vendor\\laravel\\framework\\src\\Illuminate\\Http\\Middleware\\ValidatePathEncoding.php(26): Illuminate\\Pipeline\\Pipeline->{closure:{closure:Illuminate\\Pipeline\\Pipeline::carry():183}:184}(Object(Illuminate\\Http\\Request))
#52 D:\\development\\CollaborateAgenToC\\AgentC\\vendor\\laravel\\framework\\src\\Illuminate\\Pipeline\\Pipeline.php(208): Illuminate\\Http\\Middleware\\ValidatePathEncoding->handle(Object(Illuminate\\Http\\Request), Object(Closure))
#53 D:\\development\\CollaborateAgenToC\\AgentC\\vendor\\laravel\\framework\\src\\Illuminate\\Pipeline\\Pipeline.php(126): Illuminate\\Pipeline\\Pipeline->{closure:{closure:Illuminate\\Pipeline\\Pipeline::carry():183}:184}(Object(Illuminate\\Http\\Request))
#54 D:\\development\\CollaborateAgenToC\\AgentC\\vendor\\laravel\\framework\\src\\Illuminate\\Foundation\\Http\\Kernel.php(175): Illuminate\\Pipeline\\Pipeline->then(Object(Closure))
#55 D:\\development\\CollaborateAgenToC\\AgentC\\vendor\\laravel\\framework\\src\\Illuminate\\Foundation\\Http\\Kernel.php(144): Illuminate\\Foundation\\Http\\Kernel->sendRequestThroughRouter(Object(Illuminate\\Http\\Request))
#56 D:\\development\\CollaborateAgenToC\\AgentC\\vendor\\laravel\\framework\\src\\Illuminate\\Foundation\\Application.php(1219): Illuminate\\Foundation\\Http\\Kernel->handle(Object(Illuminate\\Http\\Request))
#57 D:\\development\\CollaborateAgenToC\\AgentC\\public\\index.php(20): Illuminate\\Foundation\\Application->handleRequest(Object(Illuminate\\Http\\Request))
#58 D:\\development\\CollaborateAgenToC\\AgentC\\vendor\\laravel\\framework\\src\\Illuminate\\Foundation\\resources\\server.php(23): require_once('D:\\\\development\\\\...')
#59 {main}
"} 
[2025-08-29 14:43:24] Development.ERROR: syntax error, unexpected token ":" (View: D:\development\CollaborateAgenToC\AgentC\resources\views\transaction\receipt.blade.php) {"exception":"[object] (Illuminate\\View\\ViewException(code: 0): syntax error, unexpected token \":\" (View: D:\\development\\CollaborateAgenToC\\AgentC\\resources\\views\\transaction\\receipt.blade.php) at D:\\development\\CollaborateAgenToC\\AgentC\\storage\\framework\\views\\a2c19a32c08e629f139836f12dd716ec.php:118)
[stacktrace]
#0 D:\\development\\CollaborateAgenToC\\AgentC\\vendor\\laravel\\framework\\src\\Illuminate\\View\\Engines\\PhpEngine.php(59): Illuminate\\View\\Engines\\CompilerEngine->handleViewException(Object(ParseError), 0)
#1 D:\\development\\CollaborateAgenToC\\AgentC\\vendor\\laravel\\framework\\src\\Illuminate\\View\\Engines\\CompilerEngine.php(74): Illuminate\\View\\Engines\\PhpEngine->evaluatePath('D:\\\\development\\\\...', Array)
#2 D:\\development\\CollaborateAgenToC\\AgentC\\vendor\\laravel\\framework\\src\\Illuminate\\View\\View.php(208): Illuminate\\View\\Engines\\CompilerEngine->get('D:\\\\development\\\\...', Array)
#3 D:\\development\\CollaborateAgenToC\\AgentC\\vendor\\laravel\\framework\\src\\Illuminate\\View\\View.php(191): Illuminate\\View\\View->getContents()
#4 D:\\development\\CollaborateAgenToC\\AgentC\\vendor\\laravel\\framework\\src\\Illuminate\\View\\View.php(160): Illuminate\\View\\View->renderContents()
#5 D:\\development\\CollaborateAgenToC\\AgentC\\vendor\\laravel\\framework\\src\\Illuminate\\Http\\Response.php(78): Illuminate\\View\\View->render()
#6 D:\\development\\CollaborateAgenToC\\AgentC\\vendor\\laravel\\framework\\src\\Illuminate\\Http\\Response.php(34): Illuminate\\Http\\Response->setContent(Object(Illuminate\\View\\View))
#7 D:\\development\\CollaborateAgenToC\\AgentC\\vendor\\laravel\\framework\\src\\Illuminate\\Routing\\Router.php(924): Illuminate\\Http\\Response->__construct(Object(Illuminate\\View\\View), 200, Array)
#8 D:\\development\\CollaborateAgenToC\\AgentC\\vendor\\laravel\\framework\\src\\Illuminate\\Routing\\Router.php(891): Illuminate\\Routing\\Router::toResponse(Object(Illuminate\\Http\\Request), Object(Illuminate\\View\\View))
#9 D:\\development\\CollaborateAgenToC\\AgentC\\vendor\\laravel\\framework\\src\\Illuminate\\Routing\\Router.php(807): Illuminate\\Routing\\Router->prepareResponse(Object(Illuminate\\Http\\Request), Object(Illuminate\\View\\View))
#10 D:\\development\\CollaborateAgenToC\\AgentC\\vendor\\laravel\\framework\\src\\Illuminate\\Pipeline\\Pipeline.php(169): Illuminate\\Routing\\Router->{closure:Illuminate\\Routing\\Router::runRouteWithinStack():807}(Object(Illuminate\\Http\\Request))
#11 D:\\development\\CollaborateAgenToC\\AgentC\\vendor\\laravel\\framework\\src\\Illuminate\\Routing\\Middleware\\SubstituteBindings.php(50): Illuminate\\Pipeline\\Pipeline->{closure:Illuminate\\Pipeline\\Pipeline::prepareDestination():167}(Object(Illuminate\\Http\\Request))
#12 D:\\development\\CollaborateAgenToC\\AgentC\\vendor\\laravel\\framework\\src\\Illuminate\\Pipeline\\Pipeline.php(208): Illuminate\\Routing\\Middleware\\SubstituteBindings->handle(Object(Illuminate\\Http\\Request), Object(Closure))
#13 D:\\development\\CollaborateAgenToC\\AgentC\\vendor\\laravel\\framework\\src\\Illuminate\\Foundation\\Http\\Middleware\\VerifyCsrfToken.php(87): Illuminate\\Pipeline\\Pipeline->{closure:{closure:Illuminate\\Pipeline\\Pipeline::carry():183}:184}(Object(Illuminate\\Http\\Request))
#14 D:\\development\\CollaborateAgenToC\\AgentC\\vendor\\laravel\\framework\\src\\Illuminate\\Pipeline\\Pipeline.php(208): Illuminate\\Foundation\\Http\\Middleware\\VerifyCsrfToken->handle(Object(Illuminate\\Http\\Request), Object(Closure))
#15 D:\\development\\CollaborateAgenToC\\AgentC\\vendor\\laravel\\framework\\src\\Illuminate\\View\\Middleware\\ShareErrorsFromSession.php(48): Illuminate\\Pipeline\\Pipeline->{closure:{closure:Illuminate\\Pipeline\\Pipeline::carry():183}:184}(Object(Illuminate\\Http\\Request))
#16 D:\\development\\CollaborateAgenToC\\AgentC\\vendor\\laravel\\framework\\src\\Illuminate\\Pipeline\\Pipeline.php(208): Illuminate\\View\\Middleware\\ShareErrorsFromSession->handle(Object(Illuminate\\Http\\Request), Object(Closure))
#17 D:\\development\\CollaborateAgenToC\\AgentC\\vendor\\laravel\\framework\\src\\Illuminate\\Session\\Middleware\\StartSession.php(120): Illuminate\\Pipeline\\Pipeline->{closure:{closure:Illuminate\\Pipeline\\Pipeline::carry():183}:184}(Object(Illuminate\\Http\\Request))
#18 D:\\development\\CollaborateAgenToC\\AgentC\\vendor\\laravel\\framework\\src\\Illuminate\\Session\\Middleware\\StartSession.php(63): Illuminate\\Session\\Middleware\\StartSession->handleStatefulRequest(Object(Illuminate\\Http\\Request), Object(Illuminate\\Session\\Store), Object(Closure))
#19 D:\\development\\CollaborateAgenToC\\AgentC\\vendor\\laravel\\framework\\src\\Illuminate\\Pipeline\\Pipeline.php(208): Illuminate\\Session\\Middleware\\StartSession->handle(Object(Illuminate\\Http\\Request), Object(Closure))
#20 D:\\development\\CollaborateAgenToC\\AgentC\\vendor\\laravel\\framework\\src\\Illuminate\\Cookie\\Middleware\\AddQueuedCookiesToResponse.php(36): Illuminate\\Pipeline\\Pipeline->{closure:{closure:Illuminate\\Pipeline\\Pipeline::carry():183}:184}(Object(Illuminate\\Http\\Request))
#21 D:\\development\\CollaborateAgenToC\\AgentC\\vendor\\laravel\\framework\\src\\Illuminate\\Pipeline\\Pipeline.php(208): Illuminate\\Cookie\\Middleware\\AddQueuedCookiesToResponse->handle(Object(Illuminate\\Http\\Request), Object(Closure))
#22 D:\\development\\CollaborateAgenToC\\AgentC\\vendor\\laravel\\framework\\src\\Illuminate\\Cookie\\Middleware\\EncryptCookies.php(74): Illuminate\\Pipeline\\Pipeline->{closure:{closure:Illuminate\\Pipeline\\Pipeline::carry():183}:184}(Object(Illuminate\\Http\\Request))
#23 D:\\development\\CollaborateAgenToC\\AgentC\\vendor\\laravel\\framework\\src\\Illuminate\\Pipeline\\Pipeline.php(208): Illuminate\\Cookie\\Middleware\\EncryptCookies->handle(Object(Illuminate\\Http\\Request), Object(Closure))
#24 D:\\development\\CollaborateAgenToC\\AgentC\\vendor\\laravel\\framework\\src\\Illuminate\\Pipeline\\Pipeline.php(126): Illuminate\\Pipeline\\Pipeline->{closure:{closure:Illuminate\\Pipeline\\Pipeline::carry():183}:184}(Object(Illuminate\\Http\\Request))
#25 D:\\development\\CollaborateAgenToC\\AgentC\\vendor\\laravel\\framework\\src\\Illuminate\\Routing\\Router.php(807): Illuminate\\Pipeline\\Pipeline->then(Object(Closure))
#26 D:\\development\\CollaborateAgenToC\\AgentC\\vendor\\laravel\\framework\\src\\Illuminate\\Routing\\Router.php(786): Illuminate\\Routing\\Router->runRouteWithinStack(Object(Illuminate\\Routing\\Route), Object(Illuminate\\Http\\Request))
#27 D:\\development\\CollaborateAgenToC\\AgentC\\vendor\\laravel\\framework\\src\\Illuminate\\Routing\\Router.php(750): Illuminate\\Routing\\Router->runRoute(Object(Illuminate\\Http\\Request), Object(Illuminate\\Routing\\Route))
#28 D:\\development\\CollaborateAgenToC\\AgentC\\vendor\\laravel\\framework\\src\\Illuminate\\Routing\\Router.php(739): Illuminate\\Routing\\Router->dispatchToRoute(Object(Illuminate\\Http\\Request))
#29 D:\\development\\CollaborateAgenToC\\AgentC\\vendor\\laravel\\framework\\src\\Illuminate\\Foundation\\Http\\Kernel.php(200): Illuminate\\Routing\\Router->dispatch(Object(Illuminate\\Http\\Request))
#30 D:\\development\\CollaborateAgenToC\\AgentC\\vendor\\laravel\\framework\\src\\Illuminate\\Pipeline\\Pipeline.php(169): Illuminate\\Foundation\\Http\\Kernel->{closure:Illuminate\\Foundation\\Http\\Kernel::dispatchToRouter():197}(Object(Illuminate\\Http\\Request))
#31 D:\\development\\CollaborateAgenToC\\AgentC\\vendor\\laravel\\framework\\src\\Illuminate\\Foundation\\Http\\Middleware\\TransformsRequest.php(21): Illuminate\\Pipeline\\Pipeline->{closure:Illuminate\\Pipeline\\Pipeline::prepareDestination():167}(Object(Illuminate\\Http\\Request))
#32 D:\\development\\CollaborateAgenToC\\AgentC\\vendor\\laravel\\framework\\src\\Illuminate\\Foundation\\Http\\Middleware\\ConvertEmptyStringsToNull.php(31): Illuminate\\Foundation\\Http\\Middleware\\TransformsRequest->handle(Object(Illuminate\\Http\\Request), Object(Closure))
#33 D:\\development\\CollaborateAgenToC\\AgentC\\vendor\\laravel\\framework\\src\\Illuminate\\Pipeline\\Pipeline.php(208): Illuminate\\Foundation\\Http\\Middleware\\ConvertEmptyStringsToNull->handle(Object(Illuminate\\Http\\Request), Object(Closure))
#34 D:\\development\\CollaborateAgenToC\\AgentC\\vendor\\laravel\\framework\\src\\Illuminate\\Foundation\\Http\\Middleware\\TransformsRequest.php(21): Illuminate\\Pipeline\\Pipeline->{closure:{closure:Illuminate\\Pipeline\\Pipeline::carry():183}:184}(Object(Illuminate\\Http\\Request))
#35 D:\\development\\CollaborateAgenToC\\AgentC\\vendor\\laravel\\framework\\src\\Illuminate\\Foundation\\Http\\Middleware\\TrimStrings.php(51): Illuminate\\Foundation\\Http\\Middleware\\TransformsRequest->handle(Object(Illuminate\\Http\\Request), Object(Closure))
#36 D:\\development\\CollaborateAgenToC\\AgentC\\vendor\\laravel\\framework\\src\\Illuminate\\Pipeline\\Pipeline.php(208): Illuminate\\Foundation\\Http\\Middleware\\TrimStrings->handle(Object(Illuminate\\Http\\Request), Object(Closure))
#37 D:\\development\\CollaborateAgenToC\\AgentC\\vendor\\laravel\\framework\\src\\Illuminate\\Http\\Middleware\\ValidatePostSize.php(27): Illuminate\\Pipeline\\Pipeline->{closure:{closure:Illuminate\\Pipeline\\Pipeline::carry():183}:184}(Object(Illuminate\\Http\\Request))
#38 D:\\development\\CollaborateAgenToC\\AgentC\\vendor\\laravel\\framework\\src\\Illuminate\\Pipeline\\Pipeline.php(208): Illuminate\\Http\\Middleware\\ValidatePostSize->handle(Object(Illuminate\\Http\\Request), Object(Closure))
#39 D:\\development\\CollaborateAgenToC\\AgentC\\vendor\\laravel\\framework\\src\\Illuminate\\Foundation\\Http\\Middleware\\PreventRequestsDuringMaintenance.php(109): Illuminate\\Pipeline\\Pipeline->{closure:{closure:Illuminate\\Pipeline\\Pipeline::carry():183}:184}(Object(Illuminate\\Http\\Request))
#40 D:\\development\\CollaborateAgenToC\\AgentC\\vendor\\laravel\\framework\\src\\Illuminate\\Pipeline\\Pipeline.php(208): Illuminate\\Foundation\\Http\\Middleware\\PreventRequestsDuringMaintenance->handle(Object(Illuminate\\Http\\Request), Object(Closure))
#41 D:\\development\\CollaborateAgenToC\\AgentC\\vendor\\laravel\\framework\\src\\Illuminate\\Http\\Middleware\\HandleCors.php(48): Illuminate\\Pipeline\\Pipeline->{closure:{closure:Illuminate\\Pipeline\\Pipeline::carry():183}:184}(Object(Illuminate\\Http\\Request))
#42 D:\\development\\CollaborateAgenToC\\AgentC\\vendor\\laravel\\framework\\src\\Illuminate\\Pipeline\\Pipeline.php(208): Illuminate\\Http\\Middleware\\HandleCors->handle(Object(Illuminate\\Http\\Request), Object(Closure))
#43 D:\\development\\CollaborateAgenToC\\AgentC\\vendor\\laravel\\framework\\src\\Illuminate\\Http\\Middleware\\TrustProxies.php(58): Illuminate\\Pipeline\\Pipeline->{closure:{closure:Illuminate\\Pipeline\\Pipeline::carry():183}:184}(Object(Illuminate\\Http\\Request))
#44 D:\\development\\CollaborateAgenToC\\AgentC\\vendor\\laravel\\framework\\src\\Illuminate\\Pipeline\\Pipeline.php(208): Illuminate\\Http\\Middleware\\TrustProxies->handle(Object(Illuminate\\Http\\Request), Object(Closure))
#45 D:\\development\\CollaborateAgenToC\\AgentC\\vendor\\laravel\\framework\\src\\Illuminate\\Foundation\\Http\\Middleware\\InvokeDeferredCallbacks.php(22): Illuminate\\Pipeline\\Pipeline->{closure:{closure:Illuminate\\Pipeline\\Pipeline::carry():183}:184}(Object(Illuminate\\Http\\Request))
#46 D:\\development\\CollaborateAgenToC\\AgentC\\vendor\\laravel\\framework\\src\\Illuminate\\Pipeline\\Pipeline.php(208): Illuminate\\Foundation\\Http\\Middleware\\InvokeDeferredCallbacks->handle(Object(Illuminate\\Http\\Request), Object(Closure))
#47 D:\\development\\CollaborateAgenToC\\AgentC\\vendor\\laravel\\framework\\src\\Illuminate\\Http\\Middleware\\ValidatePathEncoding.php(26): Illuminate\\Pipeline\\Pipeline->{closure:{closure:Illuminate\\Pipeline\\Pipeline::carry():183}:184}(Object(Illuminate\\Http\\Request))
#48 D:\\development\\CollaborateAgenToC\\AgentC\\vendor\\laravel\\framework\\src\\Illuminate\\Pipeline\\Pipeline.php(208): Illuminate\\Http\\Middleware\\ValidatePathEncoding->handle(Object(Illuminate\\Http\\Request), Object(Closure))
#49 D:\\development\\CollaborateAgenToC\\AgentC\\vendor\\laravel\\framework\\src\\Illuminate\\Pipeline\\Pipeline.php(126): Illuminate\\Pipeline\\Pipeline->{closure:{closure:Illuminate\\Pipeline\\Pipeline::carry():183}:184}(Object(Illuminate\\Http\\Request))
#50 D:\\development\\CollaborateAgenToC\\AgentC\\vendor\\laravel\\framework\\src\\Illuminate\\Foundation\\Http\\Kernel.php(175): Illuminate\\Pipeline\\Pipeline->then(Object(Closure))
#51 D:\\development\\CollaborateAgenToC\\AgentC\\vendor\\laravel\\framework\\src\\Illuminate\\Foundation\\Http\\Kernel.php(144): Illuminate\\Foundation\\Http\\Kernel->sendRequestThroughRouter(Object(Illuminate\\Http\\Request))
#52 D:\\development\\CollaborateAgenToC\\AgentC\\vendor\\laravel\\framework\\src\\Illuminate\\Foundation\\Application.php(1219): Illuminate\\Foundation\\Http\\Kernel->handle(Object(Illuminate\\Http\\Request))
#53 D:\\development\\CollaborateAgenToC\\AgentC\\public\\index.php(20): Illuminate\\Foundation\\Application->handleRequest(Object(Illuminate\\Http\\Request))
#54 D:\\development\\CollaborateAgenToC\\AgentC\\vendor\\laravel\\framework\\src\\Illuminate\\Foundation\\resources\\server.php(23): require_once('D:\\\\development\\\\...')
#55 {main}

[previous exception] [object] (ParseError(code: 0): syntax error, unexpected token \":\" at D:\\development\\CollaborateAgenToC\\AgentC\\storage\\framework\\views\\a2c19a32c08e629f139836f12dd716ec.php:118)
[stacktrace]
#0 D:\\development\\CollaborateAgenToC\\AgentC\\vendor\\laravel\\framework\\src\\Illuminate\\Filesystem\\Filesystem.php(124): Illuminate\\Filesystem\\Filesystem::{closure:Illuminate\\Filesystem\\Filesystem::getRequire():120}()
#1 D:\\development\\CollaborateAgenToC\\AgentC\\vendor\\laravel\\framework\\src\\Illuminate\\View\\Engines\\PhpEngine.php(57): Illuminate\\Filesystem\\Filesystem->getRequire('D:\\\\development\\\\...', Array)
#2 D:\\development\\CollaborateAgenToC\\AgentC\\vendor\\laravel\\framework\\src\\Illuminate\\View\\Engines\\CompilerEngine.php(74): Illuminate\\View\\Engines\\PhpEngine->evaluatePath('D:\\\\development\\\\...', Array)
#3 D:\\development\\CollaborateAgenToC\\AgentC\\vendor\\laravel\\framework\\src\\Illuminate\\View\\View.php(208): Illuminate\\View\\Engines\\CompilerEngine->get('D:\\\\development\\\\...', Array)
#4 D:\\development\\CollaborateAgenToC\\AgentC\\vendor\\laravel\\framework\\src\\Illuminate\\View\\View.php(191): Illuminate\\View\\View->getContents()
#5 D:\\development\\CollaborateAgenToC\\AgentC\\vendor\\laravel\\framework\\src\\Illuminate\\View\\View.php(160): Illuminate\\View\\View->renderContents()
#6 D:\\development\\CollaborateAgenToC\\AgentC\\vendor\\laravel\\framework\\src\\Illuminate\\Http\\Response.php(78): Illuminate\\View\\View->render()
#7 D:\\development\\CollaborateAgenToC\\AgentC\\vendor\\laravel\\framework\\src\\Illuminate\\Http\\Response.php(34): Illuminate\\Http\\Response->setContent(Object(Illuminate\\View\\View))
#8 D:\\development\\CollaborateAgenToC\\AgentC\\vendor\\laravel\\framework\\src\\Illuminate\\Routing\\Router.php(924): Illuminate\\Http\\Response->__construct(Object(Illuminate\\View\\View), 200, Array)
#9 D:\\development\\CollaborateAgenToC\\AgentC\\vendor\\laravel\\framework\\src\\Illuminate\\Routing\\Router.php(891): Illuminate\\Routing\\Router::toResponse(Object(Illuminate\\Http\\Request), Object(Illuminate\\View\\View))
#10 D:\\development\\CollaborateAgenToC\\AgentC\\vendor\\laravel\\framework\\src\\Illuminate\\Routing\\Router.php(807): Illuminate\\Routing\\Router->prepareResponse(Object(Illuminate\\Http\\Request), Object(Illuminate\\View\\View))
#11 D:\\development\\CollaborateAgenToC\\AgentC\\vendor\\laravel\\framework\\src\\Illuminate\\Pipeline\\Pipeline.php(169): Illuminate\\Routing\\Router->{closure:Illuminate\\Routing\\Router::runRouteWithinStack():807}(Object(Illuminate\\Http\\Request))
#12 D:\\development\\CollaborateAgenToC\\AgentC\\vendor\\laravel\\framework\\src\\Illuminate\\Routing\\Middleware\\SubstituteBindings.php(50): Illuminate\\Pipeline\\Pipeline->{closure:Illuminate\\Pipeline\\Pipeline::prepareDestination():167}(Object(Illuminate\\Http\\Request))
#13 D:\\development\\CollaborateAgenToC\\AgentC\\vendor\\laravel\\framework\\src\\Illuminate\\Pipeline\\Pipeline.php(208): Illuminate\\Routing\\Middleware\\SubstituteBindings->handle(Object(Illuminate\\Http\\Request), Object(Closure))
#14 D:\\development\\CollaborateAgenToC\\AgentC\\vendor\\laravel\\framework\\src\\Illuminate\\Foundation\\Http\\Middleware\\VerifyCsrfToken.php(87): Illuminate\\Pipeline\\Pipeline->{closure:{closure:Illuminate\\Pipeline\\Pipeline::carry():183}:184}(Object(Illuminate\\Http\\Request))
#15 D:\\development\\CollaborateAgenToC\\AgentC\\vendor\\laravel\\framework\\src\\Illuminate\\Pipeline\\Pipeline.php(208): Illuminate\\Foundation\\Http\\Middleware\\VerifyCsrfToken->handle(Object(Illuminate\\Http\\Request), Object(Closure))
#16 D:\\development\\CollaborateAgenToC\\AgentC\\vendor\\laravel\\framework\\src\\Illuminate\\View\\Middleware\\ShareErrorsFromSession.php(48): Illuminate\\Pipeline\\Pipeline->{closure:{closure:Illuminate\\Pipeline\\Pipeline::carry():183}:184}(Object(Illuminate\\Http\\Request))
#17 D:\\development\\CollaborateAgenToC\\AgentC\\vendor\\laravel\\framework\\src\\Illuminate\\Pipeline\\Pipeline.php(208): Illuminate\\View\\Middleware\\ShareErrorsFromSession->handle(Object(Illuminate\\Http\\Request), Object(Closure))
#18 D:\\development\\CollaborateAgenToC\\AgentC\\vendor\\laravel\\framework\\src\\Illuminate\\Session\\Middleware\\StartSession.php(120): Illuminate\\Pipeline\\Pipeline->{closure:{closure:Illuminate\\Pipeline\\Pipeline::carry():183}:184}(Object(Illuminate\\Http\\Request))
#19 D:\\development\\CollaborateAgenToC\\AgentC\\vendor\\laravel\\framework\\src\\Illuminate\\Session\\Middleware\\StartSession.php(63): Illuminate\\Session\\Middleware\\StartSession->handleStatefulRequest(Object(Illuminate\\Http\\Request), Object(Illuminate\\Session\\Store), Object(Closure))
#20 D:\\development\\CollaborateAgenToC\\AgentC\\vendor\\laravel\\framework\\src\\Illuminate\\Pipeline\\Pipeline.php(208): Illuminate\\Session\\Middleware\\StartSession->handle(Object(Illuminate\\Http\\Request), Object(Closure))
#21 D:\\development\\CollaborateAgenToC\\AgentC\\vendor\\laravel\\framework\\src\\Illuminate\\Cookie\\Middleware\\AddQueuedCookiesToResponse.php(36): Illuminate\\Pipeline\\Pipeline->{closure:{closure:Illuminate\\Pipeline\\Pipeline::carry():183}:184}(Object(Illuminate\\Http\\Request))
#22 D:\\development\\CollaborateAgenToC\\AgentC\\vendor\\laravel\\framework\\src\\Illuminate\\Pipeline\\Pipeline.php(208): Illuminate\\Cookie\\Middleware\\AddQueuedCookiesToResponse->handle(Object(Illuminate\\Http\\Request), Object(Closure))
#23 D:\\development\\CollaborateAgenToC\\AgentC\\vendor\\laravel\\framework\\src\\Illuminate\\Cookie\\Middleware\\EncryptCookies.php(74): Illuminate\\Pipeline\\Pipeline->{closure:{closure:Illuminate\\Pipeline\\Pipeline::carry():183}:184}(Object(Illuminate\\Http\\Request))
#24 D:\\development\\CollaborateAgenToC\\AgentC\\vendor\\laravel\\framework\\src\\Illuminate\\Pipeline\\Pipeline.php(208): Illuminate\\Cookie\\Middleware\\EncryptCookies->handle(Object(Illuminate\\Http\\Request), Object(Closure))
#25 D:\\development\\CollaborateAgenToC\\AgentC\\vendor\\laravel\\framework\\src\\Illuminate\\Pipeline\\Pipeline.php(126): Illuminate\\Pipeline\\Pipeline->{closure:{closure:Illuminate\\Pipeline\\Pipeline::carry():183}:184}(Object(Illuminate\\Http\\Request))
#26 D:\\development\\CollaborateAgenToC\\AgentC\\vendor\\laravel\\framework\\src\\Illuminate\\Routing\\Router.php(807): Illuminate\\Pipeline\\Pipeline->then(Object(Closure))
#27 D:\\development\\CollaborateAgenToC\\AgentC\\vendor\\laravel\\framework\\src\\Illuminate\\Routing\\Router.php(786): Illuminate\\Routing\\Router->runRouteWithinStack(Object(Illuminate\\Routing\\Route), Object(Illuminate\\Http\\Request))
#28 D:\\development\\CollaborateAgenToC\\AgentC\\vendor\\laravel\\framework\\src\\Illuminate\\Routing\\Router.php(750): Illuminate\\Routing\\Router->runRoute(Object(Illuminate\\Http\\Request), Object(Illuminate\\Routing\\Route))
#29 D:\\development\\CollaborateAgenToC\\AgentC\\vendor\\laravel\\framework\\src\\Illuminate\\Routing\\Router.php(739): Illuminate\\Routing\\Router->dispatchToRoute(Object(Illuminate\\Http\\Request))
#30 D:\\development\\CollaborateAgenToC\\AgentC\\vendor\\laravel\\framework\\src\\Illuminate\\Foundation\\Http\\Kernel.php(200): Illuminate\\Routing\\Router->dispatch(Object(Illuminate\\Http\\Request))
#31 D:\\development\\CollaborateAgenToC\\AgentC\\vendor\\laravel\\framework\\src\\Illuminate\\Pipeline\\Pipeline.php(169): Illuminate\\Foundation\\Http\\Kernel->{closure:Illuminate\\Foundation\\Http\\Kernel::dispatchToRouter():197}(Object(Illuminate\\Http\\Request))
#32 D:\\development\\CollaborateAgenToC\\AgentC\\vendor\\laravel\\framework\\src\\Illuminate\\Foundation\\Http\\Middleware\\TransformsRequest.php(21): Illuminate\\Pipeline\\Pipeline->{closure:Illuminate\\Pipeline\\Pipeline::prepareDestination():167}(Object(Illuminate\\Http\\Request))
#33 D:\\development\\CollaborateAgenToC\\AgentC\\vendor\\laravel\\framework\\src\\Illuminate\\Foundation\\Http\\Middleware\\ConvertEmptyStringsToNull.php(31): Illuminate\\Foundation\\Http\\Middleware\\TransformsRequest->handle(Object(Illuminate\\Http\\Request), Object(Closure))
#34 D:\\development\\CollaborateAgenToC\\AgentC\\vendor\\laravel\\framework\\src\\Illuminate\\Pipeline\\Pipeline.php(208): Illuminate\\Foundation\\Http\\Middleware\\ConvertEmptyStringsToNull->handle(Object(Illuminate\\Http\\Request), Object(Closure))
#35 D:\\development\\CollaborateAgenToC\\AgentC\\vendor\\laravel\\framework\\src\\Illuminate\\Foundation\\Http\\Middleware\\TransformsRequest.php(21): Illuminate\\Pipeline\\Pipeline->{closure:{closure:Illuminate\\Pipeline\\Pipeline::carry():183}:184}(Object(Illuminate\\Http\\Request))
#36 D:\\development\\CollaborateAgenToC\\AgentC\\vendor\\laravel\\framework\\src\\Illuminate\\Foundation\\Http\\Middleware\\TrimStrings.php(51): Illuminate\\Foundation\\Http\\Middleware\\TransformsRequest->handle(Object(Illuminate\\Http\\Request), Object(Closure))
#37 D:\\development\\CollaborateAgenToC\\AgentC\\vendor\\laravel\\framework\\src\\Illuminate\\Pipeline\\Pipeline.php(208): Illuminate\\Foundation\\Http\\Middleware\\TrimStrings->handle(Object(Illuminate\\Http\\Request), Object(Closure))
#38 D:\\development\\CollaborateAgenToC\\AgentC\\vendor\\laravel\\framework\\src\\Illuminate\\Http\\Middleware\\ValidatePostSize.php(27): Illuminate\\Pipeline\\Pipeline->{closure:{closure:Illuminate\\Pipeline\\Pipeline::carry():183}:184}(Object(Illuminate\\Http\\Request))
#39 D:\\development\\CollaborateAgenToC\\AgentC\\vendor\\laravel\\framework\\src\\Illuminate\\Pipeline\\Pipeline.php(208): Illuminate\\Http\\Middleware\\ValidatePostSize->handle(Object(Illuminate\\Http\\Request), Object(Closure))
#40 D:\\development\\CollaborateAgenToC\\AgentC\\vendor\\laravel\\framework\\src\\Illuminate\\Foundation\\Http\\Middleware\\PreventRequestsDuringMaintenance.php(109): Illuminate\\Pipeline\\Pipeline->{closure:{closure:Illuminate\\Pipeline\\Pipeline::carry():183}:184}(Object(Illuminate\\Http\\Request))
#41 D:\\development\\CollaborateAgenToC\\AgentC\\vendor\\laravel\\framework\\src\\Illuminate\\Pipeline\\Pipeline.php(208): Illuminate\\Foundation\\Http\\Middleware\\PreventRequestsDuringMaintenance->handle(Object(Illuminate\\Http\\Request), Object(Closure))
#42 D:\\development\\CollaborateAgenToC\\AgentC\\vendor\\laravel\\framework\\src\\Illuminate\\Http\\Middleware\\HandleCors.php(48): Illuminate\\Pipeline\\Pipeline->{closure:{closure:Illuminate\\Pipeline\\Pipeline::carry():183}:184}(Object(Illuminate\\Http\\Request))
#43 D:\\development\\CollaborateAgenToC\\AgentC\\vendor\\laravel\\framework\\src\\Illuminate\\Pipeline\\Pipeline.php(208): Illuminate\\Http\\Middleware\\HandleCors->handle(Object(Illuminate\\Http\\Request), Object(Closure))
#44 D:\\development\\CollaborateAgenToC\\AgentC\\vendor\\laravel\\framework\\src\\Illuminate\\Http\\Middleware\\TrustProxies.php(58): Illuminate\\Pipeline\\Pipeline->{closure:{closure:Illuminate\\Pipeline\\Pipeline::carry():183}:184}(Object(Illuminate\\Http\\Request))
#45 D:\\development\\CollaborateAgenToC\\AgentC\\vendor\\laravel\\framework\\src\\Illuminate\\Pipeline\\Pipeline.php(208): Illuminate\\Http\\Middleware\\TrustProxies->handle(Object(Illuminate\\Http\\Request), Object(Closure))
#46 D:\\development\\CollaborateAgenToC\\AgentC\\vendor\\laravel\\framework\\src\\Illuminate\\Foundation\\Http\\Middleware\\InvokeDeferredCallbacks.php(22): Illuminate\\Pipeline\\Pipeline->{closure:{closure:Illuminate\\Pipeline\\Pipeline::carry():183}:184}(Object(Illuminate\\Http\\Request))
#47 D:\\development\\CollaborateAgenToC\\AgentC\\vendor\\laravel\\framework\\src\\Illuminate\\Pipeline\\Pipeline.php(208): Illuminate\\Foundation\\Http\\Middleware\\InvokeDeferredCallbacks->handle(Object(Illuminate\\Http\\Request), Object(Closure))
#48 D:\\development\\CollaborateAgenToC\\AgentC\\vendor\\laravel\\framework\\src\\Illuminate\\Http\\Middleware\\ValidatePathEncoding.php(26): Illuminate\\Pipeline\\Pipeline->{closure:{closure:Illuminate\\Pipeline\\Pipeline::carry():183}:184}(Object(Illuminate\\Http\\Request))
#49 D:\\development\\CollaborateAgenToC\\AgentC\\vendor\\laravel\\framework\\src\\Illuminate\\Pipeline\\Pipeline.php(208): Illuminate\\Http\\Middleware\\ValidatePathEncoding->handle(Object(Illuminate\\Http\\Request), Object(Closure))
#50 D:\\development\\CollaborateAgenToC\\AgentC\\vendor\\laravel\\framework\\src\\Illuminate\\Pipeline\\Pipeline.php(126): Illuminate\\Pipeline\\Pipeline->{closure:{closure:Illuminate\\Pipeline\\Pipeline::carry():183}:184}(Object(Illuminate\\Http\\Request))
#51 D:\\development\\CollaborateAgenToC\\AgentC\\vendor\\laravel\\framework\\src\\Illuminate\\Foundation\\Http\\Kernel.php(175): Illuminate\\Pipeline\\Pipeline->then(Object(Closure))
#52 D:\\development\\CollaborateAgenToC\\AgentC\\vendor\\laravel\\framework\\src\\Illuminate\\Foundation\\Http\\Kernel.php(144): Illuminate\\Foundation\\Http\\Kernel->sendRequestThroughRouter(Object(Illuminate\\Http\\Request))
#53 D:\\development\\CollaborateAgenToC\\AgentC\\vendor\\laravel\\framework\\src\\Illuminate\\Foundation\\Application.php(1219): Illuminate\\Foundation\\Http\\Kernel->handle(Object(Illuminate\\Http\\Request))
#54 D:\\development\\CollaborateAgenToC\\AgentC\\public\\index.php(20): Illuminate\\Foundation\\Application->handleRequest(Object(Illuminate\\Http\\Request))
#55 D:\\development\\CollaborateAgenToC\\AgentC\\vendor\\laravel\\framework\\src\\Illuminate\\Foundation\\resources\\server.php(23): require_once('D:\\\\development\\\\...')
#56 {main}
"} 
[2025-08-29 14:49:27] Development.ERROR: Attempt to read property "product_name" on null (View: D:\development\CollaborateAgenToC\AgentC\resources\views\transaction\receipt.blade.php) {"exception":"[object] (Illuminate\\View\\ViewException(code: 0): Attempt to read property \"product_name\" on null (View: D:\\development\\CollaborateAgenToC\\AgentC\\resources\\views\\transaction\\receipt.blade.php) at D:\\development\\CollaborateAgenToC\\AgentC\\storage\\framework\\views\\a2c19a32c08e629f139836f12dd716ec.php:124)
[stacktrace]
#0 D:\\development\\CollaborateAgenToC\\AgentC\\vendor\\laravel\\framework\\src\\Illuminate\\View\\Engines\\PhpEngine.php(59): Illuminate\\View\\Engines\\CompilerEngine->handleViewException(Object(ErrorException), 0)
#1 D:\\development\\CollaborateAgenToC\\AgentC\\vendor\\laravel\\framework\\src\\Illuminate\\View\\Engines\\CompilerEngine.php(74): Illuminate\\View\\Engines\\PhpEngine->evaluatePath('D:\\\\development\\\\...', Array)
#2 D:\\development\\CollaborateAgenToC\\AgentC\\vendor\\laravel\\framework\\src\\Illuminate\\View\\View.php(208): Illuminate\\View\\Engines\\CompilerEngine->get('D:\\\\development\\\\...', Array)
#3 D:\\development\\CollaborateAgenToC\\AgentC\\vendor\\laravel\\framework\\src\\Illuminate\\View\\View.php(191): Illuminate\\View\\View->getContents()
#4 D:\\development\\CollaborateAgenToC\\AgentC\\vendor\\laravel\\framework\\src\\Illuminate\\View\\View.php(160): Illuminate\\View\\View->renderContents()
#5 D:\\development\\CollaborateAgenToC\\AgentC\\vendor\\laravel\\framework\\src\\Illuminate\\Http\\Response.php(78): Illuminate\\View\\View->render()
#6 D:\\development\\CollaborateAgenToC\\AgentC\\vendor\\laravel\\framework\\src\\Illuminate\\Http\\Response.php(34): Illuminate\\Http\\Response->setContent(Object(Illuminate\\View\\View))
#7 D:\\development\\CollaborateAgenToC\\AgentC\\vendor\\laravel\\framework\\src\\Illuminate\\Routing\\Router.php(924): Illuminate\\Http\\Response->__construct(Object(Illuminate\\View\\View), 200, Array)
#8 D:\\development\\CollaborateAgenToC\\AgentC\\vendor\\laravel\\framework\\src\\Illuminate\\Routing\\Router.php(891): Illuminate\\Routing\\Router::toResponse(Object(Illuminate\\Http\\Request), Object(Illuminate\\View\\View))
#9 D:\\development\\CollaborateAgenToC\\AgentC\\vendor\\laravel\\framework\\src\\Illuminate\\Routing\\Router.php(807): Illuminate\\Routing\\Router->prepareResponse(Object(Illuminate\\Http\\Request), Object(Illuminate\\View\\View))
#10 D:\\development\\CollaborateAgenToC\\AgentC\\vendor\\laravel\\framework\\src\\Illuminate\\Pipeline\\Pipeline.php(169): Illuminate\\Routing\\Router->{closure:Illuminate\\Routing\\Router::runRouteWithinStack():807}(Object(Illuminate\\Http\\Request))
#11 D:\\development\\CollaborateAgenToC\\AgentC\\vendor\\laravel\\framework\\src\\Illuminate\\Routing\\Middleware\\SubstituteBindings.php(50): Illuminate\\Pipeline\\Pipeline->{closure:Illuminate\\Pipeline\\Pipeline::prepareDestination():167}(Object(Illuminate\\Http\\Request))
#12 D:\\development\\CollaborateAgenToC\\AgentC\\vendor\\laravel\\framework\\src\\Illuminate\\Pipeline\\Pipeline.php(208): Illuminate\\Routing\\Middleware\\SubstituteBindings->handle(Object(Illuminate\\Http\\Request), Object(Closure))
#13 D:\\development\\CollaborateAgenToC\\AgentC\\vendor\\laravel\\framework\\src\\Illuminate\\Foundation\\Http\\Middleware\\VerifyCsrfToken.php(87): Illuminate\\Pipeline\\Pipeline->{closure:{closure:Illuminate\\Pipeline\\Pipeline::carry():183}:184}(Object(Illuminate\\Http\\Request))
#14 D:\\development\\CollaborateAgenToC\\AgentC\\vendor\\laravel\\framework\\src\\Illuminate\\Pipeline\\Pipeline.php(208): Illuminate\\Foundation\\Http\\Middleware\\VerifyCsrfToken->handle(Object(Illuminate\\Http\\Request), Object(Closure))
#15 D:\\development\\CollaborateAgenToC\\AgentC\\vendor\\laravel\\framework\\src\\Illuminate\\View\\Middleware\\ShareErrorsFromSession.php(48): Illuminate\\Pipeline\\Pipeline->{closure:{closure:Illuminate\\Pipeline\\Pipeline::carry():183}:184}(Object(Illuminate\\Http\\Request))
#16 D:\\development\\CollaborateAgenToC\\AgentC\\vendor\\laravel\\framework\\src\\Illuminate\\Pipeline\\Pipeline.php(208): Illuminate\\View\\Middleware\\ShareErrorsFromSession->handle(Object(Illuminate\\Http\\Request), Object(Closure))
#17 D:\\development\\CollaborateAgenToC\\AgentC\\vendor\\laravel\\framework\\src\\Illuminate\\Session\\Middleware\\StartSession.php(120): Illuminate\\Pipeline\\Pipeline->{closure:{closure:Illuminate\\Pipeline\\Pipeline::carry():183}:184}(Object(Illuminate\\Http\\Request))
#18 D:\\development\\CollaborateAgenToC\\AgentC\\vendor\\laravel\\framework\\src\\Illuminate\\Session\\Middleware\\StartSession.php(63): Illuminate\\Session\\Middleware\\StartSession->handleStatefulRequest(Object(Illuminate\\Http\\Request), Object(Illuminate\\Session\\Store), Object(Closure))
#19 D:\\development\\CollaborateAgenToC\\AgentC\\vendor\\laravel\\framework\\src\\Illuminate\\Pipeline\\Pipeline.php(208): Illuminate\\Session\\Middleware\\StartSession->handle(Object(Illuminate\\Http\\Request), Object(Closure))
#20 D:\\development\\CollaborateAgenToC\\AgentC\\vendor\\laravel\\framework\\src\\Illuminate\\Cookie\\Middleware\\AddQueuedCookiesToResponse.php(36): Illuminate\\Pipeline\\Pipeline->{closure:{closure:Illuminate\\Pipeline\\Pipeline::carry():183}:184}(Object(Illuminate\\Http\\Request))
#21 D:\\development\\CollaborateAgenToC\\AgentC\\vendor\\laravel\\framework\\src\\Illuminate\\Pipeline\\Pipeline.php(208): Illuminate\\Cookie\\Middleware\\AddQueuedCookiesToResponse->handle(Object(Illuminate\\Http\\Request), Object(Closure))
#22 D:\\development\\CollaborateAgenToC\\AgentC\\vendor\\laravel\\framework\\src\\Illuminate\\Cookie\\Middleware\\EncryptCookies.php(74): Illuminate\\Pipeline\\Pipeline->{closure:{closure:Illuminate\\Pipeline\\Pipeline::carry():183}:184}(Object(Illuminate\\Http\\Request))
#23 D:\\development\\CollaborateAgenToC\\AgentC\\vendor\\laravel\\framework\\src\\Illuminate\\Pipeline\\Pipeline.php(208): Illuminate\\Cookie\\Middleware\\EncryptCookies->handle(Object(Illuminate\\Http\\Request), Object(Closure))
#24 D:\\development\\CollaborateAgenToC\\AgentC\\vendor\\laravel\\framework\\src\\Illuminate\\Pipeline\\Pipeline.php(126): Illuminate\\Pipeline\\Pipeline->{closure:{closure:Illuminate\\Pipeline\\Pipeline::carry():183}:184}(Object(Illuminate\\Http\\Request))
#25 D:\\development\\CollaborateAgenToC\\AgentC\\vendor\\laravel\\framework\\src\\Illuminate\\Routing\\Router.php(807): Illuminate\\Pipeline\\Pipeline->then(Object(Closure))
#26 D:\\development\\CollaborateAgenToC\\AgentC\\vendor\\laravel\\framework\\src\\Illuminate\\Routing\\Router.php(786): Illuminate\\Routing\\Router->runRouteWithinStack(Object(Illuminate\\Routing\\Route), Object(Illuminate\\Http\\Request))
#27 D:\\development\\CollaborateAgenToC\\AgentC\\vendor\\laravel\\framework\\src\\Illuminate\\Routing\\Router.php(750): Illuminate\\Routing\\Router->runRoute(Object(Illuminate\\Http\\Request), Object(Illuminate\\Routing\\Route))
#28 D:\\development\\CollaborateAgenToC\\AgentC\\vendor\\laravel\\framework\\src\\Illuminate\\Routing\\Router.php(739): Illuminate\\Routing\\Router->dispatchToRoute(Object(Illuminate\\Http\\Request))
#29 D:\\development\\CollaborateAgenToC\\AgentC\\vendor\\laravel\\framework\\src\\Illuminate\\Foundation\\Http\\Kernel.php(200): Illuminate\\Routing\\Router->dispatch(Object(Illuminate\\Http\\Request))
#30 D:\\development\\CollaborateAgenToC\\AgentC\\vendor\\laravel\\framework\\src\\Illuminate\\Pipeline\\Pipeline.php(169): Illuminate\\Foundation\\Http\\Kernel->{closure:Illuminate\\Foundation\\Http\\Kernel::dispatchToRouter():197}(Object(Illuminate\\Http\\Request))
#31 D:\\development\\CollaborateAgenToC\\AgentC\\vendor\\laravel\\framework\\src\\Illuminate\\Foundation\\Http\\Middleware\\TransformsRequest.php(21): Illuminate\\Pipeline\\Pipeline->{closure:Illuminate\\Pipeline\\Pipeline::prepareDestination():167}(Object(Illuminate\\Http\\Request))
#32 D:\\development\\CollaborateAgenToC\\AgentC\\vendor\\laravel\\framework\\src\\Illuminate\\Foundation\\Http\\Middleware\\ConvertEmptyStringsToNull.php(31): Illuminate\\Foundation\\Http\\Middleware\\TransformsRequest->handle(Object(Illuminate\\Http\\Request), Object(Closure))
#33 D:\\development\\CollaborateAgenToC\\AgentC\\vendor\\laravel\\framework\\src\\Illuminate\\Pipeline\\Pipeline.php(208): Illuminate\\Foundation\\Http\\Middleware\\ConvertEmptyStringsToNull->handle(Object(Illuminate\\Http\\Request), Object(Closure))
#34 D:\\development\\CollaborateAgenToC\\AgentC\\vendor\\laravel\\framework\\src\\Illuminate\\Foundation\\Http\\Middleware\\TransformsRequest.php(21): Illuminate\\Pipeline\\Pipeline->{closure:{closure:Illuminate\\Pipeline\\Pipeline::carry():183}:184}(Object(Illuminate\\Http\\Request))
#35 D:\\development\\CollaborateAgenToC\\AgentC\\vendor\\laravel\\framework\\src\\Illuminate\\Foundation\\Http\\Middleware\\TrimStrings.php(51): Illuminate\\Foundation\\Http\\Middleware\\TransformsRequest->handle(Object(Illuminate\\Http\\Request), Object(Closure))
#36 D:\\development\\CollaborateAgenToC\\AgentC\\vendor\\laravel\\framework\\src\\Illuminate\\Pipeline\\Pipeline.php(208): Illuminate\\Foundation\\Http\\Middleware\\TrimStrings->handle(Object(Illuminate\\Http\\Request), Object(Closure))
#37 D:\\development\\CollaborateAgenToC\\AgentC\\vendor\\laravel\\framework\\src\\Illuminate\\Http\\Middleware\\ValidatePostSize.php(27): Illuminate\\Pipeline\\Pipeline->{closure:{closure:Illuminate\\Pipeline\\Pipeline::carry():183}:184}(Object(Illuminate\\Http\\Request))
#38 D:\\development\\CollaborateAgenToC\\AgentC\\vendor\\laravel\\framework\\src\\Illuminate\\Pipeline\\Pipeline.php(208): Illuminate\\Http\\Middleware\\ValidatePostSize->handle(Object(Illuminate\\Http\\Request), Object(Closure))
#39 D:\\development\\CollaborateAgenToC\\AgentC\\vendor\\laravel\\framework\\src\\Illuminate\\Foundation\\Http\\Middleware\\PreventRequestsDuringMaintenance.php(109): Illuminate\\Pipeline\\Pipeline->{closure:{closure:Illuminate\\Pipeline\\Pipeline::carry():183}:184}(Object(Illuminate\\Http\\Request))
#40 D:\\development\\CollaborateAgenToC\\AgentC\\vendor\\laravel\\framework\\src\\Illuminate\\Pipeline\\Pipeline.php(208): Illuminate\\Foundation\\Http\\Middleware\\PreventRequestsDuringMaintenance->handle(Object(Illuminate\\Http\\Request), Object(Closure))
#41 D:\\development\\CollaborateAgenToC\\AgentC\\vendor\\laravel\\framework\\src\\Illuminate\\Http\\Middleware\\HandleCors.php(48): Illuminate\\Pipeline\\Pipeline->{closure:{closure:Illuminate\\Pipeline\\Pipeline::carry():183}:184}(Object(Illuminate\\Http\\Request))
#42 D:\\development\\CollaborateAgenToC\\AgentC\\vendor\\laravel\\framework\\src\\Illuminate\\Pipeline\\Pipeline.php(208): Illuminate\\Http\\Middleware\\HandleCors->handle(Object(Illuminate\\Http\\Request), Object(Closure))
#43 D:\\development\\CollaborateAgenToC\\AgentC\\vendor\\laravel\\framework\\src\\Illuminate\\Http\\Middleware\\TrustProxies.php(58): Illuminate\\Pipeline\\Pipeline->{closure:{closure:Illuminate\\Pipeline\\Pipeline::carry():183}:184}(Object(Illuminate\\Http\\Request))
#44 D:\\development\\CollaborateAgenToC\\AgentC\\vendor\\laravel\\framework\\src\\Illuminate\\Pipeline\\Pipeline.php(208): Illuminate\\Http\\Middleware\\TrustProxies->handle(Object(Illuminate\\Http\\Request), Object(Closure))
#45 D:\\development\\CollaborateAgenToC\\AgentC\\vendor\\laravel\\framework\\src\\Illuminate\\Foundation\\Http\\Middleware\\InvokeDeferredCallbacks.php(22): Illuminate\\Pipeline\\Pipeline->{closure:{closure:Illuminate\\Pipeline\\Pipeline::carry():183}:184}(Object(Illuminate\\Http\\Request))
#46 D:\\development\\CollaborateAgenToC\\AgentC\\vendor\\laravel\\framework\\src\\Illuminate\\Pipeline\\Pipeline.php(208): Illuminate\\Foundation\\Http\\Middleware\\InvokeDeferredCallbacks->handle(Object(Illuminate\\Http\\Request), Object(Closure))
#47 D:\\development\\CollaborateAgenToC\\AgentC\\vendor\\laravel\\framework\\src\\Illuminate\\Http\\Middleware\\ValidatePathEncoding.php(26): Illuminate\\Pipeline\\Pipeline->{closure:{closure:Illuminate\\Pipeline\\Pipeline::carry():183}:184}(Object(Illuminate\\Http\\Request))
#48 D:\\development\\CollaborateAgenToC\\AgentC\\vendor\\laravel\\framework\\src\\Illuminate\\Pipeline\\Pipeline.php(208): Illuminate\\Http\\Middleware\\ValidatePathEncoding->handle(Object(Illuminate\\Http\\Request), Object(Closure))
#49 D:\\development\\CollaborateAgenToC\\AgentC\\vendor\\laravel\\framework\\src\\Illuminate\\Pipeline\\Pipeline.php(126): Illuminate\\Pipeline\\Pipeline->{closure:{closure:Illuminate\\Pipeline\\Pipeline::carry():183}:184}(Object(Illuminate\\Http\\Request))
#50 D:\\development\\CollaborateAgenToC\\AgentC\\vendor\\laravel\\framework\\src\\Illuminate\\Foundation\\Http\\Kernel.php(175): Illuminate\\Pipeline\\Pipeline->then(Object(Closure))
#51 D:\\development\\CollaborateAgenToC\\AgentC\\vendor\\laravel\\framework\\src\\Illuminate\\Foundation\\Http\\Kernel.php(144): Illuminate\\Foundation\\Http\\Kernel->sendRequestThroughRouter(Object(Illuminate\\Http\\Request))
#52 D:\\development\\CollaborateAgenToC\\AgentC\\vendor\\laravel\\framework\\src\\Illuminate\\Foundation\\Application.php(1219): Illuminate\\Foundation\\Http\\Kernel->handle(Object(Illuminate\\Http\\Request))
#53 D:\\development\\CollaborateAgenToC\\AgentC\\public\\index.php(20): Illuminate\\Foundation\\Application->handleRequest(Object(Illuminate\\Http\\Request))
#54 D:\\development\\CollaborateAgenToC\\AgentC\\vendor\\laravel\\framework\\src\\Illuminate\\Foundation\\resources\\server.php(23): require_once('D:\\\\development\\\\...')
#55 {main}

[previous exception] [object] (ErrorException(code: 0): Attempt to read property \"product_name\" on null at D:\\development\\CollaborateAgenToC\\AgentC\\storage\\framework\\views\\a2c19a32c08e629f139836f12dd716ec.php:124)
[stacktrace]
#0 D:\\development\\CollaborateAgenToC\\AgentC\\vendor\\laravel\\framework\\src\\Illuminate\\Foundation\\Bootstrap\\HandleExceptions.php(256): Illuminate\\Foundation\\Bootstrap\\HandleExceptions->handleError(2, 'Attempt to read...', 'D:\\\\development\\\\...', 124)
#1 D:\\development\\CollaborateAgenToC\\AgentC\\storage\\framework\\views\\a2c19a32c08e629f139836f12dd716ec.php(124): Illuminate\\Foundation\\Bootstrap\\HandleExceptions->{closure:Illuminate\\Foundation\\Bootstrap\\HandleExceptions::forwardsTo():255}(2, 'Attempt to read...', 'D:\\\\development\\\\...', 124)
#2 D:\\development\\CollaborateAgenToC\\AgentC\\vendor\\laravel\\framework\\src\\Illuminate\\Filesystem\\Filesystem.php(123): require('D:\\\\development\\\\...')
#3 D:\\development\\CollaborateAgenToC\\AgentC\\vendor\\laravel\\framework\\src\\Illuminate\\Filesystem\\Filesystem.php(124): Illuminate\\Filesystem\\Filesystem::{closure:Illuminate\\Filesystem\\Filesystem::getRequire():120}()
#4 D:\\development\\CollaborateAgenToC\\AgentC\\vendor\\laravel\\framework\\src\\Illuminate\\View\\Engines\\PhpEngine.php(57): Illuminate\\Filesystem\\Filesystem->getRequire('D:\\\\development\\\\...', Array)
#5 D:\\development\\CollaborateAgenToC\\AgentC\\vendor\\laravel\\framework\\src\\Illuminate\\View\\Engines\\CompilerEngine.php(74): Illuminate\\View\\Engines\\PhpEngine->evaluatePath('D:\\\\development\\\\...', Array)
#6 D:\\development\\CollaborateAgenToC\\AgentC\\vendor\\laravel\\framework\\src\\Illuminate\\View\\View.php(208): Illuminate\\View\\Engines\\CompilerEngine->get('D:\\\\development\\\\...', Array)
#7 D:\\development\\CollaborateAgenToC\\AgentC\\vendor\\laravel\\framework\\src\\Illuminate\\View\\View.php(191): Illuminate\\View\\View->getContents()
#8 D:\\development\\CollaborateAgenToC\\AgentC\\vendor\\laravel\\framework\\src\\Illuminate\\View\\View.php(160): Illuminate\\View\\View->renderContents()
#9 D:\\development\\CollaborateAgenToC\\AgentC\\vendor\\laravel\\framework\\src\\Illuminate\\Http\\Response.php(78): Illuminate\\View\\View->render()
#10 D:\\development\\CollaborateAgenToC\\AgentC\\vendor\\laravel\\framework\\src\\Illuminate\\Http\\Response.php(34): Illuminate\\Http\\Response->setContent(Object(Illuminate\\View\\View))
#11 D:\\development\\CollaborateAgenToC\\AgentC\\vendor\\laravel\\framework\\src\\Illuminate\\Routing\\Router.php(924): Illuminate\\Http\\Response->__construct(Object(Illuminate\\View\\View), 200, Array)
#12 D:\\development\\CollaborateAgenToC\\AgentC\\vendor\\laravel\\framework\\src\\Illuminate\\Routing\\Router.php(891): Illuminate\\Routing\\Router::toResponse(Object(Illuminate\\Http\\Request), Object(Illuminate\\View\\View))
#13 D:\\development\\CollaborateAgenToC\\AgentC\\vendor\\laravel\\framework\\src\\Illuminate\\Routing\\Router.php(807): Illuminate\\Routing\\Router->prepareResponse(Object(Illuminate\\Http\\Request), Object(Illuminate\\View\\View))
#14 D:\\development\\CollaborateAgenToC\\AgentC\\vendor\\laravel\\framework\\src\\Illuminate\\Pipeline\\Pipeline.php(169): Illuminate\\Routing\\Router->{closure:Illuminate\\Routing\\Router::runRouteWithinStack():807}(Object(Illuminate\\Http\\Request))
#15 D:\\development\\CollaborateAgenToC\\AgentC\\vendor\\laravel\\framework\\src\\Illuminate\\Routing\\Middleware\\SubstituteBindings.php(50): Illuminate\\Pipeline\\Pipeline->{closure:Illuminate\\Pipeline\\Pipeline::prepareDestination():167}(Object(Illuminate\\Http\\Request))
#16 D:\\development\\CollaborateAgenToC\\AgentC\\vendor\\laravel\\framework\\src\\Illuminate\\Pipeline\\Pipeline.php(208): Illuminate\\Routing\\Middleware\\SubstituteBindings->handle(Object(Illuminate\\Http\\Request), Object(Closure))
#17 D:\\development\\CollaborateAgenToC\\AgentC\\vendor\\laravel\\framework\\src\\Illuminate\\Foundation\\Http\\Middleware\\VerifyCsrfToken.php(87): Illuminate\\Pipeline\\Pipeline->{closure:{closure:Illuminate\\Pipeline\\Pipeline::carry():183}:184}(Object(Illuminate\\Http\\Request))
#18 D:\\development\\CollaborateAgenToC\\AgentC\\vendor\\laravel\\framework\\src\\Illuminate\\Pipeline\\Pipeline.php(208): Illuminate\\Foundation\\Http\\Middleware\\VerifyCsrfToken->handle(Object(Illuminate\\Http\\Request), Object(Closure))
#19 D:\\development\\CollaborateAgenToC\\AgentC\\vendor\\laravel\\framework\\src\\Illuminate\\View\\Middleware\\ShareErrorsFromSession.php(48): Illuminate\\Pipeline\\Pipeline->{closure:{closure:Illuminate\\Pipeline\\Pipeline::carry():183}:184}(Object(Illuminate\\Http\\Request))
#20 D:\\development\\CollaborateAgenToC\\AgentC\\vendor\\laravel\\framework\\src\\Illuminate\\Pipeline\\Pipeline.php(208): Illuminate\\View\\Middleware\\ShareErrorsFromSession->handle(Object(Illuminate\\Http\\Request), Object(Closure))
#21 D:\\development\\CollaborateAgenToC\\AgentC\\vendor\\laravel\\framework\\src\\Illuminate\\Session\\Middleware\\StartSession.php(120): Illuminate\\Pipeline\\Pipeline->{closure:{closure:Illuminate\\Pipeline\\Pipeline::carry():183}:184}(Object(Illuminate\\Http\\Request))
#22 D:\\development\\CollaborateAgenToC\\AgentC\\vendor\\laravel\\framework\\src\\Illuminate\\Session\\Middleware\\StartSession.php(63): Illuminate\\Session\\Middleware\\StartSession->handleStatefulRequest(Object(Illuminate\\Http\\Request), Object(Illuminate\\Session\\Store), Object(Closure))
#23 D:\\development\\CollaborateAgenToC\\AgentC\\vendor\\laravel\\framework\\src\\Illuminate\\Pipeline\\Pipeline.php(208): Illuminate\\Session\\Middleware\\StartSession->handle(Object(Illuminate\\Http\\Request), Object(Closure))
#24 D:\\development\\CollaborateAgenToC\\AgentC\\vendor\\laravel\\framework\\src\\Illuminate\\Cookie\\Middleware\\AddQueuedCookiesToResponse.php(36): Illuminate\\Pipeline\\Pipeline->{closure:{closure:Illuminate\\Pipeline\\Pipeline::carry():183}:184}(Object(Illuminate\\Http\\Request))
#25 D:\\development\\CollaborateAgenToC\\AgentC\\vendor\\laravel\\framework\\src\\Illuminate\\Pipeline\\Pipeline.php(208): Illuminate\\Cookie\\Middleware\\AddQueuedCookiesToResponse->handle(Object(Illuminate\\Http\\Request), Object(Closure))
#26 D:\\development\\CollaborateAgenToC\\AgentC\\vendor\\laravel\\framework\\src\\Illuminate\\Cookie\\Middleware\\EncryptCookies.php(74): Illuminate\\Pipeline\\Pipeline->{closure:{closure:Illuminate\\Pipeline\\Pipeline::carry():183}:184}(Object(Illuminate\\Http\\Request))
#27 D:\\development\\CollaborateAgenToC\\AgentC\\vendor\\laravel\\framework\\src\\Illuminate\\Pipeline\\Pipeline.php(208): Illuminate\\Cookie\\Middleware\\EncryptCookies->handle(Object(Illuminate\\Http\\Request), Object(Closure))
#28 D:\\development\\CollaborateAgenToC\\AgentC\\vendor\\laravel\\framework\\src\\Illuminate\\Pipeline\\Pipeline.php(126): Illuminate\\Pipeline\\Pipeline->{closure:{closure:Illuminate\\Pipeline\\Pipeline::carry():183}:184}(Object(Illuminate\\Http\\Request))
#29 D:\\development\\CollaborateAgenToC\\AgentC\\vendor\\laravel\\framework\\src\\Illuminate\\Routing\\Router.php(807): Illuminate\\Pipeline\\Pipeline->then(Object(Closure))
#30 D:\\development\\CollaborateAgenToC\\AgentC\\vendor\\laravel\\framework\\src\\Illuminate\\Routing\\Router.php(786): Illuminate\\Routing\\Router->runRouteWithinStack(Object(Illuminate\\Routing\\Route), Object(Illuminate\\Http\\Request))
#31 D:\\development\\CollaborateAgenToC\\AgentC\\vendor\\laravel\\framework\\src\\Illuminate\\Routing\\Router.php(750): Illuminate\\Routing\\Router->runRoute(Object(Illuminate\\Http\\Request), Object(Illuminate\\Routing\\Route))
#32 D:\\development\\CollaborateAgenToC\\AgentC\\vendor\\laravel\\framework\\src\\Illuminate\\Routing\\Router.php(739): Illuminate\\Routing\\Router->dispatchToRoute(Object(Illuminate\\Http\\Request))
#33 D:\\development\\CollaborateAgenToC\\AgentC\\vendor\\laravel\\framework\\src\\Illuminate\\Foundation\\Http\\Kernel.php(200): Illuminate\\Routing\\Router->dispatch(Object(Illuminate\\Http\\Request))
#34 D:\\development\\CollaborateAgenToC\\AgentC\\vendor\\laravel\\framework\\src\\Illuminate\\Pipeline\\Pipeline.php(169): Illuminate\\Foundation\\Http\\Kernel->{closure:Illuminate\\Foundation\\Http\\Kernel::dispatchToRouter():197}(Object(Illuminate\\Http\\Request))
#35 D:\\development\\CollaborateAgenToC\\AgentC\\vendor\\laravel\\framework\\src\\Illuminate\\Foundation\\Http\\Middleware\\TransformsRequest.php(21): Illuminate\\Pipeline\\Pipeline->{closure:Illuminate\\Pipeline\\Pipeline::prepareDestination():167}(Object(Illuminate\\Http\\Request))
#36 D:\\development\\CollaborateAgenToC\\AgentC\\vendor\\laravel\\framework\\src\\Illuminate\\Foundation\\Http\\Middleware\\ConvertEmptyStringsToNull.php(31): Illuminate\\Foundation\\Http\\Middleware\\TransformsRequest->handle(Object(Illuminate\\Http\\Request), Object(Closure))
#37 D:\\development\\CollaborateAgenToC\\AgentC\\vendor\\laravel\\framework\\src\\Illuminate\\Pipeline\\Pipeline.php(208): Illuminate\\Foundation\\Http\\Middleware\\ConvertEmptyStringsToNull->handle(Object(Illuminate\\Http\\Request), Object(Closure))
#38 D:\\development\\CollaborateAgenToC\\AgentC\\vendor\\laravel\\framework\\src\\Illuminate\\Foundation\\Http\\Middleware\\TransformsRequest.php(21): Illuminate\\Pipeline\\Pipeline->{closure:{closure:Illuminate\\Pipeline\\Pipeline::carry():183}:184}(Object(Illuminate\\Http\\Request))
#39 D:\\development\\CollaborateAgenToC\\AgentC\\vendor\\laravel\\framework\\src\\Illuminate\\Foundation\\Http\\Middleware\\TrimStrings.php(51): Illuminate\\Foundation\\Http\\Middleware\\TransformsRequest->handle(Object(Illuminate\\Http\\Request), Object(Closure))
#40 D:\\development\\CollaborateAgenToC\\AgentC\\vendor\\laravel\\framework\\src\\Illuminate\\Pipeline\\Pipeline.php(208): Illuminate\\Foundation\\Http\\Middleware\\TrimStrings->handle(Object(Illuminate\\Http\\Request), Object(Closure))
#41 D:\\development\\CollaborateAgenToC\\AgentC\\vendor\\laravel\\framework\\src\\Illuminate\\Http\\Middleware\\ValidatePostSize.php(27): Illuminate\\Pipeline\\Pipeline->{closure:{closure:Illuminate\\Pipeline\\Pipeline::carry():183}:184}(Object(Illuminate\\Http\\Request))
#42 D:\\development\\CollaborateAgenToC\\AgentC\\vendor\\laravel\\framework\\src\\Illuminate\\Pipeline\\Pipeline.php(208): Illuminate\\Http\\Middleware\\ValidatePostSize->handle(Object(Illuminate\\Http\\Request), Object(Closure))
#43 D:\\development\\CollaborateAgenToC\\AgentC\\vendor\\laravel\\framework\\src\\Illuminate\\Foundation\\Http\\Middleware\\PreventRequestsDuringMaintenance.php(109): Illuminate\\Pipeline\\Pipeline->{closure:{closure:Illuminate\\Pipeline\\Pipeline::carry():183}:184}(Object(Illuminate\\Http\\Request))
#44 D:\\development\\CollaborateAgenToC\\AgentC\\vendor\\laravel\\framework\\src\\Illuminate\\Pipeline\\Pipeline.php(208): Illuminate\\Foundation\\Http\\Middleware\\PreventRequestsDuringMaintenance->handle(Object(Illuminate\\Http\\Request), Object(Closure))
#45 D:\\development\\CollaborateAgenToC\\AgentC\\vendor\\laravel\\framework\\src\\Illuminate\\Http\\Middleware\\HandleCors.php(48): Illuminate\\Pipeline\\Pipeline->{closure:{closure:Illuminate\\Pipeline\\Pipeline::carry():183}:184}(Object(Illuminate\\Http\\Request))
#46 D:\\development\\CollaborateAgenToC\\AgentC\\vendor\\laravel\\framework\\src\\Illuminate\\Pipeline\\Pipeline.php(208): Illuminate\\Http\\Middleware\\HandleCors->handle(Object(Illuminate\\Http\\Request), Object(Closure))
#47 D:\\development\\CollaborateAgenToC\\AgentC\\vendor\\laravel\\framework\\src\\Illuminate\\Http\\Middleware\\TrustProxies.php(58): Illuminate\\Pipeline\\Pipeline->{closure:{closure:Illuminate\\Pipeline\\Pipeline::carry():183}:184}(Object(Illuminate\\Http\\Request))
#48 D:\\development\\CollaborateAgenToC\\AgentC\\vendor\\laravel\\framework\\src\\Illuminate\\Pipeline\\Pipeline.php(208): Illuminate\\Http\\Middleware\\TrustProxies->handle(Object(Illuminate\\Http\\Request), Object(Closure))
#49 D:\\development\\CollaborateAgenToC\\AgentC\\vendor\\laravel\\framework\\src\\Illuminate\\Foundation\\Http\\Middleware\\InvokeDeferredCallbacks.php(22): Illuminate\\Pipeline\\Pipeline->{closure:{closure:Illuminate\\Pipeline\\Pipeline::carry():183}:184}(Object(Illuminate\\Http\\Request))
#50 D:\\development\\CollaborateAgenToC\\AgentC\\vendor\\laravel\\framework\\src\\Illuminate\\Pipeline\\Pipeline.php(208): Illuminate\\Foundation\\Http\\Middleware\\InvokeDeferredCallbacks->handle(Object(Illuminate\\Http\\Request), Object(Closure))
#51 D:\\development\\CollaborateAgenToC\\AgentC\\vendor\\laravel\\framework\\src\\Illuminate\\Http\\Middleware\\ValidatePathEncoding.php(26): Illuminate\\Pipeline\\Pipeline->{closure:{closure:Illuminate\\Pipeline\\Pipeline::carry():183}:184}(Object(Illuminate\\Http\\Request))
#52 D:\\development\\CollaborateAgenToC\\AgentC\\vendor\\laravel\\framework\\src\\Illuminate\\Pipeline\\Pipeline.php(208): Illuminate\\Http\\Middleware\\ValidatePathEncoding->handle(Object(Illuminate\\Http\\Request), Object(Closure))
#53 D:\\development\\CollaborateAgenToC\\AgentC\\vendor\\laravel\\framework\\src\\Illuminate\\Pipeline\\Pipeline.php(126): Illuminate\\Pipeline\\Pipeline->{closure:{closure:Illuminate\\Pipeline\\Pipeline::carry():183}:184}(Object(Illuminate\\Http\\Request))
#54 D:\\development\\CollaborateAgenToC\\AgentC\\vendor\\laravel\\framework\\src\\Illuminate\\Foundation\\Http\\Kernel.php(175): Illuminate\\Pipeline\\Pipeline->then(Object(Closure))
#55 D:\\development\\CollaborateAgenToC\\AgentC\\vendor\\laravel\\framework\\src\\Illuminate\\Foundation\\Http\\Kernel.php(144): Illuminate\\Foundation\\Http\\Kernel->sendRequestThroughRouter(Object(Illuminate\\Http\\Request))
#56 D:\\development\\CollaborateAgenToC\\AgentC\\vendor\\laravel\\framework\\src\\Illuminate\\Foundation\\Application.php(1219): Illuminate\\Foundation\\Http\\Kernel->handle(Object(Illuminate\\Http\\Request))
#57 D:\\development\\CollaborateAgenToC\\AgentC\\public\\index.php(20): Illuminate\\Foundation\\Application->handleRequest(Object(Illuminate\\Http\\Request))
#58 D:\\development\\CollaborateAgenToC\\AgentC\\vendor\\laravel\\framework\\src\\Illuminate\\Foundation\\resources\\server.php(23): require_once('D:\\\\development\\\\...')
#59 {main}
"} 
[2025-08-29 14:53:52] Development.ERROR: SQLSTATE[HY000]: General error: 1 no such column: product_groups.product_group_code (Connection: sqlite, SQL: select "products".*, "product_groups".* from "products" inner join "product_groups" on "products"."product_group_code" = "product_groups"."product_group_code" where "product_code" = GD-8453 limit 1) {"exception":"[object] (Illuminate\\Database\\QueryException(code: HY000): SQLSTATE[HY000]: General error: 1 no such column: product_groups.product_group_code (Connection: sqlite, SQL: select \"products\".*, \"product_groups\".* from \"products\" inner join \"product_groups\" on \"products\".\"product_group_code\" = \"product_groups\".\"product_group_code\" where \"product_code\" = GD-8453 limit 1) at D:\\development\\CollaborateAgenToC\\AgentC\\vendor\\laravel\\framework\\src\\Illuminate\\Database\\Connection.php:822)
[stacktrace]
#0 D:\\development\\CollaborateAgenToC\\AgentC\\vendor\\laravel\\framework\\src\\Illuminate\\Database\\Connection.php(776): Illuminate\\Database\\Connection->runQueryCallback('select \"product...', Array, Object(Closure))
#1 D:\\development\\CollaborateAgenToC\\AgentC\\vendor\\laravel\\framework\\src\\Illuminate\\Database\\Connection.php(395): Illuminate\\Database\\Connection->run('select \"product...', Array, Object(Closure))
#2 D:\\development\\CollaborateAgenToC\\AgentC\\vendor\\laravel\\framework\\src\\Illuminate\\Database\\Query\\Builder.php(3131): Illuminate\\Database\\Connection->select('select \"product...', Array, true)
#3 D:\\development\\CollaborateAgenToC\\AgentC\\vendor\\laravel\\framework\\src\\Illuminate\\Database\\Query\\Builder.php(3116): Illuminate\\Database\\Query\\Builder->runSelect()
#4 D:\\development\\CollaborateAgenToC\\AgentC\\vendor\\laravel\\framework\\src\\Illuminate\\Database\\Query\\Builder.php(3706): Illuminate\\Database\\Query\\Builder->{closure:Illuminate\\Database\\Query\\Builder::get():3115}()
#5 D:\\development\\CollaborateAgenToC\\AgentC\\vendor\\laravel\\framework\\src\\Illuminate\\Database\\Query\\Builder.php(3115): Illuminate\\Database\\Query\\Builder->onceWithColumns(Array, Object(Closure))
#6 D:\\development\\CollaborateAgenToC\\AgentC\\vendor\\laravel\\framework\\src\\Illuminate\\Database\\Eloquent\\Builder.php(872): Illuminate\\Database\\Query\\Builder->get(Array)
#7 D:\\development\\CollaborateAgenToC\\AgentC\\vendor\\laravel\\framework\\src\\Illuminate\\Database\\Eloquent\\Builder.php(854): Illuminate\\Database\\Eloquent\\Builder->getModels(Array)
#8 D:\\development\\CollaborateAgenToC\\AgentC\\vendor\\laravel\\framework\\src\\Illuminate\\Database\\Concerns\\BuildsQueries.php(366): Illuminate\\Database\\Eloquent\\Builder->get(Array)
#9 D:\\development\\CollaborateAgenToC\\AgentC\\app\\Http\\Controllers\\TransactionsController.php(158): Illuminate\\Database\\Eloquent\\Builder->first()
#10 D:\\development\\CollaborateAgenToC\\AgentC\\vendor\\laravel\\framework\\src\\Illuminate\\Routing\\ControllerDispatcher.php(46): App\\Http\\Controllers\\TransactionsController->receipt('100-7230')
#11 D:\\development\\CollaborateAgenToC\\AgentC\\vendor\\laravel\\framework\\src\\Illuminate\\Routing\\Route.php(265): Illuminate\\Routing\\ControllerDispatcher->dispatch(Object(Illuminate\\Routing\\Route), Object(App\\Http\\Controllers\\TransactionsController), 'receipt')
#12 D:\\development\\CollaborateAgenToC\\AgentC\\vendor\\laravel\\framework\\src\\Illuminate\\Routing\\Route.php(211): Illuminate\\Routing\\Route->runController()
#13 D:\\development\\CollaborateAgenToC\\AgentC\\vendor\\laravel\\framework\\src\\Illuminate\\Routing\\Router.php(808): Illuminate\\Routing\\Route->run()
#14 D:\\development\\CollaborateAgenToC\\AgentC\\vendor\\laravel\\framework\\src\\Illuminate\\Pipeline\\Pipeline.php(169): Illuminate\\Routing\\Router->{closure:Illuminate\\Routing\\Router::runRouteWithinStack():807}(Object(Illuminate\\Http\\Request))
#15 D:\\development\\CollaborateAgenToC\\AgentC\\vendor\\laravel\\framework\\src\\Illuminate\\Routing\\Middleware\\SubstituteBindings.php(50): Illuminate\\Pipeline\\Pipeline->{closure:Illuminate\\Pipeline\\Pipeline::prepareDestination():167}(Object(Illuminate\\Http\\Request))
#16 D:\\development\\CollaborateAgenToC\\AgentC\\vendor\\laravel\\framework\\src\\Illuminate\\Pipeline\\Pipeline.php(208): Illuminate\\Routing\\Middleware\\SubstituteBindings->handle(Object(Illuminate\\Http\\Request), Object(Closure))
#17 D:\\development\\CollaborateAgenToC\\AgentC\\vendor\\laravel\\framework\\src\\Illuminate\\Foundation\\Http\\Middleware\\VerifyCsrfToken.php(87): Illuminate\\Pipeline\\Pipeline->{closure:{closure:Illuminate\\Pipeline\\Pipeline::carry():183}:184}(Object(Illuminate\\Http\\Request))
#18 D:\\development\\CollaborateAgenToC\\AgentC\\vendor\\laravel\\framework\\src\\Illuminate\\Pipeline\\Pipeline.php(208): Illuminate\\Foundation\\Http\\Middleware\\VerifyCsrfToken->handle(Object(Illuminate\\Http\\Request), Object(Closure))
#19 D:\\development\\CollaborateAgenToC\\AgentC\\vendor\\laravel\\framework\\src\\Illuminate\\View\\Middleware\\ShareErrorsFromSession.php(48): Illuminate\\Pipeline\\Pipeline->{closure:{closure:Illuminate\\Pipeline\\Pipeline::carry():183}:184}(Object(Illuminate\\Http\\Request))
#20 D:\\development\\CollaborateAgenToC\\AgentC\\vendor\\laravel\\framework\\src\\Illuminate\\Pipeline\\Pipeline.php(208): Illuminate\\View\\Middleware\\ShareErrorsFromSession->handle(Object(Illuminate\\Http\\Request), Object(Closure))
#21 D:\\development\\CollaborateAgenToC\\AgentC\\vendor\\laravel\\framework\\src\\Illuminate\\Session\\Middleware\\StartSession.php(120): Illuminate\\Pipeline\\Pipeline->{closure:{closure:Illuminate\\Pipeline\\Pipeline::carry():183}:184}(Object(Illuminate\\Http\\Request))
#22 D:\\development\\CollaborateAgenToC\\AgentC\\vendor\\laravel\\framework\\src\\Illuminate\\Session\\Middleware\\StartSession.php(63): Illuminate\\Session\\Middleware\\StartSession->handleStatefulRequest(Object(Illuminate\\Http\\Request), Object(Illuminate\\Session\\Store), Object(Closure))
#23 D:\\development\\CollaborateAgenToC\\AgentC\\vendor\\laravel\\framework\\src\\Illuminate\\Pipeline\\Pipeline.php(208): Illuminate\\Session\\Middleware\\StartSession->handle(Object(Illuminate\\Http\\Request), Object(Closure))
#24 D:\\development\\CollaborateAgenToC\\AgentC\\vendor\\laravel\\framework\\src\\Illuminate\\Cookie\\Middleware\\AddQueuedCookiesToResponse.php(36): Illuminate\\Pipeline\\Pipeline->{closure:{closure:Illuminate\\Pipeline\\Pipeline::carry():183}:184}(Object(Illuminate\\Http\\Request))
#25 D:\\development\\CollaborateAgenToC\\AgentC\\vendor\\laravel\\framework\\src\\Illuminate\\Pipeline\\Pipeline.php(208): Illuminate\\Cookie\\Middleware\\AddQueuedCookiesToResponse->handle(Object(Illuminate\\Http\\Request), Object(Closure))
#26 D:\\development\\CollaborateAgenToC\\AgentC\\vendor\\laravel\\framework\\src\\Illuminate\\Cookie\\Middleware\\EncryptCookies.php(74): Illuminate\\Pipeline\\Pipeline->{closure:{closure:Illuminate\\Pipeline\\Pipeline::carry():183}:184}(Object(Illuminate\\Http\\Request))
#27 D:\\development\\CollaborateAgenToC\\AgentC\\vendor\\laravel\\framework\\src\\Illuminate\\Pipeline\\Pipeline.php(208): Illuminate\\Cookie\\Middleware\\EncryptCookies->handle(Object(Illuminate\\Http\\Request), Object(Closure))
#28 D:\\development\\CollaborateAgenToC\\AgentC\\vendor\\laravel\\framework\\src\\Illuminate\\Pipeline\\Pipeline.php(126): Illuminate\\Pipeline\\Pipeline->{closure:{closure:Illuminate\\Pipeline\\Pipeline::carry():183}:184}(Object(Illuminate\\Http\\Request))
#29 D:\\development\\CollaborateAgenToC\\AgentC\\vendor\\laravel\\framework\\src\\Illuminate\\Routing\\Router.php(807): Illuminate\\Pipeline\\Pipeline->then(Object(Closure))
#30 D:\\development\\CollaborateAgenToC\\AgentC\\vendor\\laravel\\framework\\src\\Illuminate\\Routing\\Router.php(786): Illuminate\\Routing\\Router->runRouteWithinStack(Object(Illuminate\\Routing\\Route), Object(Illuminate\\Http\\Request))
#31 D:\\development\\CollaborateAgenToC\\AgentC\\vendor\\laravel\\framework\\src\\Illuminate\\Routing\\Router.php(750): Illuminate\\Routing\\Router->runRoute(Object(Illuminate\\Http\\Request), Object(Illuminate\\Routing\\Route))
#32 D:\\development\\CollaborateAgenToC\\AgentC\\vendor\\laravel\\framework\\src\\Illuminate\\Routing\\Router.php(739): Illuminate\\Routing\\Router->dispatchToRoute(Object(Illuminate\\Http\\Request))
#33 D:\\development\\CollaborateAgenToC\\AgentC\\vendor\\laravel\\framework\\src\\Illuminate\\Foundation\\Http\\Kernel.php(200): Illuminate\\Routing\\Router->dispatch(Object(Illuminate\\Http\\Request))
#34 D:\\development\\CollaborateAgenToC\\AgentC\\vendor\\laravel\\framework\\src\\Illuminate\\Pipeline\\Pipeline.php(169): Illuminate\\Foundation\\Http\\Kernel->{closure:Illuminate\\Foundation\\Http\\Kernel::dispatchToRouter():197}(Object(Illuminate\\Http\\Request))
#35 D:\\development\\CollaborateAgenToC\\AgentC\\vendor\\laravel\\framework\\src\\Illuminate\\Foundation\\Http\\Middleware\\TransformsRequest.php(21): Illuminate\\Pipeline\\Pipeline->{closure:Illuminate\\Pipeline\\Pipeline::prepareDestination():167}(Object(Illuminate\\Http\\Request))
#36 D:\\development\\CollaborateAgenToC\\AgentC\\vendor\\laravel\\framework\\src\\Illuminate\\Foundation\\Http\\Middleware\\ConvertEmptyStringsToNull.php(31): Illuminate\\Foundation\\Http\\Middleware\\TransformsRequest->handle(Object(Illuminate\\Http\\Request), Object(Closure))
#37 D:\\development\\CollaborateAgenToC\\AgentC\\vendor\\laravel\\framework\\src\\Illuminate\\Pipeline\\Pipeline.php(208): Illuminate\\Foundation\\Http\\Middleware\\ConvertEmptyStringsToNull->handle(Object(Illuminate\\Http\\Request), Object(Closure))
#38 D:\\development\\CollaborateAgenToC\\AgentC\\vendor\\laravel\\framework\\src\\Illuminate\\Foundation\\Http\\Middleware\\TransformsRequest.php(21): Illuminate\\Pipeline\\Pipeline->{closure:{closure:Illuminate\\Pipeline\\Pipeline::carry():183}:184}(Object(Illuminate\\Http\\Request))
#39 D:\\development\\CollaborateAgenToC\\AgentC\\vendor\\laravel\\framework\\src\\Illuminate\\Foundation\\Http\\Middleware\\TrimStrings.php(51): Illuminate\\Foundation\\Http\\Middleware\\TransformsRequest->handle(Object(Illuminate\\Http\\Request), Object(Closure))
#40 D:\\development\\CollaborateAgenToC\\AgentC\\vendor\\laravel\\framework\\src\\Illuminate\\Pipeline\\Pipeline.php(208): Illuminate\\Foundation\\Http\\Middleware\\TrimStrings->handle(Object(Illuminate\\Http\\Request), Object(Closure))
#41 D:\\development\\CollaborateAgenToC\\AgentC\\vendor\\laravel\\framework\\src\\Illuminate\\Http\\Middleware\\ValidatePostSize.php(27): Illuminate\\Pipeline\\Pipeline->{closure:{closure:Illuminate\\Pipeline\\Pipeline::carry():183}:184}(Object(Illuminate\\Http\\Request))
#42 D:\\development\\CollaborateAgenToC\\AgentC\\vendor\\laravel\\framework\\src\\Illuminate\\Pipeline\\Pipeline.php(208): Illuminate\\Http\\Middleware\\ValidatePostSize->handle(Object(Illuminate\\Http\\Request), Object(Closure))
#43 D:\\development\\CollaborateAgenToC\\AgentC\\vendor\\laravel\\framework\\src\\Illuminate\\Foundation\\Http\\Middleware\\PreventRequestsDuringMaintenance.php(109): Illuminate\\Pipeline\\Pipeline->{closure:{closure:Illuminate\\Pipeline\\Pipeline::carry():183}:184}(Object(Illuminate\\Http\\Request))
#44 D:\\development\\CollaborateAgenToC\\AgentC\\vendor\\laravel\\framework\\src\\Illuminate\\Pipeline\\Pipeline.php(208): Illuminate\\Foundation\\Http\\Middleware\\PreventRequestsDuringMaintenance->handle(Object(Illuminate\\Http\\Request), Object(Closure))
#45 D:\\development\\CollaborateAgenToC\\AgentC\\vendor\\laravel\\framework\\src\\Illuminate\\Http\\Middleware\\HandleCors.php(48): Illuminate\\Pipeline\\Pipeline->{closure:{closure:Illuminate\\Pipeline\\Pipeline::carry():183}:184}(Object(Illuminate\\Http\\Request))
#46 D:\\development\\CollaborateAgenToC\\AgentC\\vendor\\laravel\\framework\\src\\Illuminate\\Pipeline\\Pipeline.php(208): Illuminate\\Http\\Middleware\\HandleCors->handle(Object(Illuminate\\Http\\Request), Object(Closure))
#47 D:\\development\\CollaborateAgenToC\\AgentC\\vendor\\laravel\\framework\\src\\Illuminate\\Http\\Middleware\\TrustProxies.php(58): Illuminate\\Pipeline\\Pipeline->{closure:{closure:Illuminate\\Pipeline\\Pipeline::carry():183}:184}(Object(Illuminate\\Http\\Request))
#48 D:\\development\\CollaborateAgenToC\\AgentC\\vendor\\laravel\\framework\\src\\Illuminate\\Pipeline\\Pipeline.php(208): Illuminate\\Http\\Middleware\\TrustProxies->handle(Object(Illuminate\\Http\\Request), Object(Closure))
#49 D:\\development\\CollaborateAgenToC\\AgentC\\vendor\\laravel\\framework\\src\\Illuminate\\Foundation\\Http\\Middleware\\InvokeDeferredCallbacks.php(22): Illuminate\\Pipeline\\Pipeline->{closure:{closure:Illuminate\\Pipeline\\Pipeline::carry():183}:184}(Object(Illuminate\\Http\\Request))
#50 D:\\development\\CollaborateAgenToC\\AgentC\\vendor\\laravel\\framework\\src\\Illuminate\\Pipeline\\Pipeline.php(208): Illuminate\\Foundation\\Http\\Middleware\\InvokeDeferredCallbacks->handle(Object(Illuminate\\Http\\Request), Object(Closure))
#51 D:\\development\\CollaborateAgenToC\\AgentC\\vendor\\laravel\\framework\\src\\Illuminate\\Http\\Middleware\\ValidatePathEncoding.php(26): Illuminate\\Pipeline\\Pipeline->{closure:{closure:Illuminate\\Pipeline\\Pipeline::carry():183}:184}(Object(Illuminate\\Http\\Request))
#52 D:\\development\\CollaborateAgenToC\\AgentC\\vendor\\laravel\\framework\\src\\Illuminate\\Pipeline\\Pipeline.php(208): Illuminate\\Http\\Middleware\\ValidatePathEncoding->handle(Object(Illuminate\\Http\\Request), Object(Closure))
#53 D:\\development\\CollaborateAgenToC\\AgentC\\vendor\\laravel\\framework\\src\\Illuminate\\Pipeline\\Pipeline.php(126): Illuminate\\Pipeline\\Pipeline->{closure:{closure:Illuminate\\Pipeline\\Pipeline::carry():183}:184}(Object(Illuminate\\Http\\Request))
#54 D:\\development\\CollaborateAgenToC\\AgentC\\vendor\\laravel\\framework\\src\\Illuminate\\Foundation\\Http\\Kernel.php(175): Illuminate\\Pipeline\\Pipeline->then(Object(Closure))
#55 D:\\development\\CollaborateAgenToC\\AgentC\\vendor\\laravel\\framework\\src\\Illuminate\\Foundation\\Http\\Kernel.php(144): Illuminate\\Foundation\\Http\\Kernel->sendRequestThroughRouter(Object(Illuminate\\Http\\Request))
#56 D:\\development\\CollaborateAgenToC\\AgentC\\vendor\\laravel\\framework\\src\\Illuminate\\Foundation\\Application.php(1219): Illuminate\\Foundation\\Http\\Kernel->handle(Object(Illuminate\\Http\\Request))
#57 D:\\development\\CollaborateAgenToC\\AgentC\\public\\index.php(20): Illuminate\\Foundation\\Application->handleRequest(Object(Illuminate\\Http\\Request))
#58 D:\\development\\CollaborateAgenToC\\AgentC\\vendor\\laravel\\framework\\src\\Illuminate\\Foundation\\resources\\server.php(23): require_once('D:\\\\development\\\\...')
#59 {main}

[previous exception] [object] (PDOException(code: HY000): SQLSTATE[HY000]: General error: 1 no such column: product_groups.product_group_code at D:\\development\\CollaborateAgenToC\\AgentC\\vendor\\laravel\\framework\\src\\Illuminate\\Database\\Connection.php:404)
[stacktrace]
#0 D:\\development\\CollaborateAgenToC\\AgentC\\vendor\\laravel\\framework\\src\\Illuminate\\Database\\Connection.php(404): PDO->prepare('select \"product...')
#1 D:\\development\\CollaborateAgenToC\\AgentC\\vendor\\laravel\\framework\\src\\Illuminate\\Database\\Connection.php(809): Illuminate\\Database\\Connection->{closure:Illuminate\\Database\\Connection::select():395}('select \"product...', Array)
#2 D:\\development\\CollaborateAgenToC\\AgentC\\vendor\\laravel\\framework\\src\\Illuminate\\Database\\Connection.php(776): Illuminate\\Database\\Connection->runQueryCallback('select \"product...', Array, Object(Closure))
#3 D:\\development\\CollaborateAgenToC\\AgentC\\vendor\\laravel\\framework\\src\\Illuminate\\Database\\Connection.php(395): Illuminate\\Database\\Connection->run('select \"product...', Array, Object(Closure))
#4 D:\\development\\CollaborateAgenToC\\AgentC\\vendor\\laravel\\framework\\src\\Illuminate\\Database\\Query\\Builder.php(3131): Illuminate\\Database\\Connection->select('select \"product...', Array, true)
#5 D:\\development\\CollaborateAgenToC\\AgentC\\vendor\\laravel\\framework\\src\\Illuminate\\Database\\Query\\Builder.php(3116): Illuminate\\Database\\Query\\Builder->runSelect()
#6 D:\\development\\CollaborateAgenToC\\AgentC\\vendor\\laravel\\framework\\src\\Illuminate\\Database\\Query\\Builder.php(3706): Illuminate\\Database\\Query\\Builder->{closure:Illuminate\\Database\\Query\\Builder::get():3115}()
#7 D:\\development\\CollaborateAgenToC\\AgentC\\vendor\\laravel\\framework\\src\\Illuminate\\Database\\Query\\Builder.php(3115): Illuminate\\Database\\Query\\Builder->onceWithColumns(Array, Object(Closure))
#8 D:\\development\\CollaborateAgenToC\\AgentC\\vendor\\laravel\\framework\\src\\Illuminate\\Database\\Eloquent\\Builder.php(872): Illuminate\\Database\\Query\\Builder->get(Array)
#9 D:\\development\\CollaborateAgenToC\\AgentC\\vendor\\laravel\\framework\\src\\Illuminate\\Database\\Eloquent\\Builder.php(854): Illuminate\\Database\\Eloquent\\Builder->getModels(Array)
#10 D:\\development\\CollaborateAgenToC\\AgentC\\vendor\\laravel\\framework\\src\\Illuminate\\Database\\Concerns\\BuildsQueries.php(366): Illuminate\\Database\\Eloquent\\Builder->get(Array)
#11 D:\\development\\CollaborateAgenToC\\AgentC\\app\\Http\\Controllers\\TransactionsController.php(158): Illuminate\\Database\\Eloquent\\Builder->first()
#12 D:\\development\\CollaborateAgenToC\\AgentC\\vendor\\laravel\\framework\\src\\Illuminate\\Routing\\ControllerDispatcher.php(46): App\\Http\\Controllers\\TransactionsController->receipt('100-7230')
#13 D:\\development\\CollaborateAgenToC\\AgentC\\vendor\\laravel\\framework\\src\\Illuminate\\Routing\\Route.php(265): Illuminate\\Routing\\ControllerDispatcher->dispatch(Object(Illuminate\\Routing\\Route), Object(App\\Http\\Controllers\\TransactionsController), 'receipt')
#14 D:\\development\\CollaborateAgenToC\\AgentC\\vendor\\laravel\\framework\\src\\Illuminate\\Routing\\Route.php(211): Illuminate\\Routing\\Route->runController()
#15 D:\\development\\CollaborateAgenToC\\AgentC\\vendor\\laravel\\framework\\src\\Illuminate\\Routing\\Router.php(808): Illuminate\\Routing\\Route->run()
#16 D:\\development\\CollaborateAgenToC\\AgentC\\vendor\\laravel\\framework\\src\\Illuminate\\Pipeline\\Pipeline.php(169): Illuminate\\Routing\\Router->{closure:Illuminate\\Routing\\Router::runRouteWithinStack():807}(Object(Illuminate\\Http\\Request))
#17 D:\\development\\CollaborateAgenToC\\AgentC\\vendor\\laravel\\framework\\src\\Illuminate\\Routing\\Middleware\\SubstituteBindings.php(50): Illuminate\\Pipeline\\Pipeline->{closure:Illuminate\\Pipeline\\Pipeline::prepareDestination():167}(Object(Illuminate\\Http\\Request))
#18 D:\\development\\CollaborateAgenToC\\AgentC\\vendor\\laravel\\framework\\src\\Illuminate\\Pipeline\\Pipeline.php(208): Illuminate\\Routing\\Middleware\\SubstituteBindings->handle(Object(Illuminate\\Http\\Request), Object(Closure))
#19 D:\\development\\CollaborateAgenToC\\AgentC\\vendor\\laravel\\framework\\src\\Illuminate\\Foundation\\Http\\Middleware\\VerifyCsrfToken.php(87): Illuminate\\Pipeline\\Pipeline->{closure:{closure:Illuminate\\Pipeline\\Pipeline::carry():183}:184}(Object(Illuminate\\Http\\Request))
#20 D:\\development\\CollaborateAgenToC\\AgentC\\vendor\\laravel\\framework\\src\\Illuminate\\Pipeline\\Pipeline.php(208): Illuminate\\Foundation\\Http\\Middleware\\VerifyCsrfToken->handle(Object(Illuminate\\Http\\Request), Object(Closure))
#21 D:\\development\\CollaborateAgenToC\\AgentC\\vendor\\laravel\\framework\\src\\Illuminate\\View\\Middleware\\ShareErrorsFromSession.php(48): Illuminate\\Pipeline\\Pipeline->{closure:{closure:Illuminate\\Pipeline\\Pipeline::carry():183}:184}(Object(Illuminate\\Http\\Request))
#22 D:\\development\\CollaborateAgenToC\\AgentC\\vendor\\laravel\\framework\\src\\Illuminate\\Pipeline\\Pipeline.php(208): Illuminate\\View\\Middleware\\ShareErrorsFromSession->handle(Object(Illuminate\\Http\\Request), Object(Closure))
#23 D:\\development\\CollaborateAgenToC\\AgentC\\vendor\\laravel\\framework\\src\\Illuminate\\Session\\Middleware\\StartSession.php(120): Illuminate\\Pipeline\\Pipeline->{closure:{closure:Illuminate\\Pipeline\\Pipeline::carry():183}:184}(Object(Illuminate\\Http\\Request))
#24 D:\\development\\CollaborateAgenToC\\AgentC\\vendor\\laravel\\framework\\src\\Illuminate\\Session\\Middleware\\StartSession.php(63): Illuminate\\Session\\Middleware\\StartSession->handleStatefulRequest(Object(Illuminate\\Http\\Request), Object(Illuminate\\Session\\Store), Object(Closure))
#25 D:\\development\\CollaborateAgenToC\\AgentC\\vendor\\laravel\\framework\\src\\Illuminate\\Pipeline\\Pipeline.php(208): Illuminate\\Session\\Middleware\\StartSession->handle(Object(Illuminate\\Http\\Request), Object(Closure))
#26 D:\\development\\CollaborateAgenToC\\AgentC\\vendor\\laravel\\framework\\src\\Illuminate\\Cookie\\Middleware\\AddQueuedCookiesToResponse.php(36): Illuminate\\Pipeline\\Pipeline->{closure:{closure:Illuminate\\Pipeline\\Pipeline::carry():183}:184}(Object(Illuminate\\Http\\Request))
#27 D:\\development\\CollaborateAgenToC\\AgentC\\vendor\\laravel\\framework\\src\\Illuminate\\Pipeline\\Pipeline.php(208): Illuminate\\Cookie\\Middleware\\AddQueuedCookiesToResponse->handle(Object(Illuminate\\Http\\Request), Object(Closure))
#28 D:\\development\\CollaborateAgenToC\\AgentC\\vendor\\laravel\\framework\\src\\Illuminate\\Cookie\\Middleware\\EncryptCookies.php(74): Illuminate\\Pipeline\\Pipeline->{closure:{closure:Illuminate\\Pipeline\\Pipeline::carry():183}:184}(Object(Illuminate\\Http\\Request))
#29 D:\\development\\CollaborateAgenToC\\AgentC\\vendor\\laravel\\framework\\src\\Illuminate\\Pipeline\\Pipeline.php(208): Illuminate\\Cookie\\Middleware\\EncryptCookies->handle(Object(Illuminate\\Http\\Request), Object(Closure))
#30 D:\\development\\CollaborateAgenToC\\AgentC\\vendor\\laravel\\framework\\src\\Illuminate\\Pipeline\\Pipeline.php(126): Illuminate\\Pipeline\\Pipeline->{closure:{closure:Illuminate\\Pipeline\\Pipeline::carry():183}:184}(Object(Illuminate\\Http\\Request))
#31 D:\\development\\CollaborateAgenToC\\AgentC\\vendor\\laravel\\framework\\src\\Illuminate\\Routing\\Router.php(807): Illuminate\\Pipeline\\Pipeline->then(Object(Closure))
#32 D:\\development\\CollaborateAgenToC\\AgentC\\vendor\\laravel\\framework\\src\\Illuminate\\Routing\\Router.php(786): Illuminate\\Routing\\Router->runRouteWithinStack(Object(Illuminate\\Routing\\Route), Object(Illuminate\\Http\\Request))
#33 D:\\development\\CollaborateAgenToC\\AgentC\\vendor\\laravel\\framework\\src\\Illuminate\\Routing\\Router.php(750): Illuminate\\Routing\\Router->runRoute(Object(Illuminate\\Http\\Request), Object(Illuminate\\Routing\\Route))
#34 D:\\development\\CollaborateAgenToC\\AgentC\\vendor\\laravel\\framework\\src\\Illuminate\\Routing\\Router.php(739): Illuminate\\Routing\\Router->dispatchToRoute(Object(Illuminate\\Http\\Request))
#35 D:\\development\\CollaborateAgenToC\\AgentC\\vendor\\laravel\\framework\\src\\Illuminate\\Foundation\\Http\\Kernel.php(200): Illuminate\\Routing\\Router->dispatch(Object(Illuminate\\Http\\Request))
#36 D:\\development\\CollaborateAgenToC\\AgentC\\vendor\\laravel\\framework\\src\\Illuminate\\Pipeline\\Pipeline.php(169): Illuminate\\Foundation\\Http\\Kernel->{closure:Illuminate\\Foundation\\Http\\Kernel::dispatchToRouter():197}(Object(Illuminate\\Http\\Request))
#37 D:\\development\\CollaborateAgenToC\\AgentC\\vendor\\laravel\\framework\\src\\Illuminate\\Foundation\\Http\\Middleware\\TransformsRequest.php(21): Illuminate\\Pipeline\\Pipeline->{closure:Illuminate\\Pipeline\\Pipeline::prepareDestination():167}(Object(Illuminate\\Http\\Request))
#38 D:\\development\\CollaborateAgenToC\\AgentC\\vendor\\laravel\\framework\\src\\Illuminate\\Foundation\\Http\\Middleware\\ConvertEmptyStringsToNull.php(31): Illuminate\\Foundation\\Http\\Middleware\\TransformsRequest->handle(Object(Illuminate\\Http\\Request), Object(Closure))
#39 D:\\development\\CollaborateAgenToC\\AgentC\\vendor\\laravel\\framework\\src\\Illuminate\\Pipeline\\Pipeline.php(208): Illuminate\\Foundation\\Http\\Middleware\\ConvertEmptyStringsToNull->handle(Object(Illuminate\\Http\\Request), Object(Closure))
#40 D:\\development\\CollaborateAgenToC\\AgentC\\vendor\\laravel\\framework\\src\\Illuminate\\Foundation\\Http\\Middleware\\TransformsRequest.php(21): Illuminate\\Pipeline\\Pipeline->{closure:{closure:Illuminate\\Pipeline\\Pipeline::carry():183}:184}(Object(Illuminate\\Http\\Request))
#41 D:\\development\\CollaborateAgenToC\\AgentC\\vendor\\laravel\\framework\\src\\Illuminate\\Foundation\\Http\\Middleware\\TrimStrings.php(51): Illuminate\\Foundation\\Http\\Middleware\\TransformsRequest->handle(Object(Illuminate\\Http\\Request), Object(Closure))
#42 D:\\development\\CollaborateAgenToC\\AgentC\\vendor\\laravel\\framework\\src\\Illuminate\\Pipeline\\Pipeline.php(208): Illuminate\\Foundation\\Http\\Middleware\\TrimStrings->handle(Object(Illuminate\\Http\\Request), Object(Closure))
#43 D:\\development\\CollaborateAgenToC\\AgentC\\vendor\\laravel\\framework\\src\\Illuminate\\Http\\Middleware\\ValidatePostSize.php(27): Illuminate\\Pipeline\\Pipeline->{closure:{closure:Illuminate\\Pipeline\\Pipeline::carry():183}:184}(Object(Illuminate\\Http\\Request))
#44 D:\\development\\CollaborateAgenToC\\AgentC\\vendor\\laravel\\framework\\src\\Illuminate\\Pipeline\\Pipeline.php(208): Illuminate\\Http\\Middleware\\ValidatePostSize->handle(Object(Illuminate\\Http\\Request), Object(Closure))
#45 D:\\development\\CollaborateAgenToC\\AgentC\\vendor\\laravel\\framework\\src\\Illuminate\\Foundation\\Http\\Middleware\\PreventRequestsDuringMaintenance.php(109): Illuminate\\Pipeline\\Pipeline->{closure:{closure:Illuminate\\Pipeline\\Pipeline::carry():183}:184}(Object(Illuminate\\Http\\Request))
#46 D:\\development\\CollaborateAgenToC\\AgentC\\vendor\\laravel\\framework\\src\\Illuminate\\Pipeline\\Pipeline.php(208): Illuminate\\Foundation\\Http\\Middleware\\PreventRequestsDuringMaintenance->handle(Object(Illuminate\\Http\\Request), Object(Closure))
#47 D:\\development\\CollaborateAgenToC\\AgentC\\vendor\\laravel\\framework\\src\\Illuminate\\Http\\Middleware\\HandleCors.php(48): Illuminate\\Pipeline\\Pipeline->{closure:{closure:Illuminate\\Pipeline\\Pipeline::carry():183}:184}(Object(Illuminate\\Http\\Request))
#48 D:\\development\\CollaborateAgenToC\\AgentC\\vendor\\laravel\\framework\\src\\Illuminate\\Pipeline\\Pipeline.php(208): Illuminate\\Http\\Middleware\\HandleCors->handle(Object(Illuminate\\Http\\Request), Object(Closure))
#49 D:\\development\\CollaborateAgenToC\\AgentC\\vendor\\laravel\\framework\\src\\Illuminate\\Http\\Middleware\\TrustProxies.php(58): Illuminate\\Pipeline\\Pipeline->{closure:{closure:Illuminate\\Pipeline\\Pipeline::carry():183}:184}(Object(Illuminate\\Http\\Request))
#50 D:\\development\\CollaborateAgenToC\\AgentC\\vendor\\laravel\\framework\\src\\Illuminate\\Pipeline\\Pipeline.php(208): Illuminate\\Http\\Middleware\\TrustProxies->handle(Object(Illuminate\\Http\\Request), Object(Closure))
#51 D:\\development\\CollaborateAgenToC\\AgentC\\vendor\\laravel\\framework\\src\\Illuminate\\Foundation\\Http\\Middleware\\InvokeDeferredCallbacks.php(22): Illuminate\\Pipeline\\Pipeline->{closure:{closure:Illuminate\\Pipeline\\Pipeline::carry():183}:184}(Object(Illuminate\\Http\\Request))
#52 D:\\development\\CollaborateAgenToC\\AgentC\\vendor\\laravel\\framework\\src\\Illuminate\\Pipeline\\Pipeline.php(208): Illuminate\\Foundation\\Http\\Middleware\\InvokeDeferredCallbacks->handle(Object(Illuminate\\Http\\Request), Object(Closure))
#53 D:\\development\\CollaborateAgenToC\\AgentC\\vendor\\laravel\\framework\\src\\Illuminate\\Http\\Middleware\\ValidatePathEncoding.php(26): Illuminate\\Pipeline\\Pipeline->{closure:{closure:Illuminate\\Pipeline\\Pipeline::carry():183}:184}(Object(Illuminate\\Http\\Request))
#54 D:\\development\\CollaborateAgenToC\\AgentC\\vendor\\laravel\\framework\\src\\Illuminate\\Pipeline\\Pipeline.php(208): Illuminate\\Http\\Middleware\\ValidatePathEncoding->handle(Object(Illuminate\\Http\\Request), Object(Closure))
#55 D:\\development\\CollaborateAgenToC\\AgentC\\vendor\\laravel\\framework\\src\\Illuminate\\Pipeline\\Pipeline.php(126): Illuminate\\Pipeline\\Pipeline->{closure:{closure:Illuminate\\Pipeline\\Pipeline::carry():183}:184}(Object(Illuminate\\Http\\Request))
#56 D:\\development\\CollaborateAgenToC\\AgentC\\vendor\\laravel\\framework\\src\\Illuminate\\Foundation\\Http\\Kernel.php(175): Illuminate\\Pipeline\\Pipeline->then(Object(Closure))
#57 D:\\development\\CollaborateAgenToC\\AgentC\\vendor\\laravel\\framework\\src\\Illuminate\\Foundation\\Http\\Kernel.php(144): Illuminate\\Foundation\\Http\\Kernel->sendRequestThroughRouter(Object(Illuminate\\Http\\Request))
#58 D:\\development\\CollaborateAgenToC\\AgentC\\vendor\\laravel\\framework\\src\\Illuminate\\Foundation\\Application.php(1219): Illuminate\\Foundation\\Http\\Kernel->handle(Object(Illuminate\\Http\\Request))
#59 D:\\development\\CollaborateAgenToC\\AgentC\\public\\index.php(20): Illuminate\\Foundation\\Application->handleRequest(Object(Illuminate\\Http\\Request))
#60 D:\\development\\CollaborateAgenToC\\AgentC\\vendor\\laravel\\framework\\src\\Illuminate\\Foundation\\resources\\server.php(23): require_once('D:\\\\development\\\\...')
#61 {main}
"} 
[2025-08-29 15:01:55] Development.ERROR: SQLSTATE[HY000]: General error: 1 no such column: tasks.order_id (Connection: sqlite, SQL: select "task_type", "task_contract", "deadline" from "tasks" inner join "task_detail" on "tasks"."task_detail_id" = "task_detail"."id" where "tasks"."order_id" = 1 limit 1) {"exception":"[object] (Illuminate\\Database\\QueryException(code: HY000): SQLSTATE[HY000]: General error: 1 no such column: tasks.order_id (Connection: sqlite, SQL: select \"task_type\", \"task_contract\", \"deadline\" from \"tasks\" inner join \"task_detail\" on \"tasks\".\"task_detail_id\" = \"task_detail\".\"id\" where \"tasks\".\"order_id\" = 1 limit 1) at D:\\development\\CollaborateAgenToC\\AgentC\\vendor\\laravel\\framework\\src\\Illuminate\\Database\\Connection.php:822)
[stacktrace]
#0 D:\\development\\CollaborateAgenToC\\AgentC\\vendor\\laravel\\framework\\src\\Illuminate\\Database\\Connection.php(776): Illuminate\\Database\\Connection->runQueryCallback('select \"task_ty...', Array, Object(Closure))
#1 D:\\development\\CollaborateAgenToC\\AgentC\\vendor\\laravel\\framework\\src\\Illuminate\\Database\\Connection.php(395): Illuminate\\Database\\Connection->run('select \"task_ty...', Array, Object(Closure))
#2 D:\\development\\CollaborateAgenToC\\AgentC\\vendor\\laravel\\framework\\src\\Illuminate\\Database\\Query\\Builder.php(3131): Illuminate\\Database\\Connection->select('select \"task_ty...', Array, true)
#3 D:\\development\\CollaborateAgenToC\\AgentC\\vendor\\laravel\\framework\\src\\Illuminate\\Database\\Query\\Builder.php(3116): Illuminate\\Database\\Query\\Builder->runSelect()
#4 D:\\development\\CollaborateAgenToC\\AgentC\\vendor\\laravel\\framework\\src\\Illuminate\\Database\\Query\\Builder.php(3706): Illuminate\\Database\\Query\\Builder->{closure:Illuminate\\Database\\Query\\Builder::get():3115}()
#5 D:\\development\\CollaborateAgenToC\\AgentC\\vendor\\laravel\\framework\\src\\Illuminate\\Database\\Query\\Builder.php(3115): Illuminate\\Database\\Query\\Builder->onceWithColumns(Array, Object(Closure))
#6 D:\\development\\CollaborateAgenToC\\AgentC\\vendor\\laravel\\framework\\src\\Illuminate\\Database\\Eloquent\\Builder.php(872): Illuminate\\Database\\Query\\Builder->get(Array)
#7 D:\\development\\CollaborateAgenToC\\AgentC\\vendor\\laravel\\framework\\src\\Illuminate\\Database\\Eloquent\\Builder.php(854): Illuminate\\Database\\Eloquent\\Builder->getModels(Array)
#8 D:\\development\\CollaborateAgenToC\\AgentC\\vendor\\laravel\\framework\\src\\Illuminate\\Database\\Concerns\\BuildsQueries.php(366): Illuminate\\Database\\Eloquent\\Builder->get(Array)
#9 D:\\development\\CollaborateAgenToC\\AgentC\\app\\Http\\Controllers\\TransactionsController.php(160): Illuminate\\Database\\Eloquent\\Builder->first()
#10 D:\\development\\CollaborateAgenToC\\AgentC\\vendor\\laravel\\framework\\src\\Illuminate\\Routing\\ControllerDispatcher.php(46): App\\Http\\Controllers\\TransactionsController->receipt('100-7230')
#11 D:\\development\\CollaborateAgenToC\\AgentC\\vendor\\laravel\\framework\\src\\Illuminate\\Routing\\Route.php(265): Illuminate\\Routing\\ControllerDispatcher->dispatch(Object(Illuminate\\Routing\\Route), Object(App\\Http\\Controllers\\TransactionsController), 'receipt')
#12 D:\\development\\CollaborateAgenToC\\AgentC\\vendor\\laravel\\framework\\src\\Illuminate\\Routing\\Route.php(211): Illuminate\\Routing\\Route->runController()
#13 D:\\development\\CollaborateAgenToC\\AgentC\\vendor\\laravel\\framework\\src\\Illuminate\\Routing\\Router.php(808): Illuminate\\Routing\\Route->run()
#14 D:\\development\\CollaborateAgenToC\\AgentC\\vendor\\laravel\\framework\\src\\Illuminate\\Pipeline\\Pipeline.php(169): Illuminate\\Routing\\Router->{closure:Illuminate\\Routing\\Router::runRouteWithinStack():807}(Object(Illuminate\\Http\\Request))
#15 D:\\development\\CollaborateAgenToC\\AgentC\\vendor\\laravel\\framework\\src\\Illuminate\\Routing\\Middleware\\SubstituteBindings.php(50): Illuminate\\Pipeline\\Pipeline->{closure:Illuminate\\Pipeline\\Pipeline::prepareDestination():167}(Object(Illuminate\\Http\\Request))
#16 D:\\development\\CollaborateAgenToC\\AgentC\\vendor\\laravel\\framework\\src\\Illuminate\\Pipeline\\Pipeline.php(208): Illuminate\\Routing\\Middleware\\SubstituteBindings->handle(Object(Illuminate\\Http\\Request), Object(Closure))
#17 D:\\development\\CollaborateAgenToC\\AgentC\\vendor\\laravel\\framework\\src\\Illuminate\\Foundation\\Http\\Middleware\\VerifyCsrfToken.php(87): Illuminate\\Pipeline\\Pipeline->{closure:{closure:Illuminate\\Pipeline\\Pipeline::carry():183}:184}(Object(Illuminate\\Http\\Request))
#18 D:\\development\\CollaborateAgenToC\\AgentC\\vendor\\laravel\\framework\\src\\Illuminate\\Pipeline\\Pipeline.php(208): Illuminate\\Foundation\\Http\\Middleware\\VerifyCsrfToken->handle(Object(Illuminate\\Http\\Request), Object(Closure))
#19 D:\\development\\CollaborateAgenToC\\AgentC\\vendor\\laravel\\framework\\src\\Illuminate\\View\\Middleware\\ShareErrorsFromSession.php(48): Illuminate\\Pipeline\\Pipeline->{closure:{closure:Illuminate\\Pipeline\\Pipeline::carry():183}:184}(Object(Illuminate\\Http\\Request))
#20 D:\\development\\CollaborateAgenToC\\AgentC\\vendor\\laravel\\framework\\src\\Illuminate\\Pipeline\\Pipeline.php(208): Illuminate\\View\\Middleware\\ShareErrorsFromSession->handle(Object(Illuminate\\Http\\Request), Object(Closure))
#21 D:\\development\\CollaborateAgenToC\\AgentC\\vendor\\laravel\\framework\\src\\Illuminate\\Session\\Middleware\\StartSession.php(120): Illuminate\\Pipeline\\Pipeline->{closure:{closure:Illuminate\\Pipeline\\Pipeline::carry():183}:184}(Object(Illuminate\\Http\\Request))
#22 D:\\development\\CollaborateAgenToC\\AgentC\\vendor\\laravel\\framework\\src\\Illuminate\\Session\\Middleware\\StartSession.php(63): Illuminate\\Session\\Middleware\\StartSession->handleStatefulRequest(Object(Illuminate\\Http\\Request), Object(Illuminate\\Session\\Store), Object(Closure))
#23 D:\\development\\CollaborateAgenToC\\AgentC\\vendor\\laravel\\framework\\src\\Illuminate\\Pipeline\\Pipeline.php(208): Illuminate\\Session\\Middleware\\StartSession->handle(Object(Illuminate\\Http\\Request), Object(Closure))
#24 D:\\development\\CollaborateAgenToC\\AgentC\\vendor\\laravel\\framework\\src\\Illuminate\\Cookie\\Middleware\\AddQueuedCookiesToResponse.php(36): Illuminate\\Pipeline\\Pipeline->{closure:{closure:Illuminate\\Pipeline\\Pipeline::carry():183}:184}(Object(Illuminate\\Http\\Request))
#25 D:\\development\\CollaborateAgenToC\\AgentC\\vendor\\laravel\\framework\\src\\Illuminate\\Pipeline\\Pipeline.php(208): Illuminate\\Cookie\\Middleware\\AddQueuedCookiesToResponse->handle(Object(Illuminate\\Http\\Request), Object(Closure))
#26 D:\\development\\CollaborateAgenToC\\AgentC\\vendor\\laravel\\framework\\src\\Illuminate\\Cookie\\Middleware\\EncryptCookies.php(74): Illuminate\\Pipeline\\Pipeline->{closure:{closure:Illuminate\\Pipeline\\Pipeline::carry():183}:184}(Object(Illuminate\\Http\\Request))
#27 D:\\development\\CollaborateAgenToC\\AgentC\\vendor\\laravel\\framework\\src\\Illuminate\\Pipeline\\Pipeline.php(208): Illuminate\\Cookie\\Middleware\\EncryptCookies->handle(Object(Illuminate\\Http\\Request), Object(Closure))
#28 D:\\development\\CollaborateAgenToC\\AgentC\\vendor\\laravel\\framework\\src\\Illuminate\\Pipeline\\Pipeline.php(126): Illuminate\\Pipeline\\Pipeline->{closure:{closure:Illuminate\\Pipeline\\Pipeline::carry():183}:184}(Object(Illuminate\\Http\\Request))
#29 D:\\development\\CollaborateAgenToC\\AgentC\\vendor\\laravel\\framework\\src\\Illuminate\\Routing\\Router.php(807): Illuminate\\Pipeline\\Pipeline->then(Object(Closure))
#30 D:\\development\\CollaborateAgenToC\\AgentC\\vendor\\laravel\\framework\\src\\Illuminate\\Routing\\Router.php(786): Illuminate\\Routing\\Router->runRouteWithinStack(Object(Illuminate\\Routing\\Route), Object(Illuminate\\Http\\Request))
#31 D:\\development\\CollaborateAgenToC\\AgentC\\vendor\\laravel\\framework\\src\\Illuminate\\Routing\\Router.php(750): Illuminate\\Routing\\Router->runRoute(Object(Illuminate\\Http\\Request), Object(Illuminate\\Routing\\Route))
#32 D:\\development\\CollaborateAgenToC\\AgentC\\vendor\\laravel\\framework\\src\\Illuminate\\Routing\\Router.php(739): Illuminate\\Routing\\Router->dispatchToRoute(Object(Illuminate\\Http\\Request))
#33 D:\\development\\CollaborateAgenToC\\AgentC\\vendor\\laravel\\framework\\src\\Illuminate\\Foundation\\Http\\Kernel.php(200): Illuminate\\Routing\\Router->dispatch(Object(Illuminate\\Http\\Request))
#34 D:\\development\\CollaborateAgenToC\\AgentC\\vendor\\laravel\\framework\\src\\Illuminate\\Pipeline\\Pipeline.php(169): Illuminate\\Foundation\\Http\\Kernel->{closure:Illuminate\\Foundation\\Http\\Kernel::dispatchToRouter():197}(Object(Illuminate\\Http\\Request))
#35 D:\\development\\CollaborateAgenToC\\AgentC\\vendor\\laravel\\framework\\src\\Illuminate\\Foundation\\Http\\Middleware\\TransformsRequest.php(21): Illuminate\\Pipeline\\Pipeline->{closure:Illuminate\\Pipeline\\Pipeline::prepareDestination():167}(Object(Illuminate\\Http\\Request))
#36 D:\\development\\CollaborateAgenToC\\AgentC\\vendor\\laravel\\framework\\src\\Illuminate\\Foundation\\Http\\Middleware\\ConvertEmptyStringsToNull.php(31): Illuminate\\Foundation\\Http\\Middleware\\TransformsRequest->handle(Object(Illuminate\\Http\\Request), Object(Closure))
#37 D:\\development\\CollaborateAgenToC\\AgentC\\vendor\\laravel\\framework\\src\\Illuminate\\Pipeline\\Pipeline.php(208): Illuminate\\Foundation\\Http\\Middleware\\ConvertEmptyStringsToNull->handle(Object(Illuminate\\Http\\Request), Object(Closure))
#38 D:\\development\\CollaborateAgenToC\\AgentC\\vendor\\laravel\\framework\\src\\Illuminate\\Foundation\\Http\\Middleware\\TransformsRequest.php(21): Illuminate\\Pipeline\\Pipeline->{closure:{closure:Illuminate\\Pipeline\\Pipeline::carry():183}:184}(Object(Illuminate\\Http\\Request))
#39 D:\\development\\CollaborateAgenToC\\AgentC\\vendor\\laravel\\framework\\src\\Illuminate\\Foundation\\Http\\Middleware\\TrimStrings.php(51): Illuminate\\Foundation\\Http\\Middleware\\TransformsRequest->handle(Object(Illuminate\\Http\\Request), Object(Closure))
#40 D:\\development\\CollaborateAgenToC\\AgentC\\vendor\\laravel\\framework\\src\\Illuminate\\Pipeline\\Pipeline.php(208): Illuminate\\Foundation\\Http\\Middleware\\TrimStrings->handle(Object(Illuminate\\Http\\Request), Object(Closure))
#41 D:\\development\\CollaborateAgenToC\\AgentC\\vendor\\laravel\\framework\\src\\Illuminate\\Http\\Middleware\\ValidatePostSize.php(27): Illuminate\\Pipeline\\Pipeline->{closure:{closure:Illuminate\\Pipeline\\Pipeline::carry():183}:184}(Object(Illuminate\\Http\\Request))
#42 D:\\development\\CollaborateAgenToC\\AgentC\\vendor\\laravel\\framework\\src\\Illuminate\\Pipeline\\Pipeline.php(208): Illuminate\\Http\\Middleware\\ValidatePostSize->handle(Object(Illuminate\\Http\\Request), Object(Closure))
#43 D:\\development\\CollaborateAgenToC\\AgentC\\vendor\\laravel\\framework\\src\\Illuminate\\Foundation\\Http\\Middleware\\PreventRequestsDuringMaintenance.php(109): Illuminate\\Pipeline\\Pipeline->{closure:{closure:Illuminate\\Pipeline\\Pipeline::carry():183}:184}(Object(Illuminate\\Http\\Request))
#44 D:\\development\\CollaborateAgenToC\\AgentC\\vendor\\laravel\\framework\\src\\Illuminate\\Pipeline\\Pipeline.php(208): Illuminate\\Foundation\\Http\\Middleware\\PreventRequestsDuringMaintenance->handle(Object(Illuminate\\Http\\Request), Object(Closure))
#45 D:\\development\\CollaborateAgenToC\\AgentC\\vendor\\laravel\\framework\\src\\Illuminate\\Http\\Middleware\\HandleCors.php(48): Illuminate\\Pipeline\\Pipeline->{closure:{closure:Illuminate\\Pipeline\\Pipeline::carry():183}:184}(Object(Illuminate\\Http\\Request))
#46 D:\\development\\CollaborateAgenToC\\AgentC\\vendor\\laravel\\framework\\src\\Illuminate\\Pipeline\\Pipeline.php(208): Illuminate\\Http\\Middleware\\HandleCors->handle(Object(Illuminate\\Http\\Request), Object(Closure))
#47 D:\\development\\CollaborateAgenToC\\AgentC\\vendor\\laravel\\framework\\src\\Illuminate\\Http\\Middleware\\TrustProxies.php(58): Illuminate\\Pipeline\\Pipeline->{closure:{closure:Illuminate\\Pipeline\\Pipeline::carry():183}:184}(Object(Illuminate\\Http\\Request))
#48 D:\\development\\CollaborateAgenToC\\AgentC\\vendor\\laravel\\framework\\src\\Illuminate\\Pipeline\\Pipeline.php(208): Illuminate\\Http\\Middleware\\TrustProxies->handle(Object(Illuminate\\Http\\Request), Object(Closure))
#49 D:\\development\\CollaborateAgenToC\\AgentC\\vendor\\laravel\\framework\\src\\Illuminate\\Foundation\\Http\\Middleware\\InvokeDeferredCallbacks.php(22): Illuminate\\Pipeline\\Pipeline->{closure:{closure:Illuminate\\Pipeline\\Pipeline::carry():183}:184}(Object(Illuminate\\Http\\Request))
#50 D:\\development\\CollaborateAgenToC\\AgentC\\vendor\\laravel\\framework\\src\\Illuminate\\Pipeline\\Pipeline.php(208): Illuminate\\Foundation\\Http\\Middleware\\InvokeDeferredCallbacks->handle(Object(Illuminate\\Http\\Request), Object(Closure))
#51 D:\\development\\CollaborateAgenToC\\AgentC\\vendor\\laravel\\framework\\src\\Illuminate\\Http\\Middleware\\ValidatePathEncoding.php(26): Illuminate\\Pipeline\\Pipeline->{closure:{closure:Illuminate\\Pipeline\\Pipeline::carry():183}:184}(Object(Illuminate\\Http\\Request))
#52 D:\\development\\CollaborateAgenToC\\AgentC\\vendor\\laravel\\framework\\src\\Illuminate\\Pipeline\\Pipeline.php(208): Illuminate\\Http\\Middleware\\ValidatePathEncoding->handle(Object(Illuminate\\Http\\Request), Object(Closure))
#53 D:\\development\\CollaborateAgenToC\\AgentC\\vendor\\laravel\\framework\\src\\Illuminate\\Pipeline\\Pipeline.php(126): Illuminate\\Pipeline\\Pipeline->{closure:{closure:Illuminate\\Pipeline\\Pipeline::carry():183}:184}(Object(Illuminate\\Http\\Request))
#54 D:\\development\\CollaborateAgenToC\\AgentC\\vendor\\laravel\\framework\\src\\Illuminate\\Foundation\\Http\\Kernel.php(175): Illuminate\\Pipeline\\Pipeline->then(Object(Closure))
#55 D:\\development\\CollaborateAgenToC\\AgentC\\vendor\\laravel\\framework\\src\\Illuminate\\Foundation\\Http\\Kernel.php(144): Illuminate\\Foundation\\Http\\Kernel->sendRequestThroughRouter(Object(Illuminate\\Http\\Request))
#56 D:\\development\\CollaborateAgenToC\\AgentC\\vendor\\laravel\\framework\\src\\Illuminate\\Foundation\\Application.php(1219): Illuminate\\Foundation\\Http\\Kernel->handle(Object(Illuminate\\Http\\Request))
#57 D:\\development\\CollaborateAgenToC\\AgentC\\public\\index.php(20): Illuminate\\Foundation\\Application->handleRequest(Object(Illuminate\\Http\\Request))
#58 D:\\development\\CollaborateAgenToC\\AgentC\\vendor\\laravel\\framework\\src\\Illuminate\\Foundation\\resources\\server.php(23): require_once('D:\\\\development\\\\...')
#59 {main}

[previous exception] [object] (PDOException(code: HY000): SQLSTATE[HY000]: General error: 1 no such column: tasks.order_id at D:\\development\\CollaborateAgenToC\\AgentC\\vendor\\laravel\\framework\\src\\Illuminate\\Database\\Connection.php:404)
[stacktrace]
#0 D:\\development\\CollaborateAgenToC\\AgentC\\vendor\\laravel\\framework\\src\\Illuminate\\Database\\Connection.php(404): PDO->prepare('select \"task_ty...')
#1 D:\\development\\CollaborateAgenToC\\AgentC\\vendor\\laravel\\framework\\src\\Illuminate\\Database\\Connection.php(809): Illuminate\\Database\\Connection->{closure:Illuminate\\Database\\Connection::select():395}('select \"task_ty...', Array)
#2 D:\\development\\CollaborateAgenToC\\AgentC\\vendor\\laravel\\framework\\src\\Illuminate\\Database\\Connection.php(776): Illuminate\\Database\\Connection->runQueryCallback('select \"task_ty...', Array, Object(Closure))
#3 D:\\development\\CollaborateAgenToC\\AgentC\\vendor\\laravel\\framework\\src\\Illuminate\\Database\\Connection.php(395): Illuminate\\Database\\Connection->run('select \"task_ty...', Array, Object(Closure))
#4 D:\\development\\CollaborateAgenToC\\AgentC\\vendor\\laravel\\framework\\src\\Illuminate\\Database\\Query\\Builder.php(3131): Illuminate\\Database\\Connection->select('select \"task_ty...', Array, true)
#5 D:\\development\\CollaborateAgenToC\\AgentC\\vendor\\laravel\\framework\\src\\Illuminate\\Database\\Query\\Builder.php(3116): Illuminate\\Database\\Query\\Builder->runSelect()
#6 D:\\development\\CollaborateAgenToC\\AgentC\\vendor\\laravel\\framework\\src\\Illuminate\\Database\\Query\\Builder.php(3706): Illuminate\\Database\\Query\\Builder->{closure:Illuminate\\Database\\Query\\Builder::get():3115}()
#7 D:\\development\\CollaborateAgenToC\\AgentC\\vendor\\laravel\\framework\\src\\Illuminate\\Database\\Query\\Builder.php(3115): Illuminate\\Database\\Query\\Builder->onceWithColumns(Array, Object(Closure))
#8 D:\\development\\CollaborateAgenToC\\AgentC\\vendor\\laravel\\framework\\src\\Illuminate\\Database\\Eloquent\\Builder.php(872): Illuminate\\Database\\Query\\Builder->get(Array)
#9 D:\\development\\CollaborateAgenToC\\AgentC\\vendor\\laravel\\framework\\src\\Illuminate\\Database\\Eloquent\\Builder.php(854): Illuminate\\Database\\Eloquent\\Builder->getModels(Array)
#10 D:\\development\\CollaborateAgenToC\\AgentC\\vendor\\laravel\\framework\\src\\Illuminate\\Database\\Concerns\\BuildsQueries.php(366): Illuminate\\Database\\Eloquent\\Builder->get(Array)
#11 D:\\development\\CollaborateAgenToC\\AgentC\\app\\Http\\Controllers\\TransactionsController.php(160): Illuminate\\Database\\Eloquent\\Builder->first()
#12 D:\\development\\CollaborateAgenToC\\AgentC\\vendor\\laravel\\framework\\src\\Illuminate\\Routing\\ControllerDispatcher.php(46): App\\Http\\Controllers\\TransactionsController->receipt('100-7230')
#13 D:\\development\\CollaborateAgenToC\\AgentC\\vendor\\laravel\\framework\\src\\Illuminate\\Routing\\Route.php(265): Illuminate\\Routing\\ControllerDispatcher->dispatch(Object(Illuminate\\Routing\\Route), Object(App\\Http\\Controllers\\TransactionsController), 'receipt')
#14 D:\\development\\CollaborateAgenToC\\AgentC\\vendor\\laravel\\framework\\src\\Illuminate\\Routing\\Route.php(211): Illuminate\\Routing\\Route->runController()
#15 D:\\development\\CollaborateAgenToC\\AgentC\\vendor\\laravel\\framework\\src\\Illuminate\\Routing\\Router.php(808): Illuminate\\Routing\\Route->run()
#16 D:\\development\\CollaborateAgenToC\\AgentC\\vendor\\laravel\\framework\\src\\Illuminate\\Pipeline\\Pipeline.php(169): Illuminate\\Routing\\Router->{closure:Illuminate\\Routing\\Router::runRouteWithinStack():807}(Object(Illuminate\\Http\\Request))
#17 D:\\development\\CollaborateAgenToC\\AgentC\\vendor\\laravel\\framework\\src\\Illuminate\\Routing\\Middleware\\SubstituteBindings.php(50): Illuminate\\Pipeline\\Pipeline->{closure:Illuminate\\Pipeline\\Pipeline::prepareDestination():167}(Object(Illuminate\\Http\\Request))
#18 D:\\development\\CollaborateAgenToC\\AgentC\\vendor\\laravel\\framework\\src\\Illuminate\\Pipeline\\Pipeline.php(208): Illuminate\\Routing\\Middleware\\SubstituteBindings->handle(Object(Illuminate\\Http\\Request), Object(Closure))
#19 D:\\development\\CollaborateAgenToC\\AgentC\\vendor\\laravel\\framework\\src\\Illuminate\\Foundation\\Http\\Middleware\\VerifyCsrfToken.php(87): Illuminate\\Pipeline\\Pipeline->{closure:{closure:Illuminate\\Pipeline\\Pipeline::carry():183}:184}(Object(Illuminate\\Http\\Request))
#20 D:\\development\\CollaborateAgenToC\\AgentC\\vendor\\laravel\\framework\\src\\Illuminate\\Pipeline\\Pipeline.php(208): Illuminate\\Foundation\\Http\\Middleware\\VerifyCsrfToken->handle(Object(Illuminate\\Http\\Request), Object(Closure))
#21 D:\\development\\CollaborateAgenToC\\AgentC\\vendor\\laravel\\framework\\src\\Illuminate\\View\\Middleware\\ShareErrorsFromSession.php(48): Illuminate\\Pipeline\\Pipeline->{closure:{closure:Illuminate\\Pipeline\\Pipeline::carry():183}:184}(Object(Illuminate\\Http\\Request))
#22 D:\\development\\CollaborateAgenToC\\AgentC\\vendor\\laravel\\framework\\src\\Illuminate\\Pipeline\\Pipeline.php(208): Illuminate\\View\\Middleware\\ShareErrorsFromSession->handle(Object(Illuminate\\Http\\Request), Object(Closure))
#23 D:\\development\\CollaborateAgenToC\\AgentC\\vendor\\laravel\\framework\\src\\Illuminate\\Session\\Middleware\\StartSession.php(120): Illuminate\\Pipeline\\Pipeline->{closure:{closure:Illuminate\\Pipeline\\Pipeline::carry():183}:184}(Object(Illuminate\\Http\\Request))
#24 D:\\development\\CollaborateAgenToC\\AgentC\\vendor\\laravel\\framework\\src\\Illuminate\\Session\\Middleware\\StartSession.php(63): Illuminate\\Session\\Middleware\\StartSession->handleStatefulRequest(Object(Illuminate\\Http\\Request), Object(Illuminate\\Session\\Store), Object(Closure))
#25 D:\\development\\CollaborateAgenToC\\AgentC\\vendor\\laravel\\framework\\src\\Illuminate\\Pipeline\\Pipeline.php(208): Illuminate\\Session\\Middleware\\StartSession->handle(Object(Illuminate\\Http\\Request), Object(Closure))
#26 D:\\development\\CollaborateAgenToC\\AgentC\\vendor\\laravel\\framework\\src\\Illuminate\\Cookie\\Middleware\\AddQueuedCookiesToResponse.php(36): Illuminate\\Pipeline\\Pipeline->{closure:{closure:Illuminate\\Pipeline\\Pipeline::carry():183}:184}(Object(Illuminate\\Http\\Request))
#27 D:\\development\\CollaborateAgenToC\\AgentC\\vendor\\laravel\\framework\\src\\Illuminate\\Pipeline\\Pipeline.php(208): Illuminate\\Cookie\\Middleware\\AddQueuedCookiesToResponse->handle(Object(Illuminate\\Http\\Request), Object(Closure))
#28 D:\\development\\CollaborateAgenToC\\AgentC\\vendor\\laravel\\framework\\src\\Illuminate\\Cookie\\Middleware\\EncryptCookies.php(74): Illuminate\\Pipeline\\Pipeline->{closure:{closure:Illuminate\\Pipeline\\Pipeline::carry():183}:184}(Object(Illuminate\\Http\\Request))
#29 D:\\development\\CollaborateAgenToC\\AgentC\\vendor\\laravel\\framework\\src\\Illuminate\\Pipeline\\Pipeline.php(208): Illuminate\\Cookie\\Middleware\\EncryptCookies->handle(Object(Illuminate\\Http\\Request), Object(Closure))
#30 D:\\development\\CollaborateAgenToC\\AgentC\\vendor\\laravel\\framework\\src\\Illuminate\\Pipeline\\Pipeline.php(126): Illuminate\\Pipeline\\Pipeline->{closure:{closure:Illuminate\\Pipeline\\Pipeline::carry():183}:184}(Object(Illuminate\\Http\\Request))
#31 D:\\development\\CollaborateAgenToC\\AgentC\\vendor\\laravel\\framework\\src\\Illuminate\\Routing\\Router.php(807): Illuminate\\Pipeline\\Pipeline->then(Object(Closure))
#32 D:\\development\\CollaborateAgenToC\\AgentC\\vendor\\laravel\\framework\\src\\Illuminate\\Routing\\Router.php(786): Illuminate\\Routing\\Router->runRouteWithinStack(Object(Illuminate\\Routing\\Route), Object(Illuminate\\Http\\Request))
#33 D:\\development\\CollaborateAgenToC\\AgentC\\vendor\\laravel\\framework\\src\\Illuminate\\Routing\\Router.php(750): Illuminate\\Routing\\Router->runRoute(Object(Illuminate\\Http\\Request), Object(Illuminate\\Routing\\Route))
#34 D:\\development\\CollaborateAgenToC\\AgentC\\vendor\\laravel\\framework\\src\\Illuminate\\Routing\\Router.php(739): Illuminate\\Routing\\Router->dispatchToRoute(Object(Illuminate\\Http\\Request))
#35 D:\\development\\CollaborateAgenToC\\AgentC\\vendor\\laravel\\framework\\src\\Illuminate\\Foundation\\Http\\Kernel.php(200): Illuminate\\Routing\\Router->dispatch(Object(Illuminate\\Http\\Request))
#36 D:\\development\\CollaborateAgenToC\\AgentC\\vendor\\laravel\\framework\\src\\Illuminate\\Pipeline\\Pipeline.php(169): Illuminate\\Foundation\\Http\\Kernel->{closure:Illuminate\\Foundation\\Http\\Kernel::dispatchToRouter():197}(Object(Illuminate\\Http\\Request))
#37 D:\\development\\CollaborateAgenToC\\AgentC\\vendor\\laravel\\framework\\src\\Illuminate\\Foundation\\Http\\Middleware\\TransformsRequest.php(21): Illuminate\\Pipeline\\Pipeline->{closure:Illuminate\\Pipeline\\Pipeline::prepareDestination():167}(Object(Illuminate\\Http\\Request))
#38 D:\\development\\CollaborateAgenToC\\AgentC\\vendor\\laravel\\framework\\src\\Illuminate\\Foundation\\Http\\Middleware\\ConvertEmptyStringsToNull.php(31): Illuminate\\Foundation\\Http\\Middleware\\TransformsRequest->handle(Object(Illuminate\\Http\\Request), Object(Closure))
#39 D:\\development\\CollaborateAgenToC\\AgentC\\vendor\\laravel\\framework\\src\\Illuminate\\Pipeline\\Pipeline.php(208): Illuminate\\Foundation\\Http\\Middleware\\ConvertEmptyStringsToNull->handle(Object(Illuminate\\Http\\Request), Object(Closure))
#40 D:\\development\\CollaborateAgenToC\\AgentC\\vendor\\laravel\\framework\\src\\Illuminate\\Foundation\\Http\\Middleware\\TransformsRequest.php(21): Illuminate\\Pipeline\\Pipeline->{closure:{closure:Illuminate\\Pipeline\\Pipeline::carry():183}:184}(Object(Illuminate\\Http\\Request))
#41 D:\\development\\CollaborateAgenToC\\AgentC\\vendor\\laravel\\framework\\src\\Illuminate\\Foundation\\Http\\Middleware\\TrimStrings.php(51): Illuminate\\Foundation\\Http\\Middleware\\TransformsRequest->handle(Object(Illuminate\\Http\\Request), Object(Closure))
#42 D:\\development\\CollaborateAgenToC\\AgentC\\vendor\\laravel\\framework\\src\\Illuminate\\Pipeline\\Pipeline.php(208): Illuminate\\Foundation\\Http\\Middleware\\TrimStrings->handle(Object(Illuminate\\Http\\Request), Object(Closure))
#43 D:\\development\\CollaborateAgenToC\\AgentC\\vendor\\laravel\\framework\\src\\Illuminate\\Http\\Middleware\\ValidatePostSize.php(27): Illuminate\\Pipeline\\Pipeline->{closure:{closure:Illuminate\\Pipeline\\Pipeline::carry():183}:184}(Object(Illuminate\\Http\\Request))
#44 D:\\development\\CollaborateAgenToC\\AgentC\\vendor\\laravel\\framework\\src\\Illuminate\\Pipeline\\Pipeline.php(208): Illuminate\\Http\\Middleware\\ValidatePostSize->handle(Object(Illuminate\\Http\\Request), Object(Closure))
#45 D:\\development\\CollaborateAgenToC\\AgentC\\vendor\\laravel\\framework\\src\\Illuminate\\Foundation\\Http\\Middleware\\PreventRequestsDuringMaintenance.php(109): Illuminate\\Pipeline\\Pipeline->{closure:{closure:Illuminate\\Pipeline\\Pipeline::carry():183}:184}(Object(Illuminate\\Http\\Request))
#46 D:\\development\\CollaborateAgenToC\\AgentC\\vendor\\laravel\\framework\\src\\Illuminate\\Pipeline\\Pipeline.php(208): Illuminate\\Foundation\\Http\\Middleware\\PreventRequestsDuringMaintenance->handle(Object(Illuminate\\Http\\Request), Object(Closure))
#47 D:\\development\\CollaborateAgenToC\\AgentC\\vendor\\laravel\\framework\\src\\Illuminate\\Http\\Middleware\\HandleCors.php(48): Illuminate\\Pipeline\\Pipeline->{closure:{closure:Illuminate\\Pipeline\\Pipeline::carry():183}:184}(Object(Illuminate\\Http\\Request))
#48 D:\\development\\CollaborateAgenToC\\AgentC\\vendor\\laravel\\framework\\src\\Illuminate\\Pipeline\\Pipeline.php(208): Illuminate\\Http\\Middleware\\HandleCors->handle(Object(Illuminate\\Http\\Request), Object(Closure))
#49 D:\\development\\CollaborateAgenToC\\AgentC\\vendor\\laravel\\framework\\src\\Illuminate\\Http\\Middleware\\TrustProxies.php(58): Illuminate\\Pipeline\\Pipeline->{closure:{closure:Illuminate\\Pipeline\\Pipeline::carry():183}:184}(Object(Illuminate\\Http\\Request))
#50 D:\\development\\CollaborateAgenToC\\AgentC\\vendor\\laravel\\framework\\src\\Illuminate\\Pipeline\\Pipeline.php(208): Illuminate\\Http\\Middleware\\TrustProxies->handle(Object(Illuminate\\Http\\Request), Object(Closure))
#51 D:\\development\\CollaborateAgenToC\\AgentC\\vendor\\laravel\\framework\\src\\Illuminate\\Foundation\\Http\\Middleware\\InvokeDeferredCallbacks.php(22): Illuminate\\Pipeline\\Pipeline->{closure:{closure:Illuminate\\Pipeline\\Pipeline::carry():183}:184}(Object(Illuminate\\Http\\Request))
#52 D:\\development\\CollaborateAgenToC\\AgentC\\vendor\\laravel\\framework\\src\\Illuminate\\Pipeline\\Pipeline.php(208): Illuminate\\Foundation\\Http\\Middleware\\InvokeDeferredCallbacks->handle(Object(Illuminate\\Http\\Request), Object(Closure))
#53 D:\\development\\CollaborateAgenToC\\AgentC\\vendor\\laravel\\framework\\src\\Illuminate\\Http\\Middleware\\ValidatePathEncoding.php(26): Illuminate\\Pipeline\\Pipeline->{closure:{closure:Illuminate\\Pipeline\\Pipeline::carry():183}:184}(Object(Illuminate\\Http\\Request))
#54 D:\\development\\CollaborateAgenToC\\AgentC\\vendor\\laravel\\framework\\src\\Illuminate\\Pipeline\\Pipeline.php(208): Illuminate\\Http\\Middleware\\ValidatePathEncoding->handle(Object(Illuminate\\Http\\Request), Object(Closure))
#55 D:\\development\\CollaborateAgenToC\\AgentC\\vendor\\laravel\\framework\\src\\Illuminate\\Pipeline\\Pipeline.php(126): Illuminate\\Pipeline\\Pipeline->{closure:{closure:Illuminate\\Pipeline\\Pipeline::carry():183}:184}(Object(Illuminate\\Http\\Request))
#56 D:\\development\\CollaborateAgenToC\\AgentC\\vendor\\laravel\\framework\\src\\Illuminate\\Foundation\\Http\\Kernel.php(175): Illuminate\\Pipeline\\Pipeline->then(Object(Closure))
#57 D:\\development\\CollaborateAgenToC\\AgentC\\vendor\\laravel\\framework\\src\\Illuminate\\Foundation\\Http\\Kernel.php(144): Illuminate\\Foundation\\Http\\Kernel->sendRequestThroughRouter(Object(Illuminate\\Http\\Request))
#58 D:\\development\\CollaborateAgenToC\\AgentC\\vendor\\laravel\\framework\\src\\Illuminate\\Foundation\\Application.php(1219): Illuminate\\Foundation\\Http\\Kernel->handle(Object(Illuminate\\Http\\Request))
#59 D:\\development\\CollaborateAgenToC\\AgentC\\public\\index.php(20): Illuminate\\Foundation\\Application->handleRequest(Object(Illuminate\\Http\\Request))
#60 D:\\development\\CollaborateAgenToC\\AgentC\\vendor\\laravel\\framework\\src\\Illuminate\\Foundation\\resources\\server.php(23): require_once('D:\\\\development\\\\...')
#61 {main}
"} 
[2025-08-29 15:02:52] Development.ERROR: Attempt to read property "task_contract" on null (View: D:\development\CollaborateAgenToC\AgentC\resources\views\transaction\receipt.blade.php) {"exception":"[object] (Illuminate\\View\\ViewException(code: 0): Attempt to read property \"task_contract\" on null (View: D:\\development\\CollaborateAgenToC\\AgentC\\resources\\views\\transaction\\receipt.blade.php) at D:\\development\\CollaborateAgenToC\\AgentC\\storage\\framework\\views\\a2c19a32c08e629f139836f12dd716ec.php:135)
[stacktrace]
#0 D:\\development\\CollaborateAgenToC\\AgentC\\vendor\\laravel\\framework\\src\\Illuminate\\View\\Engines\\PhpEngine.php(59): Illuminate\\View\\Engines\\CompilerEngine->handleViewException(Object(ErrorException), 0)
#1 D:\\development\\CollaborateAgenToC\\AgentC\\vendor\\laravel\\framework\\src\\Illuminate\\View\\Engines\\CompilerEngine.php(74): Illuminate\\View\\Engines\\PhpEngine->evaluatePath('D:\\\\development\\\\...', Array)
#2 D:\\development\\CollaborateAgenToC\\AgentC\\vendor\\laravel\\framework\\src\\Illuminate\\View\\View.php(208): Illuminate\\View\\Engines\\CompilerEngine->get('D:\\\\development\\\\...', Array)
#3 D:\\development\\CollaborateAgenToC\\AgentC\\vendor\\laravel\\framework\\src\\Illuminate\\View\\View.php(191): Illuminate\\View\\View->getContents()
#4 D:\\development\\CollaborateAgenToC\\AgentC\\vendor\\laravel\\framework\\src\\Illuminate\\View\\View.php(160): Illuminate\\View\\View->renderContents()
#5 D:\\development\\CollaborateAgenToC\\AgentC\\vendor\\laravel\\framework\\src\\Illuminate\\Http\\Response.php(78): Illuminate\\View\\View->render()
#6 D:\\development\\CollaborateAgenToC\\AgentC\\vendor\\laravel\\framework\\src\\Illuminate\\Http\\Response.php(34): Illuminate\\Http\\Response->setContent(Object(Illuminate\\View\\View))
#7 D:\\development\\CollaborateAgenToC\\AgentC\\vendor\\laravel\\framework\\src\\Illuminate\\Routing\\Router.php(924): Illuminate\\Http\\Response->__construct(Object(Illuminate\\View\\View), 200, Array)
#8 D:\\development\\CollaborateAgenToC\\AgentC\\vendor\\laravel\\framework\\src\\Illuminate\\Routing\\Router.php(891): Illuminate\\Routing\\Router::toResponse(Object(Illuminate\\Http\\Request), Object(Illuminate\\View\\View))
#9 D:\\development\\CollaborateAgenToC\\AgentC\\vendor\\laravel\\framework\\src\\Illuminate\\Routing\\Router.php(807): Illuminate\\Routing\\Router->prepareResponse(Object(Illuminate\\Http\\Request), Object(Illuminate\\View\\View))
#10 D:\\development\\CollaborateAgenToC\\AgentC\\vendor\\laravel\\framework\\src\\Illuminate\\Pipeline\\Pipeline.php(169): Illuminate\\Routing\\Router->{closure:Illuminate\\Routing\\Router::runRouteWithinStack():807}(Object(Illuminate\\Http\\Request))
#11 D:\\development\\CollaborateAgenToC\\AgentC\\vendor\\laravel\\framework\\src\\Illuminate\\Routing\\Middleware\\SubstituteBindings.php(50): Illuminate\\Pipeline\\Pipeline->{closure:Illuminate\\Pipeline\\Pipeline::prepareDestination():167}(Object(Illuminate\\Http\\Request))
#12 D:\\development\\CollaborateAgenToC\\AgentC\\vendor\\laravel\\framework\\src\\Illuminate\\Pipeline\\Pipeline.php(208): Illuminate\\Routing\\Middleware\\SubstituteBindings->handle(Object(Illuminate\\Http\\Request), Object(Closure))
#13 D:\\development\\CollaborateAgenToC\\AgentC\\vendor\\laravel\\framework\\src\\Illuminate\\Foundation\\Http\\Middleware\\VerifyCsrfToken.php(87): Illuminate\\Pipeline\\Pipeline->{closure:{closure:Illuminate\\Pipeline\\Pipeline::carry():183}:184}(Object(Illuminate\\Http\\Request))
#14 D:\\development\\CollaborateAgenToC\\AgentC\\vendor\\laravel\\framework\\src\\Illuminate\\Pipeline\\Pipeline.php(208): Illuminate\\Foundation\\Http\\Middleware\\VerifyCsrfToken->handle(Object(Illuminate\\Http\\Request), Object(Closure))
#15 D:\\development\\CollaborateAgenToC\\AgentC\\vendor\\laravel\\framework\\src\\Illuminate\\View\\Middleware\\ShareErrorsFromSession.php(48): Illuminate\\Pipeline\\Pipeline->{closure:{closure:Illuminate\\Pipeline\\Pipeline::carry():183}:184}(Object(Illuminate\\Http\\Request))
#16 D:\\development\\CollaborateAgenToC\\AgentC\\vendor\\laravel\\framework\\src\\Illuminate\\Pipeline\\Pipeline.php(208): Illuminate\\View\\Middleware\\ShareErrorsFromSession->handle(Object(Illuminate\\Http\\Request), Object(Closure))
#17 D:\\development\\CollaborateAgenToC\\AgentC\\vendor\\laravel\\framework\\src\\Illuminate\\Session\\Middleware\\StartSession.php(120): Illuminate\\Pipeline\\Pipeline->{closure:{closure:Illuminate\\Pipeline\\Pipeline::carry():183}:184}(Object(Illuminate\\Http\\Request))
#18 D:\\development\\CollaborateAgenToC\\AgentC\\vendor\\laravel\\framework\\src\\Illuminate\\Session\\Middleware\\StartSession.php(63): Illuminate\\Session\\Middleware\\StartSession->handleStatefulRequest(Object(Illuminate\\Http\\Request), Object(Illuminate\\Session\\Store), Object(Closure))
#19 D:\\development\\CollaborateAgenToC\\AgentC\\vendor\\laravel\\framework\\src\\Illuminate\\Pipeline\\Pipeline.php(208): Illuminate\\Session\\Middleware\\StartSession->handle(Object(Illuminate\\Http\\Request), Object(Closure))
#20 D:\\development\\CollaborateAgenToC\\AgentC\\vendor\\laravel\\framework\\src\\Illuminate\\Cookie\\Middleware\\AddQueuedCookiesToResponse.php(36): Illuminate\\Pipeline\\Pipeline->{closure:{closure:Illuminate\\Pipeline\\Pipeline::carry():183}:184}(Object(Illuminate\\Http\\Request))
#21 D:\\development\\CollaborateAgenToC\\AgentC\\vendor\\laravel\\framework\\src\\Illuminate\\Pipeline\\Pipeline.php(208): Illuminate\\Cookie\\Middleware\\AddQueuedCookiesToResponse->handle(Object(Illuminate\\Http\\Request), Object(Closure))
#22 D:\\development\\CollaborateAgenToC\\AgentC\\vendor\\laravel\\framework\\src\\Illuminate\\Cookie\\Middleware\\EncryptCookies.php(74): Illuminate\\Pipeline\\Pipeline->{closure:{closure:Illuminate\\Pipeline\\Pipeline::carry():183}:184}(Object(Illuminate\\Http\\Request))
#23 D:\\development\\CollaborateAgenToC\\AgentC\\vendor\\laravel\\framework\\src\\Illuminate\\Pipeline\\Pipeline.php(208): Illuminate\\Cookie\\Middleware\\EncryptCookies->handle(Object(Illuminate\\Http\\Request), Object(Closure))
#24 D:\\development\\CollaborateAgenToC\\AgentC\\vendor\\laravel\\framework\\src\\Illuminate\\Pipeline\\Pipeline.php(126): Illuminate\\Pipeline\\Pipeline->{closure:{closure:Illuminate\\Pipeline\\Pipeline::carry():183}:184}(Object(Illuminate\\Http\\Request))
#25 D:\\development\\CollaborateAgenToC\\AgentC\\vendor\\laravel\\framework\\src\\Illuminate\\Routing\\Router.php(807): Illuminate\\Pipeline\\Pipeline->then(Object(Closure))
#26 D:\\development\\CollaborateAgenToC\\AgentC\\vendor\\laravel\\framework\\src\\Illuminate\\Routing\\Router.php(786): Illuminate\\Routing\\Router->runRouteWithinStack(Object(Illuminate\\Routing\\Route), Object(Illuminate\\Http\\Request))
#27 D:\\development\\CollaborateAgenToC\\AgentC\\vendor\\laravel\\framework\\src\\Illuminate\\Routing\\Router.php(750): Illuminate\\Routing\\Router->runRoute(Object(Illuminate\\Http\\Request), Object(Illuminate\\Routing\\Route))
#28 D:\\development\\CollaborateAgenToC\\AgentC\\vendor\\laravel\\framework\\src\\Illuminate\\Routing\\Router.php(739): Illuminate\\Routing\\Router->dispatchToRoute(Object(Illuminate\\Http\\Request))
#29 D:\\development\\CollaborateAgenToC\\AgentC\\vendor\\laravel\\framework\\src\\Illuminate\\Foundation\\Http\\Kernel.php(200): Illuminate\\Routing\\Router->dispatch(Object(Illuminate\\Http\\Request))
#30 D:\\development\\CollaborateAgenToC\\AgentC\\vendor\\laravel\\framework\\src\\Illuminate\\Pipeline\\Pipeline.php(169): Illuminate\\Foundation\\Http\\Kernel->{closure:Illuminate\\Foundation\\Http\\Kernel::dispatchToRouter():197}(Object(Illuminate\\Http\\Request))
#31 D:\\development\\CollaborateAgenToC\\AgentC\\vendor\\laravel\\framework\\src\\Illuminate\\Foundation\\Http\\Middleware\\TransformsRequest.php(21): Illuminate\\Pipeline\\Pipeline->{closure:Illuminate\\Pipeline\\Pipeline::prepareDestination():167}(Object(Illuminate\\Http\\Request))
#32 D:\\development\\CollaborateAgenToC\\AgentC\\vendor\\laravel\\framework\\src\\Illuminate\\Foundation\\Http\\Middleware\\ConvertEmptyStringsToNull.php(31): Illuminate\\Foundation\\Http\\Middleware\\TransformsRequest->handle(Object(Illuminate\\Http\\Request), Object(Closure))
#33 D:\\development\\CollaborateAgenToC\\AgentC\\vendor\\laravel\\framework\\src\\Illuminate\\Pipeline\\Pipeline.php(208): Illuminate\\Foundation\\Http\\Middleware\\ConvertEmptyStringsToNull->handle(Object(Illuminate\\Http\\Request), Object(Closure))
#34 D:\\development\\CollaborateAgenToC\\AgentC\\vendor\\laravel\\framework\\src\\Illuminate\\Foundation\\Http\\Middleware\\TransformsRequest.php(21): Illuminate\\Pipeline\\Pipeline->{closure:{closure:Illuminate\\Pipeline\\Pipeline::carry():183}:184}(Object(Illuminate\\Http\\Request))
#35 D:\\development\\CollaborateAgenToC\\AgentC\\vendor\\laravel\\framework\\src\\Illuminate\\Foundation\\Http\\Middleware\\TrimStrings.php(51): Illuminate\\Foundation\\Http\\Middleware\\TransformsRequest->handle(Object(Illuminate\\Http\\Request), Object(Closure))
#36 D:\\development\\CollaborateAgenToC\\AgentC\\vendor\\laravel\\framework\\src\\Illuminate\\Pipeline\\Pipeline.php(208): Illuminate\\Foundation\\Http\\Middleware\\TrimStrings->handle(Object(Illuminate\\Http\\Request), Object(Closure))
#37 D:\\development\\CollaborateAgenToC\\AgentC\\vendor\\laravel\\framework\\src\\Illuminate\\Http\\Middleware\\ValidatePostSize.php(27): Illuminate\\Pipeline\\Pipeline->{closure:{closure:Illuminate\\Pipeline\\Pipeline::carry():183}:184}(Object(Illuminate\\Http\\Request))
#38 D:\\development\\CollaborateAgenToC\\AgentC\\vendor\\laravel\\framework\\src\\Illuminate\\Pipeline\\Pipeline.php(208): Illuminate\\Http\\Middleware\\ValidatePostSize->handle(Object(Illuminate\\Http\\Request), Object(Closure))
#39 D:\\development\\CollaborateAgenToC\\AgentC\\vendor\\laravel\\framework\\src\\Illuminate\\Foundation\\Http\\Middleware\\PreventRequestsDuringMaintenance.php(109): Illuminate\\Pipeline\\Pipeline->{closure:{closure:Illuminate\\Pipeline\\Pipeline::carry():183}:184}(Object(Illuminate\\Http\\Request))
#40 D:\\development\\CollaborateAgenToC\\AgentC\\vendor\\laravel\\framework\\src\\Illuminate\\Pipeline\\Pipeline.php(208): Illuminate\\Foundation\\Http\\Middleware\\PreventRequestsDuringMaintenance->handle(Object(Illuminate\\Http\\Request), Object(Closure))
#41 D:\\development\\CollaborateAgenToC\\AgentC\\vendor\\laravel\\framework\\src\\Illuminate\\Http\\Middleware\\HandleCors.php(48): Illuminate\\Pipeline\\Pipeline->{closure:{closure:Illuminate\\Pipeline\\Pipeline::carry():183}:184}(Object(Illuminate\\Http\\Request))
#42 D:\\development\\CollaborateAgenToC\\AgentC\\vendor\\laravel\\framework\\src\\Illuminate\\Pipeline\\Pipeline.php(208): Illuminate\\Http\\Middleware\\HandleCors->handle(Object(Illuminate\\Http\\Request), Object(Closure))
#43 D:\\development\\CollaborateAgenToC\\AgentC\\vendor\\laravel\\framework\\src\\Illuminate\\Http\\Middleware\\TrustProxies.php(58): Illuminate\\Pipeline\\Pipeline->{closure:{closure:Illuminate\\Pipeline\\Pipeline::carry():183}:184}(Object(Illuminate\\Http\\Request))
#44 D:\\development\\CollaborateAgenToC\\AgentC\\vendor\\laravel\\framework\\src\\Illuminate\\Pipeline\\Pipeline.php(208): Illuminate\\Http\\Middleware\\TrustProxies->handle(Object(Illuminate\\Http\\Request), Object(Closure))
#45 D:\\development\\CollaborateAgenToC\\AgentC\\vendor\\laravel\\framework\\src\\Illuminate\\Foundation\\Http\\Middleware\\InvokeDeferredCallbacks.php(22): Illuminate\\Pipeline\\Pipeline->{closure:{closure:Illuminate\\Pipeline\\Pipeline::carry():183}:184}(Object(Illuminate\\Http\\Request))
#46 D:\\development\\CollaborateAgenToC\\AgentC\\vendor\\laravel\\framework\\src\\Illuminate\\Pipeline\\Pipeline.php(208): Illuminate\\Foundation\\Http\\Middleware\\InvokeDeferredCallbacks->handle(Object(Illuminate\\Http\\Request), Object(Closure))
#47 D:\\development\\CollaborateAgenToC\\AgentC\\vendor\\laravel\\framework\\src\\Illuminate\\Http\\Middleware\\ValidatePathEncoding.php(26): Illuminate\\Pipeline\\Pipeline->{closure:{closure:Illuminate\\Pipeline\\Pipeline::carry():183}:184}(Object(Illuminate\\Http\\Request))
#48 D:\\development\\CollaborateAgenToC\\AgentC\\vendor\\laravel\\framework\\src\\Illuminate\\Pipeline\\Pipeline.php(208): Illuminate\\Http\\Middleware\\ValidatePathEncoding->handle(Object(Illuminate\\Http\\Request), Object(Closure))
#49 D:\\development\\CollaborateAgenToC\\AgentC\\vendor\\laravel\\framework\\src\\Illuminate\\Pipeline\\Pipeline.php(126): Illuminate\\Pipeline\\Pipeline->{closure:{closure:Illuminate\\Pipeline\\Pipeline::carry():183}:184}(Object(Illuminate\\Http\\Request))
#50 D:\\development\\CollaborateAgenToC\\AgentC\\vendor\\laravel\\framework\\src\\Illuminate\\Foundation\\Http\\Kernel.php(175): Illuminate\\Pipeline\\Pipeline->then(Object(Closure))
#51 D:\\development\\CollaborateAgenToC\\AgentC\\vendor\\laravel\\framework\\src\\Illuminate\\Foundation\\Http\\Kernel.php(144): Illuminate\\Foundation\\Http\\Kernel->sendRequestThroughRouter(Object(Illuminate\\Http\\Request))
#52 D:\\development\\CollaborateAgenToC\\AgentC\\vendor\\laravel\\framework\\src\\Illuminate\\Foundation\\Application.php(1219): Illuminate\\Foundation\\Http\\Kernel->handle(Object(Illuminate\\Http\\Request))
#53 D:\\development\\CollaborateAgenToC\\AgentC\\public\\index.php(20): Illuminate\\Foundation\\Application->handleRequest(Object(Illuminate\\Http\\Request))
#54 D:\\development\\CollaborateAgenToC\\AgentC\\vendor\\laravel\\framework\\src\\Illuminate\\Foundation\\resources\\server.php(23): require_once('D:\\\\development\\\\...')
#55 {main}

[previous exception] [object] (ErrorException(code: 0): Attempt to read property \"task_contract\" on null at D:\\development\\CollaborateAgenToC\\AgentC\\storage\\framework\\views\\a2c19a32c08e629f139836f12dd716ec.php:135)
[stacktrace]
#0 D:\\development\\CollaborateAgenToC\\AgentC\\vendor\\laravel\\framework\\src\\Illuminate\\Foundation\\Bootstrap\\HandleExceptions.php(256): Illuminate\\Foundation\\Bootstrap\\HandleExceptions->handleError(2, 'Attempt to read...', 'D:\\\\development\\\\...', 135)
#1 D:\\development\\CollaborateAgenToC\\AgentC\\storage\\framework\\views\\a2c19a32c08e629f139836f12dd716ec.php(135): Illuminate\\Foundation\\Bootstrap\\HandleExceptions->{closure:Illuminate\\Foundation\\Bootstrap\\HandleExceptions::forwardsTo():255}(2, 'Attempt to read...', 'D:\\\\development\\\\...', 135)
#2 D:\\development\\CollaborateAgenToC\\AgentC\\vendor\\laravel\\framework\\src\\Illuminate\\Filesystem\\Filesystem.php(123): require('D:\\\\development\\\\...')
#3 D:\\development\\CollaborateAgenToC\\AgentC\\vendor\\laravel\\framework\\src\\Illuminate\\Filesystem\\Filesystem.php(124): Illuminate\\Filesystem\\Filesystem::{closure:Illuminate\\Filesystem\\Filesystem::getRequire():120}()
#4 D:\\development\\CollaborateAgenToC\\AgentC\\vendor\\laravel\\framework\\src\\Illuminate\\View\\Engines\\PhpEngine.php(57): Illuminate\\Filesystem\\Filesystem->getRequire('D:\\\\development\\\\...', Array)
#5 D:\\development\\CollaborateAgenToC\\AgentC\\vendor\\laravel\\framework\\src\\Illuminate\\View\\Engines\\CompilerEngine.php(74): Illuminate\\View\\Engines\\PhpEngine->evaluatePath('D:\\\\development\\\\...', Array)
#6 D:\\development\\CollaborateAgenToC\\AgentC\\vendor\\laravel\\framework\\src\\Illuminate\\View\\View.php(208): Illuminate\\View\\Engines\\CompilerEngine->get('D:\\\\development\\\\...', Array)
#7 D:\\development\\CollaborateAgenToC\\AgentC\\vendor\\laravel\\framework\\src\\Illuminate\\View\\View.php(191): Illuminate\\View\\View->getContents()
#8 D:\\development\\CollaborateAgenToC\\AgentC\\vendor\\laravel\\framework\\src\\Illuminate\\View\\View.php(160): Illuminate\\View\\View->renderContents()
#9 D:\\development\\CollaborateAgenToC\\AgentC\\vendor\\laravel\\framework\\src\\Illuminate\\Http\\Response.php(78): Illuminate\\View\\View->render()
#10 D:\\development\\CollaborateAgenToC\\AgentC\\vendor\\laravel\\framework\\src\\Illuminate\\Http\\Response.php(34): Illuminate\\Http\\Response->setContent(Object(Illuminate\\View\\View))
#11 D:\\development\\CollaborateAgenToC\\AgentC\\vendor\\laravel\\framework\\src\\Illuminate\\Routing\\Router.php(924): Illuminate\\Http\\Response->__construct(Object(Illuminate\\View\\View), 200, Array)
#12 D:\\development\\CollaborateAgenToC\\AgentC\\vendor\\laravel\\framework\\src\\Illuminate\\Routing\\Router.php(891): Illuminate\\Routing\\Router::toResponse(Object(Illuminate\\Http\\Request), Object(Illuminate\\View\\View))
#13 D:\\development\\CollaborateAgenToC\\AgentC\\vendor\\laravel\\framework\\src\\Illuminate\\Routing\\Router.php(807): Illuminate\\Routing\\Router->prepareResponse(Object(Illuminate\\Http\\Request), Object(Illuminate\\View\\View))
#14 D:\\development\\CollaborateAgenToC\\AgentC\\vendor\\laravel\\framework\\src\\Illuminate\\Pipeline\\Pipeline.php(169): Illuminate\\Routing\\Router->{closure:Illuminate\\Routing\\Router::runRouteWithinStack():807}(Object(Illuminate\\Http\\Request))
#15 D:\\development\\CollaborateAgenToC\\AgentC\\vendor\\laravel\\framework\\src\\Illuminate\\Routing\\Middleware\\SubstituteBindings.php(50): Illuminate\\Pipeline\\Pipeline->{closure:Illuminate\\Pipeline\\Pipeline::prepareDestination():167}(Object(Illuminate\\Http\\Request))
#16 D:\\development\\CollaborateAgenToC\\AgentC\\vendor\\laravel\\framework\\src\\Illuminate\\Pipeline\\Pipeline.php(208): Illuminate\\Routing\\Middleware\\SubstituteBindings->handle(Object(Illuminate\\Http\\Request), Object(Closure))
#17 D:\\development\\CollaborateAgenToC\\AgentC\\vendor\\laravel\\framework\\src\\Illuminate\\Foundation\\Http\\Middleware\\VerifyCsrfToken.php(87): Illuminate\\Pipeline\\Pipeline->{closure:{closure:Illuminate\\Pipeline\\Pipeline::carry():183}:184}(Object(Illuminate\\Http\\Request))
#18 D:\\development\\CollaborateAgenToC\\AgentC\\vendor\\laravel\\framework\\src\\Illuminate\\Pipeline\\Pipeline.php(208): Illuminate\\Foundation\\Http\\Middleware\\VerifyCsrfToken->handle(Object(Illuminate\\Http\\Request), Object(Closure))
#19 D:\\development\\CollaborateAgenToC\\AgentC\\vendor\\laravel\\framework\\src\\Illuminate\\View\\Middleware\\ShareErrorsFromSession.php(48): Illuminate\\Pipeline\\Pipeline->{closure:{closure:Illuminate\\Pipeline\\Pipeline::carry():183}:184}(Object(Illuminate\\Http\\Request))
#20 D:\\development\\CollaborateAgenToC\\AgentC\\vendor\\laravel\\framework\\src\\Illuminate\\Pipeline\\Pipeline.php(208): Illuminate\\View\\Middleware\\ShareErrorsFromSession->handle(Object(Illuminate\\Http\\Request), Object(Closure))
#21 D:\\development\\CollaborateAgenToC\\AgentC\\vendor\\laravel\\framework\\src\\Illuminate\\Session\\Middleware\\StartSession.php(120): Illuminate\\Pipeline\\Pipeline->{closure:{closure:Illuminate\\Pipeline\\Pipeline::carry():183}:184}(Object(Illuminate\\Http\\Request))
#22 D:\\development\\CollaborateAgenToC\\AgentC\\vendor\\laravel\\framework\\src\\Illuminate\\Session\\Middleware\\StartSession.php(63): Illuminate\\Session\\Middleware\\StartSession->handleStatefulRequest(Object(Illuminate\\Http\\Request), Object(Illuminate\\Session\\Store), Object(Closure))
#23 D:\\development\\CollaborateAgenToC\\AgentC\\vendor\\laravel\\framework\\src\\Illuminate\\Pipeline\\Pipeline.php(208): Illuminate\\Session\\Middleware\\StartSession->handle(Object(Illuminate\\Http\\Request), Object(Closure))
#24 D:\\development\\CollaborateAgenToC\\AgentC\\vendor\\laravel\\framework\\src\\Illuminate\\Cookie\\Middleware\\AddQueuedCookiesToResponse.php(36): Illuminate\\Pipeline\\Pipeline->{closure:{closure:Illuminate\\Pipeline\\Pipeline::carry():183}:184}(Object(Illuminate\\Http\\Request))
#25 D:\\development\\CollaborateAgenToC\\AgentC\\vendor\\laravel\\framework\\src\\Illuminate\\Pipeline\\Pipeline.php(208): Illuminate\\Cookie\\Middleware\\AddQueuedCookiesToResponse->handle(Object(Illuminate\\Http\\Request), Object(Closure))
#26 D:\\development\\CollaborateAgenToC\\AgentC\\vendor\\laravel\\framework\\src\\Illuminate\\Cookie\\Middleware\\EncryptCookies.php(74): Illuminate\\Pipeline\\Pipeline->{closure:{closure:Illuminate\\Pipeline\\Pipeline::carry():183}:184}(Object(Illuminate\\Http\\Request))
#27 D:\\development\\CollaborateAgenToC\\AgentC\\vendor\\laravel\\framework\\src\\Illuminate\\Pipeline\\Pipeline.php(208): Illuminate\\Cookie\\Middleware\\EncryptCookies->handle(Object(Illuminate\\Http\\Request), Object(Closure))
#28 D:\\development\\CollaborateAgenToC\\AgentC\\vendor\\laravel\\framework\\src\\Illuminate\\Pipeline\\Pipeline.php(126): Illuminate\\Pipeline\\Pipeline->{closure:{closure:Illuminate\\Pipeline\\Pipeline::carry():183}:184}(Object(Illuminate\\Http\\Request))
#29 D:\\development\\CollaborateAgenToC\\AgentC\\vendor\\laravel\\framework\\src\\Illuminate\\Routing\\Router.php(807): Illuminate\\Pipeline\\Pipeline->then(Object(Closure))
#30 D:\\development\\CollaborateAgenToC\\AgentC\\vendor\\laravel\\framework\\src\\Illuminate\\Routing\\Router.php(786): Illuminate\\Routing\\Router->runRouteWithinStack(Object(Illuminate\\Routing\\Route), Object(Illuminate\\Http\\Request))
#31 D:\\development\\CollaborateAgenToC\\AgentC\\vendor\\laravel\\framework\\src\\Illuminate\\Routing\\Router.php(750): Illuminate\\Routing\\Router->runRoute(Object(Illuminate\\Http\\Request), Object(Illuminate\\Routing\\Route))
#32 D:\\development\\CollaborateAgenToC\\AgentC\\vendor\\laravel\\framework\\src\\Illuminate\\Routing\\Router.php(739): Illuminate\\Routing\\Router->dispatchToRoute(Object(Illuminate\\Http\\Request))
#33 D:\\development\\CollaborateAgenToC\\AgentC\\vendor\\laravel\\framework\\src\\Illuminate\\Foundation\\Http\\Kernel.php(200): Illuminate\\Routing\\Router->dispatch(Object(Illuminate\\Http\\Request))
#34 D:\\development\\CollaborateAgenToC\\AgentC\\vendor\\laravel\\framework\\src\\Illuminate\\Pipeline\\Pipeline.php(169): Illuminate\\Foundation\\Http\\Kernel->{closure:Illuminate\\Foundation\\Http\\Kernel::dispatchToRouter():197}(Object(Illuminate\\Http\\Request))
#35 D:\\development\\CollaborateAgenToC\\AgentC\\vendor\\laravel\\framework\\src\\Illuminate\\Foundation\\Http\\Middleware\\TransformsRequest.php(21): Illuminate\\Pipeline\\Pipeline->{closure:Illuminate\\Pipeline\\Pipeline::prepareDestination():167}(Object(Illuminate\\Http\\Request))
#36 D:\\development\\CollaborateAgenToC\\AgentC\\vendor\\laravel\\framework\\src\\Illuminate\\Foundation\\Http\\Middleware\\ConvertEmptyStringsToNull.php(31): Illuminate\\Foundation\\Http\\Middleware\\TransformsRequest->handle(Object(Illuminate\\Http\\Request), Object(Closure))
#37 D:\\development\\CollaborateAgenToC\\AgentC\\vendor\\laravel\\framework\\src\\Illuminate\\Pipeline\\Pipeline.php(208): Illuminate\\Foundation\\Http\\Middleware\\ConvertEmptyStringsToNull->handle(Object(Illuminate\\Http\\Request), Object(Closure))
#38 D:\\development\\CollaborateAgenToC\\AgentC\\vendor\\laravel\\framework\\src\\Illuminate\\Foundation\\Http\\Middleware\\TransformsRequest.php(21): Illuminate\\Pipeline\\Pipeline->{closure:{closure:Illuminate\\Pipeline\\Pipeline::carry():183}:184}(Object(Illuminate\\Http\\Request))
#39 D:\\development\\CollaborateAgenToC\\AgentC\\vendor\\laravel\\framework\\src\\Illuminate\\Foundation\\Http\\Middleware\\TrimStrings.php(51): Illuminate\\Foundation\\Http\\Middleware\\TransformsRequest->handle(Object(Illuminate\\Http\\Request), Object(Closure))
#40 D:\\development\\CollaborateAgenToC\\AgentC\\vendor\\laravel\\framework\\src\\Illuminate\\Pipeline\\Pipeline.php(208): Illuminate\\Foundation\\Http\\Middleware\\TrimStrings->handle(Object(Illuminate\\Http\\Request), Object(Closure))
#41 D:\\development\\CollaborateAgenToC\\AgentC\\vendor\\laravel\\framework\\src\\Illuminate\\Http\\Middleware\\ValidatePostSize.php(27): Illuminate\\Pipeline\\Pipeline->{closure:{closure:Illuminate\\Pipeline\\Pipeline::carry():183}:184}(Object(Illuminate\\Http\\Request))
#42 D:\\development\\CollaborateAgenToC\\AgentC\\vendor\\laravel\\framework\\src\\Illuminate\\Pipeline\\Pipeline.php(208): Illuminate\\Http\\Middleware\\ValidatePostSize->handle(Object(Illuminate\\Http\\Request), Object(Closure))
#43 D:\\development\\CollaborateAgenToC\\AgentC\\vendor\\laravel\\framework\\src\\Illuminate\\Foundation\\Http\\Middleware\\PreventRequestsDuringMaintenance.php(109): Illuminate\\Pipeline\\Pipeline->{closure:{closure:Illuminate\\Pipeline\\Pipeline::carry():183}:184}(Object(Illuminate\\Http\\Request))
#44 D:\\development\\CollaborateAgenToC\\AgentC\\vendor\\laravel\\framework\\src\\Illuminate\\Pipeline\\Pipeline.php(208): Illuminate\\Foundation\\Http\\Middleware\\PreventRequestsDuringMaintenance->handle(Object(Illuminate\\Http\\Request), Object(Closure))
#45 D:\\development\\CollaborateAgenToC\\AgentC\\vendor\\laravel\\framework\\src\\Illuminate\\Http\\Middleware\\HandleCors.php(48): Illuminate\\Pipeline\\Pipeline->{closure:{closure:Illuminate\\Pipeline\\Pipeline::carry():183}:184}(Object(Illuminate\\Http\\Request))
#46 D:\\development\\CollaborateAgenToC\\AgentC\\vendor\\laravel\\framework\\src\\Illuminate\\Pipeline\\Pipeline.php(208): Illuminate\\Http\\Middleware\\HandleCors->handle(Object(Illuminate\\Http\\Request), Object(Closure))
#47 D:\\development\\CollaborateAgenToC\\AgentC\\vendor\\laravel\\framework\\src\\Illuminate\\Http\\Middleware\\TrustProxies.php(58): Illuminate\\Pipeline\\Pipeline->{closure:{closure:Illuminate\\Pipeline\\Pipeline::carry():183}:184}(Object(Illuminate\\Http\\Request))
#48 D:\\development\\CollaborateAgenToC\\AgentC\\vendor\\laravel\\framework\\src\\Illuminate\\Pipeline\\Pipeline.php(208): Illuminate\\Http\\Middleware\\TrustProxies->handle(Object(Illuminate\\Http\\Request), Object(Closure))
#49 D:\\development\\CollaborateAgenToC\\AgentC\\vendor\\laravel\\framework\\src\\Illuminate\\Foundation\\Http\\Middleware\\InvokeDeferredCallbacks.php(22): Illuminate\\Pipeline\\Pipeline->{closure:{closure:Illuminate\\Pipeline\\Pipeline::carry():183}:184}(Object(Illuminate\\Http\\Request))
#50 D:\\development\\CollaborateAgenToC\\AgentC\\vendor\\laravel\\framework\\src\\Illuminate\\Pipeline\\Pipeline.php(208): Illuminate\\Foundation\\Http\\Middleware\\InvokeDeferredCallbacks->handle(Object(Illuminate\\Http\\Request), Object(Closure))
#51 D:\\development\\CollaborateAgenToC\\AgentC\\vendor\\laravel\\framework\\src\\Illuminate\\Http\\Middleware\\ValidatePathEncoding.php(26): Illuminate\\Pipeline\\Pipeline->{closure:{closure:Illuminate\\Pipeline\\Pipeline::carry():183}:184}(Object(Illuminate\\Http\\Request))
#52 D:\\development\\CollaborateAgenToC\\AgentC\\vendor\\laravel\\framework\\src\\Illuminate\\Pipeline\\Pipeline.php(208): Illuminate\\Http\\Middleware\\ValidatePathEncoding->handle(Object(Illuminate\\Http\\Request), Object(Closure))
#53 D:\\development\\CollaborateAgenToC\\AgentC\\vendor\\laravel\\framework\\src\\Illuminate\\Pipeline\\Pipeline.php(126): Illuminate\\Pipeline\\Pipeline->{closure:{closure:Illuminate\\Pipeline\\Pipeline::carry():183}:184}(Object(Illuminate\\Http\\Request))
#54 D:\\development\\CollaborateAgenToC\\AgentC\\vendor\\laravel\\framework\\src\\Illuminate\\Foundation\\Http\\Kernel.php(175): Illuminate\\Pipeline\\Pipeline->then(Object(Closure))
#55 D:\\development\\CollaborateAgenToC\\AgentC\\vendor\\laravel\\framework\\src\\Illuminate\\Foundation\\Http\\Kernel.php(144): Illuminate\\Foundation\\Http\\Kernel->sendRequestThroughRouter(Object(Illuminate\\Http\\Request))
#56 D:\\development\\CollaborateAgenToC\\AgentC\\vendor\\laravel\\framework\\src\\Illuminate\\Foundation\\Application.php(1219): Illuminate\\Foundation\\Http\\Kernel->handle(Object(Illuminate\\Http\\Request))
#57 D:\\development\\CollaborateAgenToC\\AgentC\\public\\index.php(20): Illuminate\\Foundation\\Application->handleRequest(Object(Illuminate\\Http\\Request))
#58 D:\\development\\CollaborateAgenToC\\AgentC\\vendor\\laravel\\framework\\src\\Illuminate\\Foundation\\resources\\server.php(23): require_once('D:\\\\development\\\\...')
#59 {main}
"} 
[2025-08-29 15:11:40] Development.ERROR: Attempt to read property "task_id" on null  
[2025-08-29 15:12:16] Development.INFO: Processed data: {"full_name":"Achmad Saepudin","email":"achmad.saepudin21@gmail.com","title":"sdada","description":"sdasdasda","card_number":"4111111111111111","product_code":"GD-5667","due_date":"2025-08-29 15:11:00","product_group_name":"Visual Graphic Design","price":"230000","uploaded_files":["/assets/media/task/1756455136_KK.jpeg"]} 
[2025-08-29 15:12:16] Development.INFO: Begin TransactionImpl.checkout  
[2025-08-29 15:12:16] Development.INFO: Begin AuthImpl.register() call{"full_name":"Achmad Saepudin","email":"achmad.saepudin21@gmail.com","title":"sdada","description":"sdasdasda","card_number":"4111111111111111","product_code":"GD-5667","due_date":"2025-08-29 15:11:00","product_group_name":"Visual Graphic Design","price":"230000","uploaded_files":["\/assets\/media\/task\/1756455136_KK.jpeg"],"role":"client","password":"uniq123","skills":"","tag_line":"","username":"achmad.saepudin21@gmail.com"}  
[2025-08-29 15:12:16] Development.INFO: Browser Log: {"message":{"full_name":"Achmad Saepudin","email":"achmad.saepudin21@gmail.com","title":"sdada","description":"sdasdasda","card_number":"4111111111111111","product_code":"GD-5667","due_date":"2025-08-29 15:11:00","product_group_name":"Visual Graphic Design","price":"230000","uploaded_files":["/assets/media/task/1756455136_KK.jpeg"],"role":"client","password":"uniq123","skills":"","tag_line":"","username":"achmad.saepudin21@gmail.com"},"data":"Begin AuthImpl.register() call"} 
[2025-08-29 15:12:16] Development.INFO: Browser Log: {"message":{"full_name":"Achmad Saepudin","email":"achmad.saepudin21@gmail.com","title":"sdada","description":"sdasdasda","card_number":"4111111111111111","product_code":"GD-5667","due_date":"2025-08-29 15:11:00","product_group_name":"Visual Graphic Design","price":"230000","uploaded_files":["/assets/media/task/1756455136_KK.jpeg"],"role":"client","password":"uniq123","skills":"","tag_line":"","username":"achmad.saepudin21@gmail.com"},"data":"Register User role: RUSER"} 
[2025-08-29 15:12:16] Development.INFO: userDetail {"\u0000*\u0000connection":"sqlite","\u0000*\u0000table":"user_detail","\u0000*\u0000primaryKey":"id","\u0000*\u0000keyType":"int","incrementing":true,"\u0000*\u0000with":[],"\u0000*\u0000withCount":[],"preventsLazyLoading":false,"\u0000*\u0000perPage":15,"exists":true,"wasRecentlyCreated":true,"\u0000*\u0000escapeWhenCastingToString":false,"\u0000*\u0000attributes":{"user_detail_id":"UD-9911-2908","full_name":"Achmad Saepudin","skills":"","tag_line":"","credit_number":"4111111111111111","updated_at":"2025-08-29 15:12:16","created_at":"2025-08-29 15:12:16","id":1},"\u0000*\u0000original":{"user_detail_id":"UD-9911-2908","full_name":"Achmad Saepudin","skills":"","tag_line":"","credit_number":"4111111111111111","updated_at":"2025-08-29 15:12:16","created_at":"2025-08-29 15:12:16","id":1},"\u0000*\u0000changes":[],"\u0000*\u0000previous":[],"\u0000*\u0000casts":[],"\u0000*\u0000classCastCache":[],"\u0000*\u0000attributeCastCache":[],"\u0000*\u0000dateFormat":null,"\u0000*\u0000appends":[],"\u0000*\u0000dispatchesEvents":[],"\u0000*\u0000observables":[],"\u0000*\u0000relations":[],"\u0000*\u0000touches":[],"\u0000*\u0000relationAutoloadCallback":null,"\u0000*\u0000relationAutoloadContext":null,"timestamps":true,"usesUniqueIds":false,"\u0000*\u0000hidden":[],"\u0000*\u0000visible":[],"\u0000*\u0000fillable":["user_detail_id","full_name","skills","tag_line","address_detail","phone_number","postal_code","credit_number","balance_coins"],"\u0000*\u0000guarded":["*"]} 
[2025-08-29 15:12:16] Development.INFO: Browser Log: {"message":"after db insert","data":{"App\\Models\\Users\\User":{"user_detail_id":"UD-9911-2908","username":"achmad.saepudin21@gmail.com","email":"achmad.saepudin21@gmail.com","email_verified_at":"2025-08-29T08:12:16.000000Z","updated_at":"2025-08-29T08:12:16.000000Z","created_at":"2025-08-29T08:12:16.000000Z","id":1}}} 
[2025-08-29 15:12:16] Development.ERROR: TransactionImpl.checkout ["SQLSTATE[23000]: Integrity constraint violation: 19 NOT NULL constraint failed: task_file.task_id (Connection: sqlite, SQL: insert into \"task_file\" (\"task_id\", \"file_path\", \"file_name\", \"file_type\", \"mime_type\", \"file_size\", \"updated_at\", \"created_at\") values (?, /assets/media/task/1756455136_KK.jpeg, 1756455136_KK.jpeg, checkout, image/jpeg, 1187956, 2025-08-29 15:12:16, 2025-08-29 15:12:16))"] 
[2025-08-29 15:12:17] Development.ERROR: Transaction Checkout error:  {"error":"SQLSTATE[23000]: Integrity constraint violation: 19 NOT NULL constraint failed: task_file.task_id (Connection: sqlite, SQL: insert into \"task_file\" (\"task_id\", \"file_path\", \"file_name\", \"file_type\", \"mime_type\", \"file_size\", \"updated_at\", \"created_at\") values (?, /assets/media/task/1756455136_KK.jpeg, 1756455136_KK.jpeg, checkout, image/jpeg, 1187956, 2025-08-29 15:12:16, 2025-08-29 15:12:16))","trace":"#0 D:\\development\\CollaborateAgenToC\\AgentC\\app\\Http\\Controllers\\TransactionsController.php(87): App\\Services\\Impl\\TransactionImpl->checkout(Array)
#1 D:\\development\\CollaborateAgenToC\\AgentC\\vendor\\laravel\\framework\\src\\Illuminate\\Routing\\ControllerDispatcher.php(46): App\\Http\\Controllers\\TransactionsController->checkout(Object(Illuminate\\Http\\Request))
#2 D:\\development\\CollaborateAgenToC\\AgentC\\vendor\\laravel\\framework\\src\\Illuminate\\Routing\\Route.php(265): Illuminate\\Routing\\ControllerDispatcher->dispatch(Object(Illuminate\\Routing\\Route), Object(App\\Http\\Controllers\\TransactionsController), 'checkout')
#3 D:\\development\\CollaborateAgenToC\\AgentC\\vendor\\laravel\\framework\\src\\Illuminate\\Routing\\Route.php(211): Illuminate\\Routing\\Route->runController()
#4 D:\\development\\CollaborateAgenToC\\AgentC\\vendor\\laravel\\framework\\src\\Illuminate\\Routing\\Router.php(808): Illuminate\\Routing\\Route->run()
#5 D:\\development\\CollaborateAgenToC\\AgentC\\vendor\\laravel\\framework\\src\\Illuminate\\Pipeline\\Pipeline.php(169): Illuminate\\Routing\\Router->{closure:Illuminate\\Routing\\Router::runRouteWithinStack():807}(Object(Illuminate\\Http\\Request))
#6 D:\\development\\CollaborateAgenToC\\AgentC\\vendor\\laravel\\framework\\src\\Illuminate\\Routing\\Middleware\\SubstituteBindings.php(50): Illuminate\\Pipeline\\Pipeline->{closure:Illuminate\\Pipeline\\Pipeline::prepareDestination():167}(Object(Illuminate\\Http\\Request))
#7 D:\\development\\CollaborateAgenToC\\AgentC\\vendor\\laravel\\framework\\src\\Illuminate\\Pipeline\\Pipeline.php(208): Illuminate\\Routing\\Middleware\\SubstituteBindings->handle(Object(Illuminate\\Http\\Request), Object(Closure))
#8 D:\\development\\CollaborateAgenToC\\AgentC\\vendor\\laravel\\framework\\src\\Illuminate\\Foundation\\Http\\Middleware\\VerifyCsrfToken.php(87): Illuminate\\Pipeline\\Pipeline->{closure:{closure:Illuminate\\Pipeline\\Pipeline::carry():183}:184}(Object(Illuminate\\Http\\Request))
#9 D:\\development\\CollaborateAgenToC\\AgentC\\vendor\\laravel\\framework\\src\\Illuminate\\Pipeline\\Pipeline.php(208): Illuminate\\Foundation\\Http\\Middleware\\VerifyCsrfToken->handle(Object(Illuminate\\Http\\Request), Object(Closure))
#10 D:\\development\\CollaborateAgenToC\\AgentC\\vendor\\laravel\\framework\\src\\Illuminate\\View\\Middleware\\ShareErrorsFromSession.php(48): Illuminate\\Pipeline\\Pipeline->{closure:{closure:Illuminate\\Pipeline\\Pipeline::carry():183}:184}(Object(Illuminate\\Http\\Request))
#11 D:\\development\\CollaborateAgenToC\\AgentC\\vendor\\laravel\\framework\\src\\Illuminate\\Pipeline\\Pipeline.php(208): Illuminate\\View\\Middleware\\ShareErrorsFromSession->handle(Object(Illuminate\\Http\\Request), Object(Closure))
#12 D:\\development\\CollaborateAgenToC\\AgentC\\vendor\\laravel\\framework\\src\\Illuminate\\Session\\Middleware\\StartSession.php(120): Illuminate\\Pipeline\\Pipeline->{closure:{closure:Illuminate\\Pipeline\\Pipeline::carry():183}:184}(Object(Illuminate\\Http\\Request))
#13 D:\\development\\CollaborateAgenToC\\AgentC\\vendor\\laravel\\framework\\src\\Illuminate\\Session\\Middleware\\StartSession.php(63): Illuminate\\Session\\Middleware\\StartSession->handleStatefulRequest(Object(Illuminate\\Http\\Request), Object(Illuminate\\Session\\Store), Object(Closure))
#14 D:\\development\\CollaborateAgenToC\\AgentC\\vendor\\laravel\\framework\\src\\Illuminate\\Pipeline\\Pipeline.php(208): Illuminate\\Session\\Middleware\\StartSession->handle(Object(Illuminate\\Http\\Request), Object(Closure))
#15 D:\\development\\CollaborateAgenToC\\AgentC\\vendor\\laravel\\framework\\src\\Illuminate\\Cookie\\Middleware\\AddQueuedCookiesToResponse.php(36): Illuminate\\Pipeline\\Pipeline->{closure:{closure:Illuminate\\Pipeline\\Pipeline::carry():183}:184}(Object(Illuminate\\Http\\Request))
#16 D:\\development\\CollaborateAgenToC\\AgentC\\vendor\\laravel\\framework\\src\\Illuminate\\Pipeline\\Pipeline.php(208): Illuminate\\Cookie\\Middleware\\AddQueuedCookiesToResponse->handle(Object(Illuminate\\Http\\Request), Object(Closure))
#17 D:\\development\\CollaborateAgenToC\\AgentC\\vendor\\laravel\\framework\\src\\Illuminate\\Cookie\\Middleware\\EncryptCookies.php(74): Illuminate\\Pipeline\\Pipeline->{closure:{closure:Illuminate\\Pipeline\\Pipeline::carry():183}:184}(Object(Illuminate\\Http\\Request))
#18 D:\\development\\CollaborateAgenToC\\AgentC\\vendor\\laravel\\framework\\src\\Illuminate\\Pipeline\\Pipeline.php(208): Illuminate\\Cookie\\Middleware\\EncryptCookies->handle(Object(Illuminate\\Http\\Request), Object(Closure))
#19 D:\\development\\CollaborateAgenToC\\AgentC\\vendor\\laravel\\framework\\src\\Illuminate\\Pipeline\\Pipeline.php(126): Illuminate\\Pipeline\\Pipeline->{closure:{closure:Illuminate\\Pipeline\\Pipeline::carry():183}:184}(Object(Illuminate\\Http\\Request))
#20 D:\\development\\CollaborateAgenToC\\AgentC\\vendor\\laravel\\framework\\src\\Illuminate\\Routing\\Router.php(807): Illuminate\\Pipeline\\Pipeline->then(Object(Closure))
#21 D:\\development\\CollaborateAgenToC\\AgentC\\vendor\\laravel\\framework\\src\\Illuminate\\Routing\\Router.php(786): Illuminate\\Routing\\Router->runRouteWithinStack(Object(Illuminate\\Routing\\Route), Object(Illuminate\\Http\\Request))
#22 D:\\development\\CollaborateAgenToC\\AgentC\\vendor\\laravel\\framework\\src\\Illuminate\\Routing\\Router.php(750): Illuminate\\Routing\\Router->runRoute(Object(Illuminate\\Http\\Request), Object(Illuminate\\Routing\\Route))
#23 D:\\development\\CollaborateAgenToC\\AgentC\\vendor\\laravel\\framework\\src\\Illuminate\\Routing\\Router.php(739): Illuminate\\Routing\\Router->dispatchToRoute(Object(Illuminate\\Http\\Request))
#24 D:\\development\\CollaborateAgenToC\\AgentC\\vendor\\laravel\\framework\\src\\Illuminate\\Foundation\\Http\\Kernel.php(200): Illuminate\\Routing\\Router->dispatch(Object(Illuminate\\Http\\Request))
#25 D:\\development\\CollaborateAgenToC\\AgentC\\vendor\\laravel\\framework\\src\\Illuminate\\Pipeline\\Pipeline.php(169): Illuminate\\Foundation\\Http\\Kernel->{closure:Illuminate\\Foundation\\Http\\Kernel::dispatchToRouter():197}(Object(Illuminate\\Http\\Request))
#26 D:\\development\\CollaborateAgenToC\\AgentC\\vendor\\laravel\\framework\\src\\Illuminate\\Foundation\\Http\\Middleware\\TransformsRequest.php(21): Illuminate\\Pipeline\\Pipeline->{closure:Illuminate\\Pipeline\\Pipeline::prepareDestination():167}(Object(Illuminate\\Http\\Request))
#27 D:\\development\\CollaborateAgenToC\\AgentC\\vendor\\laravel\\framework\\src\\Illuminate\\Foundation\\Http\\Middleware\\ConvertEmptyStringsToNull.php(31): Illuminate\\Foundation\\Http\\Middleware\\TransformsRequest->handle(Object(Illuminate\\Http\\Request), Object(Closure))
#28 D:\\development\\CollaborateAgenToC\\AgentC\\vendor\\laravel\\framework\\src\\Illuminate\\Pipeline\\Pipeline.php(208): Illuminate\\Foundation\\Http\\Middleware\\ConvertEmptyStringsToNull->handle(Object(Illuminate\\Http\\Request), Object(Closure))
#29 D:\\development\\CollaborateAgenToC\\AgentC\\vendor\\laravel\\framework\\src\\Illuminate\\Foundation\\Http\\Middleware\\TransformsRequest.php(21): Illuminate\\Pipeline\\Pipeline->{closure:{closure:Illuminate\\Pipeline\\Pipeline::carry():183}:184}(Object(Illuminate\\Http\\Request))
#30 D:\\development\\CollaborateAgenToC\\AgentC\\vendor\\laravel\\framework\\src\\Illuminate\\Foundation\\Http\\Middleware\\TrimStrings.php(51): Illuminate\\Foundation\\Http\\Middleware\\TransformsRequest->handle(Object(Illuminate\\Http\\Request), Object(Closure))
#31 D:\\development\\CollaborateAgenToC\\AgentC\\vendor\\laravel\\framework\\src\\Illuminate\\Pipeline\\Pipeline.php(208): Illuminate\\Foundation\\Http\\Middleware\\TrimStrings->handle(Object(Illuminate\\Http\\Request), Object(Closure))
#32 D:\\development\\CollaborateAgenToC\\AgentC\\vendor\\laravel\\framework\\src\\Illuminate\\Http\\Middleware\\ValidatePostSize.php(27): Illuminate\\Pipeline\\Pipeline->{closure:{closure:Illuminate\\Pipeline\\Pipeline::carry():183}:184}(Object(Illuminate\\Http\\Request))
#33 D:\\development\\CollaborateAgenToC\\AgentC\\vendor\\laravel\\framework\\src\\Illuminate\\Pipeline\\Pipeline.php(208): Illuminate\\Http\\Middleware\\ValidatePostSize->handle(Object(Illuminate\\Http\\Request), Object(Closure))
#34 D:\\development\\CollaborateAgenToC\\AgentC\\vendor\\laravel\\framework\\src\\Illuminate\\Foundation\\Http\\Middleware\\PreventRequestsDuringMaintenance.php(109): Illuminate\\Pipeline\\Pipeline->{closure:{closure:Illuminate\\Pipeline\\Pipeline::carry():183}:184}(Object(Illuminate\\Http\\Request))
#35 D:\\development\\CollaborateAgenToC\\AgentC\\vendor\\laravel\\framework\\src\\Illuminate\\Pipeline\\Pipeline.php(208): Illuminate\\Foundation\\Http\\Middleware\\PreventRequestsDuringMaintenance->handle(Object(Illuminate\\Http\\Request), Object(Closure))
#36 D:\\development\\CollaborateAgenToC\\AgentC\\vendor\\laravel\\framework\\src\\Illuminate\\Http\\Middleware\\HandleCors.php(48): Illuminate\\Pipeline\\Pipeline->{closure:{closure:Illuminate\\Pipeline\\Pipeline::carry():183}:184}(Object(Illuminate\\Http\\Request))
#37 D:\\development\\CollaborateAgenToC\\AgentC\\vendor\\laravel\\framework\\src\\Illuminate\\Pipeline\\Pipeline.php(208): Illuminate\\Http\\Middleware\\HandleCors->handle(Object(Illuminate\\Http\\Request), Object(Closure))
#38 D:\\development\\CollaborateAgenToC\\AgentC\\vendor\\laravel\\framework\\src\\Illuminate\\Http\\Middleware\\TrustProxies.php(58): Illuminate\\Pipeline\\Pipeline->{closure:{closure:Illuminate\\Pipeline\\Pipeline::carry():183}:184}(Object(Illuminate\\Http\\Request))
#39 D:\\development\\CollaborateAgenToC\\AgentC\\vendor\\laravel\\framework\\src\\Illuminate\\Pipeline\\Pipeline.php(208): Illuminate\\Http\\Middleware\\TrustProxies->handle(Object(Illuminate\\Http\\Request), Object(Closure))
#40 D:\\development\\CollaborateAgenToC\\AgentC\\vendor\\laravel\\framework\\src\\Illuminate\\Foundation\\Http\\Middleware\\InvokeDeferredCallbacks.php(22): Illuminate\\Pipeline\\Pipeline->{closure:{closure:Illuminate\\Pipeline\\Pipeline::carry():183}:184}(Object(Illuminate\\Http\\Request))
#41 D:\\development\\CollaborateAgenToC\\AgentC\\vendor\\laravel\\framework\\src\\Illuminate\\Pipeline\\Pipeline.php(208): Illuminate\\Foundation\\Http\\Middleware\\InvokeDeferredCallbacks->handle(Object(Illuminate\\Http\\Request), Object(Closure))
#42 D:\\development\\CollaborateAgenToC\\AgentC\\vendor\\laravel\\framework\\src\\Illuminate\\Http\\Middleware\\ValidatePathEncoding.php(26): Illuminate\\Pipeline\\Pipeline->{closure:{closure:Illuminate\\Pipeline\\Pipeline::carry():183}:184}(Object(Illuminate\\Http\\Request))
#43 D:\\development\\CollaborateAgenToC\\AgentC\\vendor\\laravel\\framework\\src\\Illuminate\\Pipeline\\Pipeline.php(208): Illuminate\\Http\\Middleware\\ValidatePathEncoding->handle(Object(Illuminate\\Http\\Request), Object(Closure))
#44 D:\\development\\CollaborateAgenToC\\AgentC\\vendor\\laravel\\framework\\src\\Illuminate\\Pipeline\\Pipeline.php(126): Illuminate\\Pipeline\\Pipeline->{closure:{closure:Illuminate\\Pipeline\\Pipeline::carry():183}:184}(Object(Illuminate\\Http\\Request))
#45 D:\\development\\CollaborateAgenToC\\AgentC\\vendor\\laravel\\framework\\src\\Illuminate\\Foundation\\Http\\Kernel.php(175): Illuminate\\Pipeline\\Pipeline->then(Object(Closure))
#46 D:\\development\\CollaborateAgenToC\\AgentC\\vendor\\laravel\\framework\\src\\Illuminate\\Foundation\\Http\\Kernel.php(144): Illuminate\\Foundation\\Http\\Kernel->sendRequestThroughRouter(Object(Illuminate\\Http\\Request))
#47 D:\\development\\CollaborateAgenToC\\AgentC\\vendor\\laravel\\framework\\src\\Illuminate\\Foundation\\Application.php(1219): Illuminate\\Foundation\\Http\\Kernel->handle(Object(Illuminate\\Http\\Request))
#48 D:\\development\\CollaborateAgenToC\\AgentC\\public\\index.php(20): Illuminate\\Foundation\\Application->handleRequest(Object(Illuminate\\Http\\Request))
#49 D:\\development\\CollaborateAgenToC\\AgentC\\vendor\\laravel\\framework\\src\\Illuminate\\Foundation\\resources\\server.php(23): require_once('D:\\\\development\\\\...')
#50 {main}"} 
[2025-08-29 15:13:03] Development.INFO: Processed data: {"full_name":"Achmad Saepudin","email":"achmad.saepudin21@gmail.com","title":"sdada","description":"adasd","card_number":"4111111111111111","product_code":"GD-5667","due_date":"2025-08-29 15:12:00","product_group_name":"Visual Graphic Design","price":"230000","uploaded_files":["/assets/media/task/1756455183_KK.jpeg"]} 
[2025-08-29 15:13:03] Development.INFO: Begin TransactionImpl.checkout  
[2025-08-29 15:13:03] Development.INFO: Begin AuthImpl.register() call{"full_name":"Achmad Saepudin","email":"achmad.saepudin21@gmail.com","title":"sdada","description":"adasd","card_number":"4111111111111111","product_code":"GD-5667","due_date":"2025-08-29 15:12:00","product_group_name":"Visual Graphic Design","price":"230000","uploaded_files":["\/assets\/media\/task\/1756455183_KK.jpeg"],"role":"client","password":"uniq123","skills":"","tag_line":"","username":"achmad.saepudin21@gmail.com"}  
[2025-08-29 15:13:03] Development.INFO: Browser Log: {"message":{"full_name":"Achmad Saepudin","email":"achmad.saepudin21@gmail.com","title":"sdada","description":"adasd","card_number":"4111111111111111","product_code":"GD-5667","due_date":"2025-08-29 15:12:00","product_group_name":"Visual Graphic Design","price":"230000","uploaded_files":["/assets/media/task/1756455183_KK.jpeg"],"role":"client","password":"uniq123","skills":"","tag_line":"","username":"achmad.saepudin21@gmail.com"},"data":"Begin AuthImpl.register() call"} 
[2025-08-29 15:13:03] Development.INFO: Browser Log: {"message":{"full_name":"Achmad Saepudin","email":"achmad.saepudin21@gmail.com","title":"sdada","description":"adasd","card_number":"4111111111111111","product_code":"GD-5667","due_date":"2025-08-29 15:12:00","product_group_name":"Visual Graphic Design","price":"230000","uploaded_files":["/assets/media/task/1756455183_KK.jpeg"],"role":"client","password":"uniq123","skills":"","tag_line":"","username":"achmad.saepudin21@gmail.com"},"data":"Register User role: RUSER"} 
[2025-08-29 15:13:03] Development.INFO: userDetail {"\u0000*\u0000connection":"sqlite","\u0000*\u0000table":"user_detail","\u0000*\u0000primaryKey":"id","\u0000*\u0000keyType":"int","incrementing":true,"\u0000*\u0000with":[],"\u0000*\u0000withCount":[],"preventsLazyLoading":false,"\u0000*\u0000perPage":15,"exists":true,"wasRecentlyCreated":true,"\u0000*\u0000escapeWhenCastingToString":false,"\u0000*\u0000attributes":{"user_detail_id":"UD-2397-2908","full_name":"Achmad Saepudin","skills":"","tag_line":"","credit_number":"4111111111111111","updated_at":"2025-08-29 15:13:03","created_at":"2025-08-29 15:13:03","id":2},"\u0000*\u0000original":{"user_detail_id":"UD-2397-2908","full_name":"Achmad Saepudin","skills":"","tag_line":"","credit_number":"4111111111111111","updated_at":"2025-08-29 15:13:03","created_at":"2025-08-29 15:13:03","id":2},"\u0000*\u0000changes":[],"\u0000*\u0000previous":[],"\u0000*\u0000casts":[],"\u0000*\u0000classCastCache":[],"\u0000*\u0000attributeCastCache":[],"\u0000*\u0000dateFormat":null,"\u0000*\u0000appends":[],"\u0000*\u0000dispatchesEvents":[],"\u0000*\u0000observables":[],"\u0000*\u0000relations":[],"\u0000*\u0000touches":[],"\u0000*\u0000relationAutoloadCallback":null,"\u0000*\u0000relationAutoloadContext":null,"timestamps":true,"usesUniqueIds":false,"\u0000*\u0000hidden":[],"\u0000*\u0000visible":[],"\u0000*\u0000fillable":["user_detail_id","full_name","skills","tag_line","address_detail","phone_number","postal_code","credit_number","balance_coins"],"\u0000*\u0000guarded":["*"]} 
[2025-08-29 15:13:03] Development.INFO: Browser Log: {"message":"after db insert","data":{"App\\Models\\Users\\User":{"user_detail_id":"UD-2397-2908","username":"achmad.saepudin21@gmail.com","email":"achmad.saepudin21@gmail.com","email_verified_at":"2025-08-29T08:13:03.000000Z","updated_at":"2025-08-29T08:13:03.000000Z","created_at":"2025-08-29T08:13:03.000000Z","id":2}}} 
[2025-08-29 15:13:03] Development.ERROR: SQLSTATE[HY000]: General error: 1 no such column: tasks.id (Connection: sqlite, SQL: select "task_type", "task_contract", "deadline" from "tasks" inner join "task_detail" on "tasks"."task_detail_id" = "task_detail"."id" where "tasks"."id" = 1 limit 1) {"exception":"[object] (Illuminate\\Database\\QueryException(code: HY000): SQLSTATE[HY000]: General error: 1 no such column: tasks.id (Connection: sqlite, SQL: select \"task_type\", \"task_contract\", \"deadline\" from \"tasks\" inner join \"task_detail\" on \"tasks\".\"task_detail_id\" = \"task_detail\".\"id\" where \"tasks\".\"id\" = 1 limit 1) at D:\\development\\CollaborateAgenToC\\AgentC\\vendor\\laravel\\framework\\src\\Illuminate\\Database\\Connection.php:822)
[stacktrace]
#0 D:\\development\\CollaborateAgenToC\\AgentC\\vendor\\laravel\\framework\\src\\Illuminate\\Database\\Connection.php(776): Illuminate\\Database\\Connection->runQueryCallback('select \"task_ty...', Array, Object(Closure))
#1 D:\\development\\CollaborateAgenToC\\AgentC\\vendor\\laravel\\framework\\src\\Illuminate\\Database\\Connection.php(395): Illuminate\\Database\\Connection->run('select \"task_ty...', Array, Object(Closure))
#2 D:\\development\\CollaborateAgenToC\\AgentC\\vendor\\laravel\\framework\\src\\Illuminate\\Database\\Query\\Builder.php(3131): Illuminate\\Database\\Connection->select('select \"task_ty...', Array, true)
#3 D:\\development\\CollaborateAgenToC\\AgentC\\vendor\\laravel\\framework\\src\\Illuminate\\Database\\Query\\Builder.php(3116): Illuminate\\Database\\Query\\Builder->runSelect()
#4 D:\\development\\CollaborateAgenToC\\AgentC\\vendor\\laravel\\framework\\src\\Illuminate\\Database\\Query\\Builder.php(3706): Illuminate\\Database\\Query\\Builder->{closure:Illuminate\\Database\\Query\\Builder::get():3115}()
#5 D:\\development\\CollaborateAgenToC\\AgentC\\vendor\\laravel\\framework\\src\\Illuminate\\Database\\Query\\Builder.php(3115): Illuminate\\Database\\Query\\Builder->onceWithColumns(Array, Object(Closure))
#6 D:\\development\\CollaborateAgenToC\\AgentC\\vendor\\laravel\\framework\\src\\Illuminate\\Database\\Eloquent\\Builder.php(872): Illuminate\\Database\\Query\\Builder->get(Array)
#7 D:\\development\\CollaborateAgenToC\\AgentC\\vendor\\laravel\\framework\\src\\Illuminate\\Database\\Eloquent\\Builder.php(854): Illuminate\\Database\\Eloquent\\Builder->getModels(Array)
#8 D:\\development\\CollaborateAgenToC\\AgentC\\vendor\\laravel\\framework\\src\\Illuminate\\Database\\Concerns\\BuildsQueries.php(366): Illuminate\\Database\\Eloquent\\Builder->get(Array)
#9 D:\\development\\CollaborateAgenToC\\AgentC\\app\\Http\\Controllers\\TransactionsController.php(160): Illuminate\\Database\\Eloquent\\Builder->first()
#10 D:\\development\\CollaborateAgenToC\\AgentC\\vendor\\laravel\\framework\\src\\Illuminate\\Routing\\ControllerDispatcher.php(46): App\\Http\\Controllers\\TransactionsController->receipt('100-3897')
#11 D:\\development\\CollaborateAgenToC\\AgentC\\vendor\\laravel\\framework\\src\\Illuminate\\Routing\\Route.php(265): Illuminate\\Routing\\ControllerDispatcher->dispatch(Object(Illuminate\\Routing\\Route), Object(App\\Http\\Controllers\\TransactionsController), 'receipt')
#12 D:\\development\\CollaborateAgenToC\\AgentC\\vendor\\laravel\\framework\\src\\Illuminate\\Routing\\Route.php(211): Illuminate\\Routing\\Route->runController()
#13 D:\\development\\CollaborateAgenToC\\AgentC\\vendor\\laravel\\framework\\src\\Illuminate\\Routing\\Router.php(808): Illuminate\\Routing\\Route->run()
#14 D:\\development\\CollaborateAgenToC\\AgentC\\vendor\\laravel\\framework\\src\\Illuminate\\Pipeline\\Pipeline.php(169): Illuminate\\Routing\\Router->{closure:Illuminate\\Routing\\Router::runRouteWithinStack():807}(Object(Illuminate\\Http\\Request))
#15 D:\\development\\CollaborateAgenToC\\AgentC\\vendor\\laravel\\framework\\src\\Illuminate\\Routing\\Middleware\\SubstituteBindings.php(50): Illuminate\\Pipeline\\Pipeline->{closure:Illuminate\\Pipeline\\Pipeline::prepareDestination():167}(Object(Illuminate\\Http\\Request))
#16 D:\\development\\CollaborateAgenToC\\AgentC\\vendor\\laravel\\framework\\src\\Illuminate\\Pipeline\\Pipeline.php(208): Illuminate\\Routing\\Middleware\\SubstituteBindings->handle(Object(Illuminate\\Http\\Request), Object(Closure))
#17 D:\\development\\CollaborateAgenToC\\AgentC\\vendor\\laravel\\framework\\src\\Illuminate\\Foundation\\Http\\Middleware\\VerifyCsrfToken.php(87): Illuminate\\Pipeline\\Pipeline->{closure:{closure:Illuminate\\Pipeline\\Pipeline::carry():183}:184}(Object(Illuminate\\Http\\Request))
#18 D:\\development\\CollaborateAgenToC\\AgentC\\vendor\\laravel\\framework\\src\\Illuminate\\Pipeline\\Pipeline.php(208): Illuminate\\Foundation\\Http\\Middleware\\VerifyCsrfToken->handle(Object(Illuminate\\Http\\Request), Object(Closure))
#19 D:\\development\\CollaborateAgenToC\\AgentC\\vendor\\laravel\\framework\\src\\Illuminate\\View\\Middleware\\ShareErrorsFromSession.php(48): Illuminate\\Pipeline\\Pipeline->{closure:{closure:Illuminate\\Pipeline\\Pipeline::carry():183}:184}(Object(Illuminate\\Http\\Request))
#20 D:\\development\\CollaborateAgenToC\\AgentC\\vendor\\laravel\\framework\\src\\Illuminate\\Pipeline\\Pipeline.php(208): Illuminate\\View\\Middleware\\ShareErrorsFromSession->handle(Object(Illuminate\\Http\\Request), Object(Closure))
#21 D:\\development\\CollaborateAgenToC\\AgentC\\vendor\\laravel\\framework\\src\\Illuminate\\Session\\Middleware\\StartSession.php(120): Illuminate\\Pipeline\\Pipeline->{closure:{closure:Illuminate\\Pipeline\\Pipeline::carry():183}:184}(Object(Illuminate\\Http\\Request))
#22 D:\\development\\CollaborateAgenToC\\AgentC\\vendor\\laravel\\framework\\src\\Illuminate\\Session\\Middleware\\StartSession.php(63): Illuminate\\Session\\Middleware\\StartSession->handleStatefulRequest(Object(Illuminate\\Http\\Request), Object(Illuminate\\Session\\Store), Object(Closure))
#23 D:\\development\\CollaborateAgenToC\\AgentC\\vendor\\laravel\\framework\\src\\Illuminate\\Pipeline\\Pipeline.php(208): Illuminate\\Session\\Middleware\\StartSession->handle(Object(Illuminate\\Http\\Request), Object(Closure))
#24 D:\\development\\CollaborateAgenToC\\AgentC\\vendor\\laravel\\framework\\src\\Illuminate\\Cookie\\Middleware\\AddQueuedCookiesToResponse.php(36): Illuminate\\Pipeline\\Pipeline->{closure:{closure:Illuminate\\Pipeline\\Pipeline::carry():183}:184}(Object(Illuminate\\Http\\Request))
#25 D:\\development\\CollaborateAgenToC\\AgentC\\vendor\\laravel\\framework\\src\\Illuminate\\Pipeline\\Pipeline.php(208): Illuminate\\Cookie\\Middleware\\AddQueuedCookiesToResponse->handle(Object(Illuminate\\Http\\Request), Object(Closure))
#26 D:\\development\\CollaborateAgenToC\\AgentC\\vendor\\laravel\\framework\\src\\Illuminate\\Cookie\\Middleware\\EncryptCookies.php(74): Illuminate\\Pipeline\\Pipeline->{closure:{closure:Illuminate\\Pipeline\\Pipeline::carry():183}:184}(Object(Illuminate\\Http\\Request))
#27 D:\\development\\CollaborateAgenToC\\AgentC\\vendor\\laravel\\framework\\src\\Illuminate\\Pipeline\\Pipeline.php(208): Illuminate\\Cookie\\Middleware\\EncryptCookies->handle(Object(Illuminate\\Http\\Request), Object(Closure))
#28 D:\\development\\CollaborateAgenToC\\AgentC\\vendor\\laravel\\framework\\src\\Illuminate\\Pipeline\\Pipeline.php(126): Illuminate\\Pipeline\\Pipeline->{closure:{closure:Illuminate\\Pipeline\\Pipeline::carry():183}:184}(Object(Illuminate\\Http\\Request))
#29 D:\\development\\CollaborateAgenToC\\AgentC\\vendor\\laravel\\framework\\src\\Illuminate\\Routing\\Router.php(807): Illuminate\\Pipeline\\Pipeline->then(Object(Closure))
#30 D:\\development\\CollaborateAgenToC\\AgentC\\vendor\\laravel\\framework\\src\\Illuminate\\Routing\\Router.php(786): Illuminate\\Routing\\Router->runRouteWithinStack(Object(Illuminate\\Routing\\Route), Object(Illuminate\\Http\\Request))
#31 D:\\development\\CollaborateAgenToC\\AgentC\\vendor\\laravel\\framework\\src\\Illuminate\\Routing\\Router.php(750): Illuminate\\Routing\\Router->runRoute(Object(Illuminate\\Http\\Request), Object(Illuminate\\Routing\\Route))
#32 D:\\development\\CollaborateAgenToC\\AgentC\\vendor\\laravel\\framework\\src\\Illuminate\\Routing\\Router.php(739): Illuminate\\Routing\\Router->dispatchToRoute(Object(Illuminate\\Http\\Request))
#33 D:\\development\\CollaborateAgenToC\\AgentC\\vendor\\laravel\\framework\\src\\Illuminate\\Foundation\\Http\\Kernel.php(200): Illuminate\\Routing\\Router->dispatch(Object(Illuminate\\Http\\Request))
#34 D:\\development\\CollaborateAgenToC\\AgentC\\vendor\\laravel\\framework\\src\\Illuminate\\Pipeline\\Pipeline.php(169): Illuminate\\Foundation\\Http\\Kernel->{closure:Illuminate\\Foundation\\Http\\Kernel::dispatchToRouter():197}(Object(Illuminate\\Http\\Request))
#35 D:\\development\\CollaborateAgenToC\\AgentC\\vendor\\laravel\\framework\\src\\Illuminate\\Foundation\\Http\\Middleware\\TransformsRequest.php(21): Illuminate\\Pipeline\\Pipeline->{closure:Illuminate\\Pipeline\\Pipeline::prepareDestination():167}(Object(Illuminate\\Http\\Request))
#36 D:\\development\\CollaborateAgenToC\\AgentC\\vendor\\laravel\\framework\\src\\Illuminate\\Foundation\\Http\\Middleware\\ConvertEmptyStringsToNull.php(31): Illuminate\\Foundation\\Http\\Middleware\\TransformsRequest->handle(Object(Illuminate\\Http\\Request), Object(Closure))
#37 D:\\development\\CollaborateAgenToC\\AgentC\\vendor\\laravel\\framework\\src\\Illuminate\\Pipeline\\Pipeline.php(208): Illuminate\\Foundation\\Http\\Middleware\\ConvertEmptyStringsToNull->handle(Object(Illuminate\\Http\\Request), Object(Closure))
#38 D:\\development\\CollaborateAgenToC\\AgentC\\vendor\\laravel\\framework\\src\\Illuminate\\Foundation\\Http\\Middleware\\TransformsRequest.php(21): Illuminate\\Pipeline\\Pipeline->{closure:{closure:Illuminate\\Pipeline\\Pipeline::carry():183}:184}(Object(Illuminate\\Http\\Request))
#39 D:\\development\\CollaborateAgenToC\\AgentC\\vendor\\laravel\\framework\\src\\Illuminate\\Foundation\\Http\\Middleware\\TrimStrings.php(51): Illuminate\\Foundation\\Http\\Middleware\\TransformsRequest->handle(Object(Illuminate\\Http\\Request), Object(Closure))
#40 D:\\development\\CollaborateAgenToC\\AgentC\\vendor\\laravel\\framework\\src\\Illuminate\\Pipeline\\Pipeline.php(208): Illuminate\\Foundation\\Http\\Middleware\\TrimStrings->handle(Object(Illuminate\\Http\\Request), Object(Closure))
#41 D:\\development\\CollaborateAgenToC\\AgentC\\vendor\\laravel\\framework\\src\\Illuminate\\Http\\Middleware\\ValidatePostSize.php(27): Illuminate\\Pipeline\\Pipeline->{closure:{closure:Illuminate\\Pipeline\\Pipeline::carry():183}:184}(Object(Illuminate\\Http\\Request))
#42 D:\\development\\CollaborateAgenToC\\AgentC\\vendor\\laravel\\framework\\src\\Illuminate\\Pipeline\\Pipeline.php(208): Illuminate\\Http\\Middleware\\ValidatePostSize->handle(Object(Illuminate\\Http\\Request), Object(Closure))
#43 D:\\development\\CollaborateAgenToC\\AgentC\\vendor\\laravel\\framework\\src\\Illuminate\\Foundation\\Http\\Middleware\\PreventRequestsDuringMaintenance.php(109): Illuminate\\Pipeline\\Pipeline->{closure:{closure:Illuminate\\Pipeline\\Pipeline::carry():183}:184}(Object(Illuminate\\Http\\Request))
#44 D:\\development\\CollaborateAgenToC\\AgentC\\vendor\\laravel\\framework\\src\\Illuminate\\Pipeline\\Pipeline.php(208): Illuminate\\Foundation\\Http\\Middleware\\PreventRequestsDuringMaintenance->handle(Object(Illuminate\\Http\\Request), Object(Closure))
#45 D:\\development\\CollaborateAgenToC\\AgentC\\vendor\\laravel\\framework\\src\\Illuminate\\Http\\Middleware\\HandleCors.php(48): Illuminate\\Pipeline\\Pipeline->{closure:{closure:Illuminate\\Pipeline\\Pipeline::carry():183}:184}(Object(Illuminate\\Http\\Request))
#46 D:\\development\\CollaborateAgenToC\\AgentC\\vendor\\laravel\\framework\\src\\Illuminate\\Pipeline\\Pipeline.php(208): Illuminate\\Http\\Middleware\\HandleCors->handle(Object(Illuminate\\Http\\Request), Object(Closure))
#47 D:\\development\\CollaborateAgenToC\\AgentC\\vendor\\laravel\\framework\\src\\Illuminate\\Http\\Middleware\\TrustProxies.php(58): Illuminate\\Pipeline\\Pipeline->{closure:{closure:Illuminate\\Pipeline\\Pipeline::carry():183}:184}(Object(Illuminate\\Http\\Request))
#48 D:\\development\\CollaborateAgenToC\\AgentC\\vendor\\laravel\\framework\\src\\Illuminate\\Pipeline\\Pipeline.php(208): Illuminate\\Http\\Middleware\\TrustProxies->handle(Object(Illuminate\\Http\\Request), Object(Closure))
#49 D:\\development\\CollaborateAgenToC\\AgentC\\vendor\\laravel\\framework\\src\\Illuminate\\Foundation\\Http\\Middleware\\InvokeDeferredCallbacks.php(22): Illuminate\\Pipeline\\Pipeline->{closure:{closure:Illuminate\\Pipeline\\Pipeline::carry():183}:184}(Object(Illuminate\\Http\\Request))
#50 D:\\development\\CollaborateAgenToC\\AgentC\\vendor\\laravel\\framework\\src\\Illuminate\\Pipeline\\Pipeline.php(208): Illuminate\\Foundation\\Http\\Middleware\\InvokeDeferredCallbacks->handle(Object(Illuminate\\Http\\Request), Object(Closure))
#51 D:\\development\\CollaborateAgenToC\\AgentC\\vendor\\laravel\\framework\\src\\Illuminate\\Http\\Middleware\\ValidatePathEncoding.php(26): Illuminate\\Pipeline\\Pipeline->{closure:{closure:Illuminate\\Pipeline\\Pipeline::carry():183}:184}(Object(Illuminate\\Http\\Request))
#52 D:\\development\\CollaborateAgenToC\\AgentC\\vendor\\laravel\\framework\\src\\Illuminate\\Pipeline\\Pipeline.php(208): Illuminate\\Http\\Middleware\\ValidatePathEncoding->handle(Object(Illuminate\\Http\\Request), Object(Closure))
#53 D:\\development\\CollaborateAgenToC\\AgentC\\vendor\\laravel\\framework\\src\\Illuminate\\Pipeline\\Pipeline.php(126): Illuminate\\Pipeline\\Pipeline->{closure:{closure:Illuminate\\Pipeline\\Pipeline::carry():183}:184}(Object(Illuminate\\Http\\Request))
#54 D:\\development\\CollaborateAgenToC\\AgentC\\vendor\\laravel\\framework\\src\\Illuminate\\Foundation\\Http\\Kernel.php(175): Illuminate\\Pipeline\\Pipeline->then(Object(Closure))
#55 D:\\development\\CollaborateAgenToC\\AgentC\\vendor\\laravel\\framework\\src\\Illuminate\\Foundation\\Http\\Kernel.php(144): Illuminate\\Foundation\\Http\\Kernel->sendRequestThroughRouter(Object(Illuminate\\Http\\Request))
#56 D:\\development\\CollaborateAgenToC\\AgentC\\vendor\\laravel\\framework\\src\\Illuminate\\Foundation\\Application.php(1219): Illuminate\\Foundation\\Http\\Kernel->handle(Object(Illuminate\\Http\\Request))
#57 D:\\development\\CollaborateAgenToC\\AgentC\\public\\index.php(20): Illuminate\\Foundation\\Application->handleRequest(Object(Illuminate\\Http\\Request))
#58 D:\\development\\CollaborateAgenToC\\AgentC\\vendor\\laravel\\framework\\src\\Illuminate\\Foundation\\resources\\server.php(23): require_once('D:\\\\development\\\\...')
#59 {main}

[previous exception] [object] (PDOException(code: HY000): SQLSTATE[HY000]: General error: 1 no such column: tasks.id at D:\\development\\CollaborateAgenToC\\AgentC\\vendor\\laravel\\framework\\src\\Illuminate\\Database\\Connection.php:404)
[stacktrace]
#0 D:\\development\\CollaborateAgenToC\\AgentC\\vendor\\laravel\\framework\\src\\Illuminate\\Database\\Connection.php(404): PDO->prepare('select \"task_ty...')
#1 D:\\development\\CollaborateAgenToC\\AgentC\\vendor\\laravel\\framework\\src\\Illuminate\\Database\\Connection.php(809): Illuminate\\Database\\Connection->{closure:Illuminate\\Database\\Connection::select():395}('select \"task_ty...', Array)
#2 D:\\development\\CollaborateAgenToC\\AgentC\\vendor\\laravel\\framework\\src\\Illuminate\\Database\\Connection.php(776): Illuminate\\Database\\Connection->runQueryCallback('select \"task_ty...', Array, Object(Closure))
#3 D:\\development\\CollaborateAgenToC\\AgentC\\vendor\\laravel\\framework\\src\\Illuminate\\Database\\Connection.php(395): Illuminate\\Database\\Connection->run('select \"task_ty...', Array, Object(Closure))
#4 D:\\development\\CollaborateAgenToC\\AgentC\\vendor\\laravel\\framework\\src\\Illuminate\\Database\\Query\\Builder.php(3131): Illuminate\\Database\\Connection->select('select \"task_ty...', Array, true)
#5 D:\\development\\CollaborateAgenToC\\AgentC\\vendor\\laravel\\framework\\src\\Illuminate\\Database\\Query\\Builder.php(3116): Illuminate\\Database\\Query\\Builder->runSelect()
#6 D:\\development\\CollaborateAgenToC\\AgentC\\vendor\\laravel\\framework\\src\\Illuminate\\Database\\Query\\Builder.php(3706): Illuminate\\Database\\Query\\Builder->{closure:Illuminate\\Database\\Query\\Builder::get():3115}()
#7 D:\\development\\CollaborateAgenToC\\AgentC\\vendor\\laravel\\framework\\src\\Illuminate\\Database\\Query\\Builder.php(3115): Illuminate\\Database\\Query\\Builder->onceWithColumns(Array, Object(Closure))
#8 D:\\development\\CollaborateAgenToC\\AgentC\\vendor\\laravel\\framework\\src\\Illuminate\\Database\\Eloquent\\Builder.php(872): Illuminate\\Database\\Query\\Builder->get(Array)
#9 D:\\development\\CollaborateAgenToC\\AgentC\\vendor\\laravel\\framework\\src\\Illuminate\\Database\\Eloquent\\Builder.php(854): Illuminate\\Database\\Eloquent\\Builder->getModels(Array)
#10 D:\\development\\CollaborateAgenToC\\AgentC\\vendor\\laravel\\framework\\src\\Illuminate\\Database\\Concerns\\BuildsQueries.php(366): Illuminate\\Database\\Eloquent\\Builder->get(Array)
#11 D:\\development\\CollaborateAgenToC\\AgentC\\app\\Http\\Controllers\\TransactionsController.php(160): Illuminate\\Database\\Eloquent\\Builder->first()
#12 D:\\development\\CollaborateAgenToC\\AgentC\\vendor\\laravel\\framework\\src\\Illuminate\\Routing\\ControllerDispatcher.php(46): App\\Http\\Controllers\\TransactionsController->receipt('100-3897')
#13 D:\\development\\CollaborateAgenToC\\AgentC\\vendor\\laravel\\framework\\src\\Illuminate\\Routing\\Route.php(265): Illuminate\\Routing\\ControllerDispatcher->dispatch(Object(Illuminate\\Routing\\Route), Object(App\\Http\\Controllers\\TransactionsController), 'receipt')
#14 D:\\development\\CollaborateAgenToC\\AgentC\\vendor\\laravel\\framework\\src\\Illuminate\\Routing\\Route.php(211): Illuminate\\Routing\\Route->runController()
#15 D:\\development\\CollaborateAgenToC\\AgentC\\vendor\\laravel\\framework\\src\\Illuminate\\Routing\\Router.php(808): Illuminate\\Routing\\Route->run()
#16 D:\\development\\CollaborateAgenToC\\AgentC\\vendor\\laravel\\framework\\src\\Illuminate\\Pipeline\\Pipeline.php(169): Illuminate\\Routing\\Router->{closure:Illuminate\\Routing\\Router::runRouteWithinStack():807}(Object(Illuminate\\Http\\Request))
#17 D:\\development\\CollaborateAgenToC\\AgentC\\vendor\\laravel\\framework\\src\\Illuminate\\Routing\\Middleware\\SubstituteBindings.php(50): Illuminate\\Pipeline\\Pipeline->{closure:Illuminate\\Pipeline\\Pipeline::prepareDestination():167}(Object(Illuminate\\Http\\Request))
#18 D:\\development\\CollaborateAgenToC\\AgentC\\vendor\\laravel\\framework\\src\\Illuminate\\Pipeline\\Pipeline.php(208): Illuminate\\Routing\\Middleware\\SubstituteBindings->handle(Object(Illuminate\\Http\\Request), Object(Closure))
#19 D:\\development\\CollaborateAgenToC\\AgentC\\vendor\\laravel\\framework\\src\\Illuminate\\Foundation\\Http\\Middleware\\VerifyCsrfToken.php(87): Illuminate\\Pipeline\\Pipeline->{closure:{closure:Illuminate\\Pipeline\\Pipeline::carry():183}:184}(Object(Illuminate\\Http\\Request))
#20 D:\\development\\CollaborateAgenToC\\AgentC\\vendor\\laravel\\framework\\src\\Illuminate\\Pipeline\\Pipeline.php(208): Illuminate\\Foundation\\Http\\Middleware\\VerifyCsrfToken->handle(Object(Illuminate\\Http\\Request), Object(Closure))
#21 D:\\development\\CollaborateAgenToC\\AgentC\\vendor\\laravel\\framework\\src\\Illuminate\\View\\Middleware\\ShareErrorsFromSession.php(48): Illuminate\\Pipeline\\Pipeline->{closure:{closure:Illuminate\\Pipeline\\Pipeline::carry():183}:184}(Object(Illuminate\\Http\\Request))
#22 D:\\development\\CollaborateAgenToC\\AgentC\\vendor\\laravel\\framework\\src\\Illuminate\\Pipeline\\Pipeline.php(208): Illuminate\\View\\Middleware\\ShareErrorsFromSession->handle(Object(Illuminate\\Http\\Request), Object(Closure))
#23 D:\\development\\CollaborateAgenToC\\AgentC\\vendor\\laravel\\framework\\src\\Illuminate\\Session\\Middleware\\StartSession.php(120): Illuminate\\Pipeline\\Pipeline->{closure:{closure:Illuminate\\Pipeline\\Pipeline::carry():183}:184}(Object(Illuminate\\Http\\Request))
#24 D:\\development\\CollaborateAgenToC\\AgentC\\vendor\\laravel\\framework\\src\\Illuminate\\Session\\Middleware\\StartSession.php(63): Illuminate\\Session\\Middleware\\StartSession->handleStatefulRequest(Object(Illuminate\\Http\\Request), Object(Illuminate\\Session\\Store), Object(Closure))
#25 D:\\development\\CollaborateAgenToC\\AgentC\\vendor\\laravel\\framework\\src\\Illuminate\\Pipeline\\Pipeline.php(208): Illuminate\\Session\\Middleware\\StartSession->handle(Object(Illuminate\\Http\\Request), Object(Closure))
#26 D:\\development\\CollaborateAgenToC\\AgentC\\vendor\\laravel\\framework\\src\\Illuminate\\Cookie\\Middleware\\AddQueuedCookiesToResponse.php(36): Illuminate\\Pipeline\\Pipeline->{closure:{closure:Illuminate\\Pipeline\\Pipeline::carry():183}:184}(Object(Illuminate\\Http\\Request))
#27 D:\\development\\CollaborateAgenToC\\AgentC\\vendor\\laravel\\framework\\src\\Illuminate\\Pipeline\\Pipeline.php(208): Illuminate\\Cookie\\Middleware\\AddQueuedCookiesToResponse->handle(Object(Illuminate\\Http\\Request), Object(Closure))
#28 D:\\development\\CollaborateAgenToC\\AgentC\\vendor\\laravel\\framework\\src\\Illuminate\\Cookie\\Middleware\\EncryptCookies.php(74): Illuminate\\Pipeline\\Pipeline->{closure:{closure:Illuminate\\Pipeline\\Pipeline::carry():183}:184}(Object(Illuminate\\Http\\Request))
#29 D:\\development\\CollaborateAgenToC\\AgentC\\vendor\\laravel\\framework\\src\\Illuminate\\Pipeline\\Pipeline.php(208): Illuminate\\Cookie\\Middleware\\EncryptCookies->handle(Object(Illuminate\\Http\\Request), Object(Closure))
#30 D:\\development\\CollaborateAgenToC\\AgentC\\vendor\\laravel\\framework\\src\\Illuminate\\Pipeline\\Pipeline.php(126): Illuminate\\Pipeline\\Pipeline->{closure:{closure:Illuminate\\Pipeline\\Pipeline::carry():183}:184}(Object(Illuminate\\Http\\Request))
#31 D:\\development\\CollaborateAgenToC\\AgentC\\vendor\\laravel\\framework\\src\\Illuminate\\Routing\\Router.php(807): Illuminate\\Pipeline\\Pipeline->then(Object(Closure))
#32 D:\\development\\CollaborateAgenToC\\AgentC\\vendor\\laravel\\framework\\src\\Illuminate\\Routing\\Router.php(786): Illuminate\\Routing\\Router->runRouteWithinStack(Object(Illuminate\\Routing\\Route), Object(Illuminate\\Http\\Request))
#33 D:\\development\\CollaborateAgenToC\\AgentC\\vendor\\laravel\\framework\\src\\Illuminate\\Routing\\Router.php(750): Illuminate\\Routing\\Router->runRoute(Object(Illuminate\\Http\\Request), Object(Illuminate\\Routing\\Route))
#34 D:\\development\\CollaborateAgenToC\\AgentC\\vendor\\laravel\\framework\\src\\Illuminate\\Routing\\Router.php(739): Illuminate\\Routing\\Router->dispatchToRoute(Object(Illuminate\\Http\\Request))
#35 D:\\development\\CollaborateAgenToC\\AgentC\\vendor\\laravel\\framework\\src\\Illuminate\\Foundation\\Http\\Kernel.php(200): Illuminate\\Routing\\Router->dispatch(Object(Illuminate\\Http\\Request))
#36 D:\\development\\CollaborateAgenToC\\AgentC\\vendor\\laravel\\framework\\src\\Illuminate\\Pipeline\\Pipeline.php(169): Illuminate\\Foundation\\Http\\Kernel->{closure:Illuminate\\Foundation\\Http\\Kernel::dispatchToRouter():197}(Object(Illuminate\\Http\\Request))
#37 D:\\development\\CollaborateAgenToC\\AgentC\\vendor\\laravel\\framework\\src\\Illuminate\\Foundation\\Http\\Middleware\\TransformsRequest.php(21): Illuminate\\Pipeline\\Pipeline->{closure:Illuminate\\Pipeline\\Pipeline::prepareDestination():167}(Object(Illuminate\\Http\\Request))
#38 D:\\development\\CollaborateAgenToC\\AgentC\\vendor\\laravel\\framework\\src\\Illuminate\\Foundation\\Http\\Middleware\\ConvertEmptyStringsToNull.php(31): Illuminate\\Foundation\\Http\\Middleware\\TransformsRequest->handle(Object(Illuminate\\Http\\Request), Object(Closure))
#39 D:\\development\\CollaborateAgenToC\\AgentC\\vendor\\laravel\\framework\\src\\Illuminate\\Pipeline\\Pipeline.php(208): Illuminate\\Foundation\\Http\\Middleware\\ConvertEmptyStringsToNull->handle(Object(Illuminate\\Http\\Request), Object(Closure))
#40 D:\\development\\CollaborateAgenToC\\AgentC\\vendor\\laravel\\framework\\src\\Illuminate\\Foundation\\Http\\Middleware\\TransformsRequest.php(21): Illuminate\\Pipeline\\Pipeline->{closure:{closure:Illuminate\\Pipeline\\Pipeline::carry():183}:184}(Object(Illuminate\\Http\\Request))
#41 D:\\development\\CollaborateAgenToC\\AgentC\\vendor\\laravel\\framework\\src\\Illuminate\\Foundation\\Http\\Middleware\\TrimStrings.php(51): Illuminate\\Foundation\\Http\\Middleware\\TransformsRequest->handle(Object(Illuminate\\Http\\Request), Object(Closure))
#42 D:\\development\\CollaborateAgenToC\\AgentC\\vendor\\laravel\\framework\\src\\Illuminate\\Pipeline\\Pipeline.php(208): Illuminate\\Foundation\\Http\\Middleware\\TrimStrings->handle(Object(Illuminate\\Http\\Request), Object(Closure))
#43 D:\\development\\CollaborateAgenToC\\AgentC\\vendor\\laravel\\framework\\src\\Illuminate\\Http\\Middleware\\ValidatePostSize.php(27): Illuminate\\Pipeline\\Pipeline->{closure:{closure:Illuminate\\Pipeline\\Pipeline::carry():183}:184}(Object(Illuminate\\Http\\Request))
#44 D:\\development\\CollaborateAgenToC\\AgentC\\vendor\\laravel\\framework\\src\\Illuminate\\Pipeline\\Pipeline.php(208): Illuminate\\Http\\Middleware\\ValidatePostSize->handle(Object(Illuminate\\Http\\Request), Object(Closure))
#45 D:\\development\\CollaborateAgenToC\\AgentC\\vendor\\laravel\\framework\\src\\Illuminate\\Foundation\\Http\\Middleware\\PreventRequestsDuringMaintenance.php(109): Illuminate\\Pipeline\\Pipeline->{closure:{closure:Illuminate\\Pipeline\\Pipeline::carry():183}:184}(Object(Illuminate\\Http\\Request))
#46 D:\\development\\CollaborateAgenToC\\AgentC\\vendor\\laravel\\framework\\src\\Illuminate\\Pipeline\\Pipeline.php(208): Illuminate\\Foundation\\Http\\Middleware\\PreventRequestsDuringMaintenance->handle(Object(Illuminate\\Http\\Request), Object(Closure))
#47 D:\\development\\CollaborateAgenToC\\AgentC\\vendor\\laravel\\framework\\src\\Illuminate\\Http\\Middleware\\HandleCors.php(48): Illuminate\\Pipeline\\Pipeline->{closure:{closure:Illuminate\\Pipeline\\Pipeline::carry():183}:184}(Object(Illuminate\\Http\\Request))
#48 D:\\development\\CollaborateAgenToC\\AgentC\\vendor\\laravel\\framework\\src\\Illuminate\\Pipeline\\Pipeline.php(208): Illuminate\\Http\\Middleware\\HandleCors->handle(Object(Illuminate\\Http\\Request), Object(Closure))
#49 D:\\development\\CollaborateAgenToC\\AgentC\\vendor\\laravel\\framework\\src\\Illuminate\\Http\\Middleware\\TrustProxies.php(58): Illuminate\\Pipeline\\Pipeline->{closure:{closure:Illuminate\\Pipeline\\Pipeline::carry():183}:184}(Object(Illuminate\\Http\\Request))
#50 D:\\development\\CollaborateAgenToC\\AgentC\\vendor\\laravel\\framework\\src\\Illuminate\\Pipeline\\Pipeline.php(208): Illuminate\\Http\\Middleware\\TrustProxies->handle(Object(Illuminate\\Http\\Request), Object(Closure))
#51 D:\\development\\CollaborateAgenToC\\AgentC\\vendor\\laravel\\framework\\src\\Illuminate\\Foundation\\Http\\Middleware\\InvokeDeferredCallbacks.php(22): Illuminate\\Pipeline\\Pipeline->{closure:{closure:Illuminate\\Pipeline\\Pipeline::carry():183}:184}(Object(Illuminate\\Http\\Request))
#52 D:\\development\\CollaborateAgenToC\\AgentC\\vendor\\laravel\\framework\\src\\Illuminate\\Pipeline\\Pipeline.php(208): Illuminate\\Foundation\\Http\\Middleware\\InvokeDeferredCallbacks->handle(Object(Illuminate\\Http\\Request), Object(Closure))
#53 D:\\development\\CollaborateAgenToC\\AgentC\\vendor\\laravel\\framework\\src\\Illuminate\\Http\\Middleware\\ValidatePathEncoding.php(26): Illuminate\\Pipeline\\Pipeline->{closure:{closure:Illuminate\\Pipeline\\Pipeline::carry():183}:184}(Object(Illuminate\\Http\\Request))
#54 D:\\development\\CollaborateAgenToC\\AgentC\\vendor\\laravel\\framework\\src\\Illuminate\\Pipeline\\Pipeline.php(208): Illuminate\\Http\\Middleware\\ValidatePathEncoding->handle(Object(Illuminate\\Http\\Request), Object(Closure))
#55 D:\\development\\CollaborateAgenToC\\AgentC\\vendor\\laravel\\framework\\src\\Illuminate\\Pipeline\\Pipeline.php(126): Illuminate\\Pipeline\\Pipeline->{closure:{closure:Illuminate\\Pipeline\\Pipeline::carry():183}:184}(Object(Illuminate\\Http\\Request))
#56 D:\\development\\CollaborateAgenToC\\AgentC\\vendor\\laravel\\framework\\src\\Illuminate\\Foundation\\Http\\Kernel.php(175): Illuminate\\Pipeline\\Pipeline->then(Object(Closure))
#57 D:\\development\\CollaborateAgenToC\\AgentC\\vendor\\laravel\\framework\\src\\Illuminate\\Foundation\\Http\\Kernel.php(144): Illuminate\\Foundation\\Http\\Kernel->sendRequestThroughRouter(Object(Illuminate\\Http\\Request))
#58 D:\\development\\CollaborateAgenToC\\AgentC\\vendor\\laravel\\framework\\src\\Illuminate\\Foundation\\Application.php(1219): Illuminate\\Foundation\\Http\\Kernel->handle(Object(Illuminate\\Http\\Request))
#59 D:\\development\\CollaborateAgenToC\\AgentC\\public\\index.php(20): Illuminate\\Foundation\\Application->handleRequest(Object(Illuminate\\Http\\Request))
#60 D:\\development\\CollaborateAgenToC\\AgentC\\vendor\\laravel\\framework\\src\\Illuminate\\Foundation\\resources\\server.php(23): require_once('D:\\\\development\\\\...')
#61 {main}
"} 
[2025-08-29 15:21:57] Development.INFO: Processed data: {"full_name":"Achmad Saepudin","email":"achmad.saepudin21@gmail.com","title":"sdada","description":"adsadd","card_number":"4111111111111111","product_code":"GD-4679","due_date":"2025-08-29 15:21:00","product_group_name":"Visual Graphic Design","price":"230000","uploaded_files":["/assets/media/task/1756455717_KK.jpeg"]} 
[2025-08-29 15:21:57] Development.INFO: Begin TransactionImpl.checkout  
[2025-08-29 15:21:57] Development.INFO: Begin AuthImpl.register() call{"full_name":"Achmad Saepudin","email":"achmad.saepudin21@gmail.com","title":"sdada","description":"adsadd","card_number":"4111111111111111","product_code":"GD-4679","due_date":"2025-08-29 15:21:00","product_group_name":"Visual Graphic Design","price":"230000","uploaded_files":["\/assets\/media\/task\/1756455717_KK.jpeg"],"role":"client","password":"uniq123","skills":"","tag_line":"","username":"achmad.saepudin21@gmail.com"}  
[2025-08-29 15:21:57] Development.INFO: Browser Log: {"message":{"full_name":"Achmad Saepudin","email":"achmad.saepudin21@gmail.com","title":"sdada","description":"adsadd","card_number":"4111111111111111","product_code":"GD-4679","due_date":"2025-08-29 15:21:00","product_group_name":"Visual Graphic Design","price":"230000","uploaded_files":["/assets/media/task/1756455717_KK.jpeg"],"role":"client","password":"uniq123","skills":"","tag_line":"","username":"achmad.saepudin21@gmail.com"},"data":"Begin AuthImpl.register() call"} 
[2025-08-29 15:21:57] Development.INFO: Browser Log: {"message":{"full_name":"Achmad Saepudin","email":"achmad.saepudin21@gmail.com","title":"sdada","description":"adsadd","card_number":"4111111111111111","product_code":"GD-4679","due_date":"2025-08-29 15:21:00","product_group_name":"Visual Graphic Design","price":"230000","uploaded_files":["/assets/media/task/1756455717_KK.jpeg"],"role":"client","password":"uniq123","skills":"","tag_line":"","username":"achmad.saepudin21@gmail.com"},"data":"Register User role: RUSER"} 
[2025-08-29 15:21:57] Development.INFO: userDetail {"\u0000*\u0000connection":"sqlite","\u0000*\u0000table":"user_detail","\u0000*\u0000primaryKey":"id","\u0000*\u0000keyType":"int","incrementing":true,"\u0000*\u0000with":[],"\u0000*\u0000withCount":[],"preventsLazyLoading":false,"\u0000*\u0000perPage":15,"exists":true,"wasRecentlyCreated":true,"\u0000*\u0000escapeWhenCastingToString":false,"\u0000*\u0000attributes":{"user_detail_id":"UD-5365-2908","full_name":"Achmad Saepudin","skills":"","tag_line":"","credit_number":"4111111111111111","updated_at":"2025-08-29 15:21:57","created_at":"2025-08-29 15:21:57","id":1},"\u0000*\u0000original":{"user_detail_id":"UD-5365-2908","full_name":"Achmad Saepudin","skills":"","tag_line":"","credit_number":"4111111111111111","updated_at":"2025-08-29 15:21:57","created_at":"2025-08-29 15:21:57","id":1},"\u0000*\u0000changes":[],"\u0000*\u0000previous":[],"\u0000*\u0000casts":[],"\u0000*\u0000classCastCache":[],"\u0000*\u0000attributeCastCache":[],"\u0000*\u0000dateFormat":null,"\u0000*\u0000appends":[],"\u0000*\u0000dispatchesEvents":[],"\u0000*\u0000observables":[],"\u0000*\u0000relations":[],"\u0000*\u0000touches":[],"\u0000*\u0000relationAutoloadCallback":null,"\u0000*\u0000relationAutoloadContext":null,"timestamps":true,"usesUniqueIds":false,"\u0000*\u0000hidden":[],"\u0000*\u0000visible":[],"\u0000*\u0000fillable":["user_detail_id","full_name","skills","tag_line","address_detail","phone_number","postal_code","credit_number","balance_coins"],"\u0000*\u0000guarded":["*"]} 
[2025-08-29 15:21:57] Development.INFO: Browser Log: {"message":"after db insert","data":{"App\\Models\\Users\\User":{"user_detail_id":"UD-5365-2908","username":"achmad.saepudin21@gmail.com","email":"achmad.saepudin21@gmail.com","email_verified_at":"2025-08-29T08:21:57.000000Z","updated_at":"2025-08-29T08:21:57.000000Z","created_at":"2025-08-29T08:21:57.000000Z","id":1}}} 
[2025-08-29 15:24:42] Development.ERROR: Attempt to read property "task_id" on null  
[2025-08-29 15:24:52] Development.INFO: Processed data: {"full_name":"Achmad Saepudin","email":"achmad.saepudin21@gmail.com","title":"sdada","description":"asdad","card_number":"4111111111111111","product_code":"GD-3100","due_date":"2025-08-29 15:24:00","product_group_name":"Visual Graphic Design","price":"230000","uploaded_files":["/assets/media/task/1756455892_KK.jpeg"]} 
[2025-08-29 15:24:52] Development.INFO: Begin TransactionImpl.checkout  
[2025-08-29 15:24:52] Development.INFO: Begin AuthImpl.register() call{"full_name":"Achmad Saepudin","email":"achmad.saepudin21@gmail.com","title":"sdada","description":"asdad","card_number":"4111111111111111","product_code":"GD-3100","due_date":"2025-08-29 15:24:00","product_group_name":"Visual Graphic Design","price":"230000","uploaded_files":["\/assets\/media\/task\/1756455892_KK.jpeg"],"role":"client","password":"uniq123","skills":"","tag_line":"","username":"achmad.saepudin21@gmail.com"}  
[2025-08-29 15:24:52] Development.INFO: Browser Log: {"message":{"full_name":"Achmad Saepudin","email":"achmad.saepudin21@gmail.com","title":"sdada","description":"asdad","card_number":"4111111111111111","product_code":"GD-3100","due_date":"2025-08-29 15:24:00","product_group_name":"Visual Graphic Design","price":"230000","uploaded_files":["/assets/media/task/1756455892_KK.jpeg"],"role":"client","password":"uniq123","skills":"","tag_line":"","username":"achmad.saepudin21@gmail.com"},"data":"Begin AuthImpl.register() call"} 
[2025-08-29 15:24:52] Development.INFO: Browser Log: {"message":{"full_name":"Achmad Saepudin","email":"achmad.saepudin21@gmail.com","title":"sdada","description":"asdad","card_number":"4111111111111111","product_code":"GD-3100","due_date":"2025-08-29 15:24:00","product_group_name":"Visual Graphic Design","price":"230000","uploaded_files":["/assets/media/task/1756455892_KK.jpeg"],"role":"client","password":"uniq123","skills":"","tag_line":"","username":"achmad.saepudin21@gmail.com"},"data":"Register User role: RUSER"} 
[2025-08-29 15:24:53] Development.INFO: userDetail {"\u0000*\u0000connection":"sqlite","\u0000*\u0000table":"user_detail","\u0000*\u0000primaryKey":"id","\u0000*\u0000keyType":"int","incrementing":true,"\u0000*\u0000with":[],"\u0000*\u0000withCount":[],"preventsLazyLoading":false,"\u0000*\u0000perPage":15,"exists":true,"wasRecentlyCreated":true,"\u0000*\u0000escapeWhenCastingToString":false,"\u0000*\u0000attributes":{"user_detail_id":"UD-7857-2908","full_name":"Achmad Saepudin","skills":"","tag_line":"","credit_number":"4111111111111111","updated_at":"2025-08-29 15:24:53","created_at":"2025-08-29 15:24:53","id":1},"\u0000*\u0000original":{"user_detail_id":"UD-7857-2908","full_name":"Achmad Saepudin","skills":"","tag_line":"","credit_number":"4111111111111111","updated_at":"2025-08-29 15:24:53","created_at":"2025-08-29 15:24:53","id":1},"\u0000*\u0000changes":[],"\u0000*\u0000previous":[],"\u0000*\u0000casts":[],"\u0000*\u0000classCastCache":[],"\u0000*\u0000attributeCastCache":[],"\u0000*\u0000dateFormat":null,"\u0000*\u0000appends":[],"\u0000*\u0000dispatchesEvents":[],"\u0000*\u0000observables":[],"\u0000*\u0000relations":[],"\u0000*\u0000touches":[],"\u0000*\u0000relationAutoloadCallback":null,"\u0000*\u0000relationAutoloadContext":null,"timestamps":true,"usesUniqueIds":false,"\u0000*\u0000hidden":[],"\u0000*\u0000visible":[],"\u0000*\u0000fillable":["user_detail_id","full_name","skills","tag_line","address_detail","phone_number","postal_code","credit_number","balance_coins"],"\u0000*\u0000guarded":["*"]} 
[2025-08-29 15:24:53] Development.INFO: Browser Log: {"message":"after db insert","data":{"App\\Models\\Users\\User":{"user_detail_id":"UD-7857-2908","username":"achmad.saepudin21@gmail.com","email":"achmad.saepudin21@gmail.com","email_verified_at":"2025-08-29T08:24:53.000000Z","updated_at":"2025-08-29T08:24:53.000000Z","created_at":"2025-08-29T08:24:53.000000Z","id":1}}} 
[2025-08-29 15:28:05] Development.ERROR: Call to a member function format() on string (View: D:\development\CollaborateAgenToC\AgentC\resources\views\transaction\receipt.blade.php) {"exception":"[object] (Illuminate\\View\\ViewException(code: 0): Call to a member function format() on string (View: D:\\development\\CollaborateAgenToC\\AgentC\\resources\\views\\transaction\\receipt.blade.php) at D:\\development\\CollaborateAgenToC\\AgentC\\storage\\framework\\views\\a2c19a32c08e629f139836f12dd716ec.php:134)
[stacktrace]
#0 D:\\development\\CollaborateAgenToC\\AgentC\\vendor\\laravel\\framework\\src\\Illuminate\\View\\Engines\\PhpEngine.php(59): Illuminate\\View\\Engines\\CompilerEngine->handleViewException(Object(Error), 0)
#1 D:\\development\\CollaborateAgenToC\\AgentC\\vendor\\laravel\\framework\\src\\Illuminate\\View\\Engines\\CompilerEngine.php(74): Illuminate\\View\\Engines\\PhpEngine->evaluatePath('D:\\\\development\\\\...', Array)
#2 D:\\development\\CollaborateAgenToC\\AgentC\\vendor\\laravel\\framework\\src\\Illuminate\\View\\View.php(208): Illuminate\\View\\Engines\\CompilerEngine->get('D:\\\\development\\\\...', Array)
#3 D:\\development\\CollaborateAgenToC\\AgentC\\vendor\\laravel\\framework\\src\\Illuminate\\View\\View.php(191): Illuminate\\View\\View->getContents()
#4 D:\\development\\CollaborateAgenToC\\AgentC\\vendor\\laravel\\framework\\src\\Illuminate\\View\\View.php(160): Illuminate\\View\\View->renderContents()
#5 D:\\development\\CollaborateAgenToC\\AgentC\\vendor\\laravel\\framework\\src\\Illuminate\\Http\\Response.php(78): Illuminate\\View\\View->render()
#6 D:\\development\\CollaborateAgenToC\\AgentC\\vendor\\laravel\\framework\\src\\Illuminate\\Http\\Response.php(34): Illuminate\\Http\\Response->setContent(Object(Illuminate\\View\\View))
#7 D:\\development\\CollaborateAgenToC\\AgentC\\vendor\\laravel\\framework\\src\\Illuminate\\Routing\\Router.php(924): Illuminate\\Http\\Response->__construct(Object(Illuminate\\View\\View), 200, Array)
#8 D:\\development\\CollaborateAgenToC\\AgentC\\vendor\\laravel\\framework\\src\\Illuminate\\Routing\\Router.php(891): Illuminate\\Routing\\Router::toResponse(Object(Illuminate\\Http\\Request), Object(Illuminate\\View\\View))
#9 D:\\development\\CollaborateAgenToC\\AgentC\\vendor\\laravel\\framework\\src\\Illuminate\\Routing\\Router.php(807): Illuminate\\Routing\\Router->prepareResponse(Object(Illuminate\\Http\\Request), Object(Illuminate\\View\\View))
#10 D:\\development\\CollaborateAgenToC\\AgentC\\vendor\\laravel\\framework\\src\\Illuminate\\Pipeline\\Pipeline.php(169): Illuminate\\Routing\\Router->{closure:Illuminate\\Routing\\Router::runRouteWithinStack():807}(Object(Illuminate\\Http\\Request))
#11 D:\\development\\CollaborateAgenToC\\AgentC\\vendor\\laravel\\framework\\src\\Illuminate\\Routing\\Middleware\\SubstituteBindings.php(50): Illuminate\\Pipeline\\Pipeline->{closure:Illuminate\\Pipeline\\Pipeline::prepareDestination():167}(Object(Illuminate\\Http\\Request))
#12 D:\\development\\CollaborateAgenToC\\AgentC\\vendor\\laravel\\framework\\src\\Illuminate\\Pipeline\\Pipeline.php(208): Illuminate\\Routing\\Middleware\\SubstituteBindings->handle(Object(Illuminate\\Http\\Request), Object(Closure))
#13 D:\\development\\CollaborateAgenToC\\AgentC\\vendor\\laravel\\framework\\src\\Illuminate\\Foundation\\Http\\Middleware\\VerifyCsrfToken.php(87): Illuminate\\Pipeline\\Pipeline->{closure:{closure:Illuminate\\Pipeline\\Pipeline::carry():183}:184}(Object(Illuminate\\Http\\Request))
#14 D:\\development\\CollaborateAgenToC\\AgentC\\vendor\\laravel\\framework\\src\\Illuminate\\Pipeline\\Pipeline.php(208): Illuminate\\Foundation\\Http\\Middleware\\VerifyCsrfToken->handle(Object(Illuminate\\Http\\Request), Object(Closure))
#15 D:\\development\\CollaborateAgenToC\\AgentC\\vendor\\laravel\\framework\\src\\Illuminate\\View\\Middleware\\ShareErrorsFromSession.php(48): Illuminate\\Pipeline\\Pipeline->{closure:{closure:Illuminate\\Pipeline\\Pipeline::carry():183}:184}(Object(Illuminate\\Http\\Request))
#16 D:\\development\\CollaborateAgenToC\\AgentC\\vendor\\laravel\\framework\\src\\Illuminate\\Pipeline\\Pipeline.php(208): Illuminate\\View\\Middleware\\ShareErrorsFromSession->handle(Object(Illuminate\\Http\\Request), Object(Closure))
#17 D:\\development\\CollaborateAgenToC\\AgentC\\vendor\\laravel\\framework\\src\\Illuminate\\Session\\Middleware\\StartSession.php(120): Illuminate\\Pipeline\\Pipeline->{closure:{closure:Illuminate\\Pipeline\\Pipeline::carry():183}:184}(Object(Illuminate\\Http\\Request))
#18 D:\\development\\CollaborateAgenToC\\AgentC\\vendor\\laravel\\framework\\src\\Illuminate\\Session\\Middleware\\StartSession.php(63): Illuminate\\Session\\Middleware\\StartSession->handleStatefulRequest(Object(Illuminate\\Http\\Request), Object(Illuminate\\Session\\Store), Object(Closure))
#19 D:\\development\\CollaborateAgenToC\\AgentC\\vendor\\laravel\\framework\\src\\Illuminate\\Pipeline\\Pipeline.php(208): Illuminate\\Session\\Middleware\\StartSession->handle(Object(Illuminate\\Http\\Request), Object(Closure))
#20 D:\\development\\CollaborateAgenToC\\AgentC\\vendor\\laravel\\framework\\src\\Illuminate\\Cookie\\Middleware\\AddQueuedCookiesToResponse.php(36): Illuminate\\Pipeline\\Pipeline->{closure:{closure:Illuminate\\Pipeline\\Pipeline::carry():183}:184}(Object(Illuminate\\Http\\Request))
#21 D:\\development\\CollaborateAgenToC\\AgentC\\vendor\\laravel\\framework\\src\\Illuminate\\Pipeline\\Pipeline.php(208): Illuminate\\Cookie\\Middleware\\AddQueuedCookiesToResponse->handle(Object(Illuminate\\Http\\Request), Object(Closure))
#22 D:\\development\\CollaborateAgenToC\\AgentC\\vendor\\laravel\\framework\\src\\Illuminate\\Cookie\\Middleware\\EncryptCookies.php(74): Illuminate\\Pipeline\\Pipeline->{closure:{closure:Illuminate\\Pipeline\\Pipeline::carry():183}:184}(Object(Illuminate\\Http\\Request))
#23 D:\\development\\CollaborateAgenToC\\AgentC\\vendor\\laravel\\framework\\src\\Illuminate\\Pipeline\\Pipeline.php(208): Illuminate\\Cookie\\Middleware\\EncryptCookies->handle(Object(Illuminate\\Http\\Request), Object(Closure))
#24 D:\\development\\CollaborateAgenToC\\AgentC\\vendor\\laravel\\framework\\src\\Illuminate\\Pipeline\\Pipeline.php(126): Illuminate\\Pipeline\\Pipeline->{closure:{closure:Illuminate\\Pipeline\\Pipeline::carry():183}:184}(Object(Illuminate\\Http\\Request))
#25 D:\\development\\CollaborateAgenToC\\AgentC\\vendor\\laravel\\framework\\src\\Illuminate\\Routing\\Router.php(807): Illuminate\\Pipeline\\Pipeline->then(Object(Closure))
#26 D:\\development\\CollaborateAgenToC\\AgentC\\vendor\\laravel\\framework\\src\\Illuminate\\Routing\\Router.php(786): Illuminate\\Routing\\Router->runRouteWithinStack(Object(Illuminate\\Routing\\Route), Object(Illuminate\\Http\\Request))
#27 D:\\development\\CollaborateAgenToC\\AgentC\\vendor\\laravel\\framework\\src\\Illuminate\\Routing\\Router.php(750): Illuminate\\Routing\\Router->runRoute(Object(Illuminate\\Http\\Request), Object(Illuminate\\Routing\\Route))
#28 D:\\development\\CollaborateAgenToC\\AgentC\\vendor\\laravel\\framework\\src\\Illuminate\\Routing\\Router.php(739): Illuminate\\Routing\\Router->dispatchToRoute(Object(Illuminate\\Http\\Request))
#29 D:\\development\\CollaborateAgenToC\\AgentC\\vendor\\laravel\\framework\\src\\Illuminate\\Foundation\\Http\\Kernel.php(200): Illuminate\\Routing\\Router->dispatch(Object(Illuminate\\Http\\Request))
#30 D:\\development\\CollaborateAgenToC\\AgentC\\vendor\\laravel\\framework\\src\\Illuminate\\Pipeline\\Pipeline.php(169): Illuminate\\Foundation\\Http\\Kernel->{closure:Illuminate\\Foundation\\Http\\Kernel::dispatchToRouter():197}(Object(Illuminate\\Http\\Request))
#31 D:\\development\\CollaborateAgenToC\\AgentC\\vendor\\laravel\\framework\\src\\Illuminate\\Foundation\\Http\\Middleware\\TransformsRequest.php(21): Illuminate\\Pipeline\\Pipeline->{closure:Illuminate\\Pipeline\\Pipeline::prepareDestination():167}(Object(Illuminate\\Http\\Request))
#32 D:\\development\\CollaborateAgenToC\\AgentC\\vendor\\laravel\\framework\\src\\Illuminate\\Foundation\\Http\\Middleware\\ConvertEmptyStringsToNull.php(31): Illuminate\\Foundation\\Http\\Middleware\\TransformsRequest->handle(Object(Illuminate\\Http\\Request), Object(Closure))
#33 D:\\development\\CollaborateAgenToC\\AgentC\\vendor\\laravel\\framework\\src\\Illuminate\\Pipeline\\Pipeline.php(208): Illuminate\\Foundation\\Http\\Middleware\\ConvertEmptyStringsToNull->handle(Object(Illuminate\\Http\\Request), Object(Closure))
#34 D:\\development\\CollaborateAgenToC\\AgentC\\vendor\\laravel\\framework\\src\\Illuminate\\Foundation\\Http\\Middleware\\TransformsRequest.php(21): Illuminate\\Pipeline\\Pipeline->{closure:{closure:Illuminate\\Pipeline\\Pipeline::carry():183}:184}(Object(Illuminate\\Http\\Request))
#35 D:\\development\\CollaborateAgenToC\\AgentC\\vendor\\laravel\\framework\\src\\Illuminate\\Foundation\\Http\\Middleware\\TrimStrings.php(51): Illuminate\\Foundation\\Http\\Middleware\\TransformsRequest->handle(Object(Illuminate\\Http\\Request), Object(Closure))
#36 D:\\development\\CollaborateAgenToC\\AgentC\\vendor\\laravel\\framework\\src\\Illuminate\\Pipeline\\Pipeline.php(208): Illuminate\\Foundation\\Http\\Middleware\\TrimStrings->handle(Object(Illuminate\\Http\\Request), Object(Closure))
#37 D:\\development\\CollaborateAgenToC\\AgentC\\vendor\\laravel\\framework\\src\\Illuminate\\Http\\Middleware\\ValidatePostSize.php(27): Illuminate\\Pipeline\\Pipeline->{closure:{closure:Illuminate\\Pipeline\\Pipeline::carry():183}:184}(Object(Illuminate\\Http\\Request))
#38 D:\\development\\CollaborateAgenToC\\AgentC\\vendor\\laravel\\framework\\src\\Illuminate\\Pipeline\\Pipeline.php(208): Illuminate\\Http\\Middleware\\ValidatePostSize->handle(Object(Illuminate\\Http\\Request), Object(Closure))
#39 D:\\development\\CollaborateAgenToC\\AgentC\\vendor\\laravel\\framework\\src\\Illuminate\\Foundation\\Http\\Middleware\\PreventRequestsDuringMaintenance.php(109): Illuminate\\Pipeline\\Pipeline->{closure:{closure:Illuminate\\Pipeline\\Pipeline::carry():183}:184}(Object(Illuminate\\Http\\Request))
#40 D:\\development\\CollaborateAgenToC\\AgentC\\vendor\\laravel\\framework\\src\\Illuminate\\Pipeline\\Pipeline.php(208): Illuminate\\Foundation\\Http\\Middleware\\PreventRequestsDuringMaintenance->handle(Object(Illuminate\\Http\\Request), Object(Closure))
#41 D:\\development\\CollaborateAgenToC\\AgentC\\vendor\\laravel\\framework\\src\\Illuminate\\Http\\Middleware\\HandleCors.php(48): Illuminate\\Pipeline\\Pipeline->{closure:{closure:Illuminate\\Pipeline\\Pipeline::carry():183}:184}(Object(Illuminate\\Http\\Request))
#42 D:\\development\\CollaborateAgenToC\\AgentC\\vendor\\laravel\\framework\\src\\Illuminate\\Pipeline\\Pipeline.php(208): Illuminate\\Http\\Middleware\\HandleCors->handle(Object(Illuminate\\Http\\Request), Object(Closure))
#43 D:\\development\\CollaborateAgenToC\\AgentC\\vendor\\laravel\\framework\\src\\Illuminate\\Http\\Middleware\\TrustProxies.php(58): Illuminate\\Pipeline\\Pipeline->{closure:{closure:Illuminate\\Pipeline\\Pipeline::carry():183}:184}(Object(Illuminate\\Http\\Request))
#44 D:\\development\\CollaborateAgenToC\\AgentC\\vendor\\laravel\\framework\\src\\Illuminate\\Pipeline\\Pipeline.php(208): Illuminate\\Http\\Middleware\\TrustProxies->handle(Object(Illuminate\\Http\\Request), Object(Closure))
#45 D:\\development\\CollaborateAgenToC\\AgentC\\vendor\\laravel\\framework\\src\\Illuminate\\Foundation\\Http\\Middleware\\InvokeDeferredCallbacks.php(22): Illuminate\\Pipeline\\Pipeline->{closure:{closure:Illuminate\\Pipeline\\Pipeline::carry():183}:184}(Object(Illuminate\\Http\\Request))
#46 D:\\development\\CollaborateAgenToC\\AgentC\\vendor\\laravel\\framework\\src\\Illuminate\\Pipeline\\Pipeline.php(208): Illuminate\\Foundation\\Http\\Middleware\\InvokeDeferredCallbacks->handle(Object(Illuminate\\Http\\Request), Object(Closure))
#47 D:\\development\\CollaborateAgenToC\\AgentC\\vendor\\laravel\\framework\\src\\Illuminate\\Http\\Middleware\\ValidatePathEncoding.php(26): Illuminate\\Pipeline\\Pipeline->{closure:{closure:Illuminate\\Pipeline\\Pipeline::carry():183}:184}(Object(Illuminate\\Http\\Request))
#48 D:\\development\\CollaborateAgenToC\\AgentC\\vendor\\laravel\\framework\\src\\Illuminate\\Pipeline\\Pipeline.php(208): Illuminate\\Http\\Middleware\\ValidatePathEncoding->handle(Object(Illuminate\\Http\\Request), Object(Closure))
#49 D:\\development\\CollaborateAgenToC\\AgentC\\vendor\\laravel\\framework\\src\\Illuminate\\Pipeline\\Pipeline.php(126): Illuminate\\Pipeline\\Pipeline->{closure:{closure:Illuminate\\Pipeline\\Pipeline::carry():183}:184}(Object(Illuminate\\Http\\Request))
#50 D:\\development\\CollaborateAgenToC\\AgentC\\vendor\\laravel\\framework\\src\\Illuminate\\Foundation\\Http\\Kernel.php(175): Illuminate\\Pipeline\\Pipeline->then(Object(Closure))
#51 D:\\development\\CollaborateAgenToC\\AgentC\\vendor\\laravel\\framework\\src\\Illuminate\\Foundation\\Http\\Kernel.php(144): Illuminate\\Foundation\\Http\\Kernel->sendRequestThroughRouter(Object(Illuminate\\Http\\Request))
#52 D:\\development\\CollaborateAgenToC\\AgentC\\vendor\\laravel\\framework\\src\\Illuminate\\Foundation\\Application.php(1219): Illuminate\\Foundation\\Http\\Kernel->handle(Object(Illuminate\\Http\\Request))
#53 D:\\development\\CollaborateAgenToC\\AgentC\\public\\index.php(20): Illuminate\\Foundation\\Application->handleRequest(Object(Illuminate\\Http\\Request))
#54 D:\\development\\CollaborateAgenToC\\AgentC\\vendor\\laravel\\framework\\src\\Illuminate\\Foundation\\resources\\server.php(23): require_once('D:\\\\development\\\\...')
#55 {main}

[previous exception] [object] (Error(code: 0): Call to a member function format() on string at D:\\development\\CollaborateAgenToC\\AgentC\\storage\\framework\\views\\a2c19a32c08e629f139836f12dd716ec.php:134)
[stacktrace]
#0 D:\\development\\CollaborateAgenToC\\AgentC\\vendor\\laravel\\framework\\src\\Illuminate\\Filesystem\\Filesystem.php(123): require()
#1 D:\\development\\CollaborateAgenToC\\AgentC\\vendor\\laravel\\framework\\src\\Illuminate\\Filesystem\\Filesystem.php(124): Illuminate\\Filesystem\\Filesystem::{closure:Illuminate\\Filesystem\\Filesystem::getRequire():120}()
#2 D:\\development\\CollaborateAgenToC\\AgentC\\vendor\\laravel\\framework\\src\\Illuminate\\View\\Engines\\PhpEngine.php(57): Illuminate\\Filesystem\\Filesystem->getRequire('D:\\\\development\\\\...', Array)
#3 D:\\development\\CollaborateAgenToC\\AgentC\\vendor\\laravel\\framework\\src\\Illuminate\\View\\Engines\\CompilerEngine.php(74): Illuminate\\View\\Engines\\PhpEngine->evaluatePath('D:\\\\development\\\\...', Array)
#4 D:\\development\\CollaborateAgenToC\\AgentC\\vendor\\laravel\\framework\\src\\Illuminate\\View\\View.php(208): Illuminate\\View\\Engines\\CompilerEngine->get('D:\\\\development\\\\...', Array)
#5 D:\\development\\CollaborateAgenToC\\AgentC\\vendor\\laravel\\framework\\src\\Illuminate\\View\\View.php(191): Illuminate\\View\\View->getContents()
#6 D:\\development\\CollaborateAgenToC\\AgentC\\vendor\\laravel\\framework\\src\\Illuminate\\View\\View.php(160): Illuminate\\View\\View->renderContents()
#7 D:\\development\\CollaborateAgenToC\\AgentC\\vendor\\laravel\\framework\\src\\Illuminate\\Http\\Response.php(78): Illuminate\\View\\View->render()
#8 D:\\development\\CollaborateAgenToC\\AgentC\\vendor\\laravel\\framework\\src\\Illuminate\\Http\\Response.php(34): Illuminate\\Http\\Response->setContent(Object(Illuminate\\View\\View))
#9 D:\\development\\CollaborateAgenToC\\AgentC\\vendor\\laravel\\framework\\src\\Illuminate\\Routing\\Router.php(924): Illuminate\\Http\\Response->__construct(Object(Illuminate\\View\\View), 200, Array)
#10 D:\\development\\CollaborateAgenToC\\AgentC\\vendor\\laravel\\framework\\src\\Illuminate\\Routing\\Router.php(891): Illuminate\\Routing\\Router::toResponse(Object(Illuminate\\Http\\Request), Object(Illuminate\\View\\View))
#11 D:\\development\\CollaborateAgenToC\\AgentC\\vendor\\laravel\\framework\\src\\Illuminate\\Routing\\Router.php(807): Illuminate\\Routing\\Router->prepareResponse(Object(Illuminate\\Http\\Request), Object(Illuminate\\View\\View))
#12 D:\\development\\CollaborateAgenToC\\AgentC\\vendor\\laravel\\framework\\src\\Illuminate\\Pipeline\\Pipeline.php(169): Illuminate\\Routing\\Router->{closure:Illuminate\\Routing\\Router::runRouteWithinStack():807}(Object(Illuminate\\Http\\Request))
#13 D:\\development\\CollaborateAgenToC\\AgentC\\vendor\\laravel\\framework\\src\\Illuminate\\Routing\\Middleware\\SubstituteBindings.php(50): Illuminate\\Pipeline\\Pipeline->{closure:Illuminate\\Pipeline\\Pipeline::prepareDestination():167}(Object(Illuminate\\Http\\Request))
#14 D:\\development\\CollaborateAgenToC\\AgentC\\vendor\\laravel\\framework\\src\\Illuminate\\Pipeline\\Pipeline.php(208): Illuminate\\Routing\\Middleware\\SubstituteBindings->handle(Object(Illuminate\\Http\\Request), Object(Closure))
#15 D:\\development\\CollaborateAgenToC\\AgentC\\vendor\\laravel\\framework\\src\\Illuminate\\Foundation\\Http\\Middleware\\VerifyCsrfToken.php(87): Illuminate\\Pipeline\\Pipeline->{closure:{closure:Illuminate\\Pipeline\\Pipeline::carry():183}:184}(Object(Illuminate\\Http\\Request))
#16 D:\\development\\CollaborateAgenToC\\AgentC\\vendor\\laravel\\framework\\src\\Illuminate\\Pipeline\\Pipeline.php(208): Illuminate\\Foundation\\Http\\Middleware\\VerifyCsrfToken->handle(Object(Illuminate\\Http\\Request), Object(Closure))
#17 D:\\development\\CollaborateAgenToC\\AgentC\\vendor\\laravel\\framework\\src\\Illuminate\\View\\Middleware\\ShareErrorsFromSession.php(48): Illuminate\\Pipeline\\Pipeline->{closure:{closure:Illuminate\\Pipeline\\Pipeline::carry():183}:184}(Object(Illuminate\\Http\\Request))
#18 D:\\development\\CollaborateAgenToC\\AgentC\\vendor\\laravel\\framework\\src\\Illuminate\\Pipeline\\Pipeline.php(208): Illuminate\\View\\Middleware\\ShareErrorsFromSession->handle(Object(Illuminate\\Http\\Request), Object(Closure))
#19 D:\\development\\CollaborateAgenToC\\AgentC\\vendor\\laravel\\framework\\src\\Illuminate\\Session\\Middleware\\StartSession.php(120): Illuminate\\Pipeline\\Pipeline->{closure:{closure:Illuminate\\Pipeline\\Pipeline::carry():183}:184}(Object(Illuminate\\Http\\Request))
#20 D:\\development\\CollaborateAgenToC\\AgentC\\vendor\\laravel\\framework\\src\\Illuminate\\Session\\Middleware\\StartSession.php(63): Illuminate\\Session\\Middleware\\StartSession->handleStatefulRequest(Object(Illuminate\\Http\\Request), Object(Illuminate\\Session\\Store), Object(Closure))
#21 D:\\development\\CollaborateAgenToC\\AgentC\\vendor\\laravel\\framework\\src\\Illuminate\\Pipeline\\Pipeline.php(208): Illuminate\\Session\\Middleware\\StartSession->handle(Object(Illuminate\\Http\\Request), Object(Closure))
#22 D:\\development\\CollaborateAgenToC\\AgentC\\vendor\\laravel\\framework\\src\\Illuminate\\Cookie\\Middleware\\AddQueuedCookiesToResponse.php(36): Illuminate\\Pipeline\\Pipeline->{closure:{closure:Illuminate\\Pipeline\\Pipeline::carry():183}:184}(Object(Illuminate\\Http\\Request))
#23 D:\\development\\CollaborateAgenToC\\AgentC\\vendor\\laravel\\framework\\src\\Illuminate\\Pipeline\\Pipeline.php(208): Illuminate\\Cookie\\Middleware\\AddQueuedCookiesToResponse->handle(Object(Illuminate\\Http\\Request), Object(Closure))
#24 D:\\development\\CollaborateAgenToC\\AgentC\\vendor\\laravel\\framework\\src\\Illuminate\\Cookie\\Middleware\\EncryptCookies.php(74): Illuminate\\Pipeline\\Pipeline->{closure:{closure:Illuminate\\Pipeline\\Pipeline::carry():183}:184}(Object(Illuminate\\Http\\Request))
#25 D:\\development\\CollaborateAgenToC\\AgentC\\vendor\\laravel\\framework\\src\\Illuminate\\Pipeline\\Pipeline.php(208): Illuminate\\Cookie\\Middleware\\EncryptCookies->handle(Object(Illuminate\\Http\\Request), Object(Closure))
#26 D:\\development\\CollaborateAgenToC\\AgentC\\vendor\\laravel\\framework\\src\\Illuminate\\Pipeline\\Pipeline.php(126): Illuminate\\Pipeline\\Pipeline->{closure:{closure:Illuminate\\Pipeline\\Pipeline::carry():183}:184}(Object(Illuminate\\Http\\Request))
#27 D:\\development\\CollaborateAgenToC\\AgentC\\vendor\\laravel\\framework\\src\\Illuminate\\Routing\\Router.php(807): Illuminate\\Pipeline\\Pipeline->then(Object(Closure))
#28 D:\\development\\CollaborateAgenToC\\AgentC\\vendor\\laravel\\framework\\src\\Illuminate\\Routing\\Router.php(786): Illuminate\\Routing\\Router->runRouteWithinStack(Object(Illuminate\\Routing\\Route), Object(Illuminate\\Http\\Request))
#29 D:\\development\\CollaborateAgenToC\\AgentC\\vendor\\laravel\\framework\\src\\Illuminate\\Routing\\Router.php(750): Illuminate\\Routing\\Router->runRoute(Object(Illuminate\\Http\\Request), Object(Illuminate\\Routing\\Route))
#30 D:\\development\\CollaborateAgenToC\\AgentC\\vendor\\laravel\\framework\\src\\Illuminate\\Routing\\Router.php(739): Illuminate\\Routing\\Router->dispatchToRoute(Object(Illuminate\\Http\\Request))
#31 D:\\development\\CollaborateAgenToC\\AgentC\\vendor\\laravel\\framework\\src\\Illuminate\\Foundation\\Http\\Kernel.php(200): Illuminate\\Routing\\Router->dispatch(Object(Illuminate\\Http\\Request))
#32 D:\\development\\CollaborateAgenToC\\AgentC\\vendor\\laravel\\framework\\src\\Illuminate\\Pipeline\\Pipeline.php(169): Illuminate\\Foundation\\Http\\Kernel->{closure:Illuminate\\Foundation\\Http\\Kernel::dispatchToRouter():197}(Object(Illuminate\\Http\\Request))
#33 D:\\development\\CollaborateAgenToC\\AgentC\\vendor\\laravel\\framework\\src\\Illuminate\\Foundation\\Http\\Middleware\\TransformsRequest.php(21): Illuminate\\Pipeline\\Pipeline->{closure:Illuminate\\Pipeline\\Pipeline::prepareDestination():167}(Object(Illuminate\\Http\\Request))
#34 D:\\development\\CollaborateAgenToC\\AgentC\\vendor\\laravel\\framework\\src\\Illuminate\\Foundation\\Http\\Middleware\\ConvertEmptyStringsToNull.php(31): Illuminate\\Foundation\\Http\\Middleware\\TransformsRequest->handle(Object(Illuminate\\Http\\Request), Object(Closure))
#35 D:\\development\\CollaborateAgenToC\\AgentC\\vendor\\laravel\\framework\\src\\Illuminate\\Pipeline\\Pipeline.php(208): Illuminate\\Foundation\\Http\\Middleware\\ConvertEmptyStringsToNull->handle(Object(Illuminate\\Http\\Request), Object(Closure))
#36 D:\\development\\CollaborateAgenToC\\AgentC\\vendor\\laravel\\framework\\src\\Illuminate\\Foundation\\Http\\Middleware\\TransformsRequest.php(21): Illuminate\\Pipeline\\Pipeline->{closure:{closure:Illuminate\\Pipeline\\Pipeline::carry():183}:184}(Object(Illuminate\\Http\\Request))
#37 D:\\development\\CollaborateAgenToC\\AgentC\\vendor\\laravel\\framework\\src\\Illuminate\\Foundation\\Http\\Middleware\\TrimStrings.php(51): Illuminate\\Foundation\\Http\\Middleware\\TransformsRequest->handle(Object(Illuminate\\Http\\Request), Object(Closure))
#38 D:\\development\\CollaborateAgenToC\\AgentC\\vendor\\laravel\\framework\\src\\Illuminate\\Pipeline\\Pipeline.php(208): Illuminate\\Foundation\\Http\\Middleware\\TrimStrings->handle(Object(Illuminate\\Http\\Request), Object(Closure))
#39 D:\\development\\CollaborateAgenToC\\AgentC\\vendor\\laravel\\framework\\src\\Illuminate\\Http\\Middleware\\ValidatePostSize.php(27): Illuminate\\Pipeline\\Pipeline->{closure:{closure:Illuminate\\Pipeline\\Pipeline::carry():183}:184}(Object(Illuminate\\Http\\Request))
#40 D:\\development\\CollaborateAgenToC\\AgentC\\vendor\\laravel\\framework\\src\\Illuminate\\Pipeline\\Pipeline.php(208): Illuminate\\Http\\Middleware\\ValidatePostSize->handle(Object(Illuminate\\Http\\Request), Object(Closure))
#41 D:\\development\\CollaborateAgenToC\\AgentC\\vendor\\laravel\\framework\\src\\Illuminate\\Foundation\\Http\\Middleware\\PreventRequestsDuringMaintenance.php(109): Illuminate\\Pipeline\\Pipeline->{closure:{closure:Illuminate\\Pipeline\\Pipeline::carry():183}:184}(Object(Illuminate\\Http\\Request))
#42 D:\\development\\CollaborateAgenToC\\AgentC\\vendor\\laravel\\framework\\src\\Illuminate\\Pipeline\\Pipeline.php(208): Illuminate\\Foundation\\Http\\Middleware\\PreventRequestsDuringMaintenance->handle(Object(Illuminate\\Http\\Request), Object(Closure))
#43 D:\\development\\CollaborateAgenToC\\AgentC\\vendor\\laravel\\framework\\src\\Illuminate\\Http\\Middleware\\HandleCors.php(48): Illuminate\\Pipeline\\Pipeline->{closure:{closure:Illuminate\\Pipeline\\Pipeline::carry():183}:184}(Object(Illuminate\\Http\\Request))
#44 D:\\development\\CollaborateAgenToC\\AgentC\\vendor\\laravel\\framework\\src\\Illuminate\\Pipeline\\Pipeline.php(208): Illuminate\\Http\\Middleware\\HandleCors->handle(Object(Illuminate\\Http\\Request), Object(Closure))
#45 D:\\development\\CollaborateAgenToC\\AgentC\\vendor\\laravel\\framework\\src\\Illuminate\\Http\\Middleware\\TrustProxies.php(58): Illuminate\\Pipeline\\Pipeline->{closure:{closure:Illuminate\\Pipeline\\Pipeline::carry():183}:184}(Object(Illuminate\\Http\\Request))
#46 D:\\development\\CollaborateAgenToC\\AgentC\\vendor\\laravel\\framework\\src\\Illuminate\\Pipeline\\Pipeline.php(208): Illuminate\\Http\\Middleware\\TrustProxies->handle(Object(Illuminate\\Http\\Request), Object(Closure))
#47 D:\\development\\CollaborateAgenToC\\AgentC\\vendor\\laravel\\framework\\src\\Illuminate\\Foundation\\Http\\Middleware\\InvokeDeferredCallbacks.php(22): Illuminate\\Pipeline\\Pipeline->{closure:{closure:Illuminate\\Pipeline\\Pipeline::carry():183}:184}(Object(Illuminate\\Http\\Request))
#48 D:\\development\\CollaborateAgenToC\\AgentC\\vendor\\laravel\\framework\\src\\Illuminate\\Pipeline\\Pipeline.php(208): Illuminate\\Foundation\\Http\\Middleware\\InvokeDeferredCallbacks->handle(Object(Illuminate\\Http\\Request), Object(Closure))
#49 D:\\development\\CollaborateAgenToC\\AgentC\\vendor\\laravel\\framework\\src\\Illuminate\\Http\\Middleware\\ValidatePathEncoding.php(26): Illuminate\\Pipeline\\Pipeline->{closure:{closure:Illuminate\\Pipeline\\Pipeline::carry():183}:184}(Object(Illuminate\\Http\\Request))
#50 D:\\development\\CollaborateAgenToC\\AgentC\\vendor\\laravel\\framework\\src\\Illuminate\\Pipeline\\Pipeline.php(208): Illuminate\\Http\\Middleware\\ValidatePathEncoding->handle(Object(Illuminate\\Http\\Request), Object(Closure))
#51 D:\\development\\CollaborateAgenToC\\AgentC\\vendor\\laravel\\framework\\src\\Illuminate\\Pipeline\\Pipeline.php(126): Illuminate\\Pipeline\\Pipeline->{closure:{closure:Illuminate\\Pipeline\\Pipeline::carry():183}:184}(Object(Illuminate\\Http\\Request))
#52 D:\\development\\CollaborateAgenToC\\AgentC\\vendor\\laravel\\framework\\src\\Illuminate\\Foundation\\Http\\Kernel.php(175): Illuminate\\Pipeline\\Pipeline->then(Object(Closure))
#53 D:\\development\\CollaborateAgenToC\\AgentC\\vendor\\laravel\\framework\\src\\Illuminate\\Foundation\\Http\\Kernel.php(144): Illuminate\\Foundation\\Http\\Kernel->sendRequestThroughRouter(Object(Illuminate\\Http\\Request))
#54 D:\\development\\CollaborateAgenToC\\AgentC\\vendor\\laravel\\framework\\src\\Illuminate\\Foundation\\Application.php(1219): Illuminate\\Foundation\\Http\\Kernel->handle(Object(Illuminate\\Http\\Request))
#55 D:\\development\\CollaborateAgenToC\\AgentC\\public\\index.php(20): Illuminate\\Foundation\\Application->handleRequest(Object(Illuminate\\Http\\Request))
#56 D:\\development\\CollaborateAgenToC\\AgentC\\vendor\\laravel\\framework\\src\\Illuminate\\Foundation\\resources\\server.php(23): require_once('D:\\\\development\\\\...')
#57 {main}
"} 
[2025-08-29 15:28:51] Development.ERROR: Call to a member function format() on string (View: D:\development\CollaborateAgenToC\AgentC\resources\views\transaction\receipt.blade.php) {"exception":"[object] (Illuminate\\View\\ViewException(code: 0): Call to a member function format() on string (View: D:\\development\\CollaborateAgenToC\\AgentC\\resources\\views\\transaction\\receipt.blade.php) at D:\\development\\CollaborateAgenToC\\AgentC\\storage\\framework\\views\\a2c19a32c08e629f139836f12dd716ec.php:134)
[stacktrace]
#0 D:\\development\\CollaborateAgenToC\\AgentC\\vendor\\laravel\\framework\\src\\Illuminate\\View\\Engines\\PhpEngine.php(59): Illuminate\\View\\Engines\\CompilerEngine->handleViewException(Object(Error), 0)
#1 D:\\development\\CollaborateAgenToC\\AgentC\\vendor\\laravel\\framework\\src\\Illuminate\\View\\Engines\\CompilerEngine.php(74): Illuminate\\View\\Engines\\PhpEngine->evaluatePath('D:\\\\development\\\\...', Array)
#2 D:\\development\\CollaborateAgenToC\\AgentC\\vendor\\laravel\\framework\\src\\Illuminate\\View\\View.php(208): Illuminate\\View\\Engines\\CompilerEngine->get('D:\\\\development\\\\...', Array)
#3 D:\\development\\CollaborateAgenToC\\AgentC\\vendor\\laravel\\framework\\src\\Illuminate\\View\\View.php(191): Illuminate\\View\\View->getContents()
#4 D:\\development\\CollaborateAgenToC\\AgentC\\vendor\\laravel\\framework\\src\\Illuminate\\View\\View.php(160): Illuminate\\View\\View->renderContents()
#5 D:\\development\\CollaborateAgenToC\\AgentC\\vendor\\laravel\\framework\\src\\Illuminate\\Http\\Response.php(78): Illuminate\\View\\View->render()
#6 D:\\development\\CollaborateAgenToC\\AgentC\\vendor\\laravel\\framework\\src\\Illuminate\\Http\\Response.php(34): Illuminate\\Http\\Response->setContent(Object(Illuminate\\View\\View))
#7 D:\\development\\CollaborateAgenToC\\AgentC\\vendor\\laravel\\framework\\src\\Illuminate\\Routing\\Router.php(924): Illuminate\\Http\\Response->__construct(Object(Illuminate\\View\\View), 200, Array)
#8 D:\\development\\CollaborateAgenToC\\AgentC\\vendor\\laravel\\framework\\src\\Illuminate\\Routing\\Router.php(891): Illuminate\\Routing\\Router::toResponse(Object(Illuminate\\Http\\Request), Object(Illuminate\\View\\View))
#9 D:\\development\\CollaborateAgenToC\\AgentC\\vendor\\laravel\\framework\\src\\Illuminate\\Routing\\Router.php(807): Illuminate\\Routing\\Router->prepareResponse(Object(Illuminate\\Http\\Request), Object(Illuminate\\View\\View))
#10 D:\\development\\CollaborateAgenToC\\AgentC\\vendor\\laravel\\framework\\src\\Illuminate\\Pipeline\\Pipeline.php(169): Illuminate\\Routing\\Router->{closure:Illuminate\\Routing\\Router::runRouteWithinStack():807}(Object(Illuminate\\Http\\Request))
#11 D:\\development\\CollaborateAgenToC\\AgentC\\vendor\\laravel\\framework\\src\\Illuminate\\Routing\\Middleware\\SubstituteBindings.php(50): Illuminate\\Pipeline\\Pipeline->{closure:Illuminate\\Pipeline\\Pipeline::prepareDestination():167}(Object(Illuminate\\Http\\Request))
#12 D:\\development\\CollaborateAgenToC\\AgentC\\vendor\\laravel\\framework\\src\\Illuminate\\Pipeline\\Pipeline.php(208): Illuminate\\Routing\\Middleware\\SubstituteBindings->handle(Object(Illuminate\\Http\\Request), Object(Closure))
#13 D:\\development\\CollaborateAgenToC\\AgentC\\vendor\\laravel\\framework\\src\\Illuminate\\Foundation\\Http\\Middleware\\VerifyCsrfToken.php(87): Illuminate\\Pipeline\\Pipeline->{closure:{closure:Illuminate\\Pipeline\\Pipeline::carry():183}:184}(Object(Illuminate\\Http\\Request))
#14 D:\\development\\CollaborateAgenToC\\AgentC\\vendor\\laravel\\framework\\src\\Illuminate\\Pipeline\\Pipeline.php(208): Illuminate\\Foundation\\Http\\Middleware\\VerifyCsrfToken->handle(Object(Illuminate\\Http\\Request), Object(Closure))
#15 D:\\development\\CollaborateAgenToC\\AgentC\\vendor\\laravel\\framework\\src\\Illuminate\\View\\Middleware\\ShareErrorsFromSession.php(48): Illuminate\\Pipeline\\Pipeline->{closure:{closure:Illuminate\\Pipeline\\Pipeline::carry():183}:184}(Object(Illuminate\\Http\\Request))
#16 D:\\development\\CollaborateAgenToC\\AgentC\\vendor\\laravel\\framework\\src\\Illuminate\\Pipeline\\Pipeline.php(208): Illuminate\\View\\Middleware\\ShareErrorsFromSession->handle(Object(Illuminate\\Http\\Request), Object(Closure))
#17 D:\\development\\CollaborateAgenToC\\AgentC\\vendor\\laravel\\framework\\src\\Illuminate\\Session\\Middleware\\StartSession.php(120): Illuminate\\Pipeline\\Pipeline->{closure:{closure:Illuminate\\Pipeline\\Pipeline::carry():183}:184}(Object(Illuminate\\Http\\Request))
#18 D:\\development\\CollaborateAgenToC\\AgentC\\vendor\\laravel\\framework\\src\\Illuminate\\Session\\Middleware\\StartSession.php(63): Illuminate\\Session\\Middleware\\StartSession->handleStatefulRequest(Object(Illuminate\\Http\\Request), Object(Illuminate\\Session\\Store), Object(Closure))
#19 D:\\development\\CollaborateAgenToC\\AgentC\\vendor\\laravel\\framework\\src\\Illuminate\\Pipeline\\Pipeline.php(208): Illuminate\\Session\\Middleware\\StartSession->handle(Object(Illuminate\\Http\\Request), Object(Closure))
#20 D:\\development\\CollaborateAgenToC\\AgentC\\vendor\\laravel\\framework\\src\\Illuminate\\Cookie\\Middleware\\AddQueuedCookiesToResponse.php(36): Illuminate\\Pipeline\\Pipeline->{closure:{closure:Illuminate\\Pipeline\\Pipeline::carry():183}:184}(Object(Illuminate\\Http\\Request))
#21 D:\\development\\CollaborateAgenToC\\AgentC\\vendor\\laravel\\framework\\src\\Illuminate\\Pipeline\\Pipeline.php(208): Illuminate\\Cookie\\Middleware\\AddQueuedCookiesToResponse->handle(Object(Illuminate\\Http\\Request), Object(Closure))
#22 D:\\development\\CollaborateAgenToC\\AgentC\\vendor\\laravel\\framework\\src\\Illuminate\\Cookie\\Middleware\\EncryptCookies.php(74): Illuminate\\Pipeline\\Pipeline->{closure:{closure:Illuminate\\Pipeline\\Pipeline::carry():183}:184}(Object(Illuminate\\Http\\Request))
#23 D:\\development\\CollaborateAgenToC\\AgentC\\vendor\\laravel\\framework\\src\\Illuminate\\Pipeline\\Pipeline.php(208): Illuminate\\Cookie\\Middleware\\EncryptCookies->handle(Object(Illuminate\\Http\\Request), Object(Closure))
#24 D:\\development\\CollaborateAgenToC\\AgentC\\vendor\\laravel\\framework\\src\\Illuminate\\Pipeline\\Pipeline.php(126): Illuminate\\Pipeline\\Pipeline->{closure:{closure:Illuminate\\Pipeline\\Pipeline::carry():183}:184}(Object(Illuminate\\Http\\Request))
#25 D:\\development\\CollaborateAgenToC\\AgentC\\vendor\\laravel\\framework\\src\\Illuminate\\Routing\\Router.php(807): Illuminate\\Pipeline\\Pipeline->then(Object(Closure))
#26 D:\\development\\CollaborateAgenToC\\AgentC\\vendor\\laravel\\framework\\src\\Illuminate\\Routing\\Router.php(786): Illuminate\\Routing\\Router->runRouteWithinStack(Object(Illuminate\\Routing\\Route), Object(Illuminate\\Http\\Request))
#27 D:\\development\\CollaborateAgenToC\\AgentC\\vendor\\laravel\\framework\\src\\Illuminate\\Routing\\Router.php(750): Illuminate\\Routing\\Router->runRoute(Object(Illuminate\\Http\\Request), Object(Illuminate\\Routing\\Route))
#28 D:\\development\\CollaborateAgenToC\\AgentC\\vendor\\laravel\\framework\\src\\Illuminate\\Routing\\Router.php(739): Illuminate\\Routing\\Router->dispatchToRoute(Object(Illuminate\\Http\\Request))
#29 D:\\development\\CollaborateAgenToC\\AgentC\\vendor\\laravel\\framework\\src\\Illuminate\\Foundation\\Http\\Kernel.php(200): Illuminate\\Routing\\Router->dispatch(Object(Illuminate\\Http\\Request))
#30 D:\\development\\CollaborateAgenToC\\AgentC\\vendor\\laravel\\framework\\src\\Illuminate\\Pipeline\\Pipeline.php(169): Illuminate\\Foundation\\Http\\Kernel->{closure:Illuminate\\Foundation\\Http\\Kernel::dispatchToRouter():197}(Object(Illuminate\\Http\\Request))
#31 D:\\development\\CollaborateAgenToC\\AgentC\\vendor\\laravel\\framework\\src\\Illuminate\\Foundation\\Http\\Middleware\\TransformsRequest.php(21): Illuminate\\Pipeline\\Pipeline->{closure:Illuminate\\Pipeline\\Pipeline::prepareDestination():167}(Object(Illuminate\\Http\\Request))
#32 D:\\development\\CollaborateAgenToC\\AgentC\\vendor\\laravel\\framework\\src\\Illuminate\\Foundation\\Http\\Middleware\\ConvertEmptyStringsToNull.php(31): Illuminate\\Foundation\\Http\\Middleware\\TransformsRequest->handle(Object(Illuminate\\Http\\Request), Object(Closure))
#33 D:\\development\\CollaborateAgenToC\\AgentC\\vendor\\laravel\\framework\\src\\Illuminate\\Pipeline\\Pipeline.php(208): Illuminate\\Foundation\\Http\\Middleware\\ConvertEmptyStringsToNull->handle(Object(Illuminate\\Http\\Request), Object(Closure))
#34 D:\\development\\CollaborateAgenToC\\AgentC\\vendor\\laravel\\framework\\src\\Illuminate\\Foundation\\Http\\Middleware\\TransformsRequest.php(21): Illuminate\\Pipeline\\Pipeline->{closure:{closure:Illuminate\\Pipeline\\Pipeline::carry():183}:184}(Object(Illuminate\\Http\\Request))
#35 D:\\development\\CollaborateAgenToC\\AgentC\\vendor\\laravel\\framework\\src\\Illuminate\\Foundation\\Http\\Middleware\\TrimStrings.php(51): Illuminate\\Foundation\\Http\\Middleware\\TransformsRequest->handle(Object(Illuminate\\Http\\Request), Object(Closure))
#36 D:\\development\\CollaborateAgenToC\\AgentC\\vendor\\laravel\\framework\\src\\Illuminate\\Pipeline\\Pipeline.php(208): Illuminate\\Foundation\\Http\\Middleware\\TrimStrings->handle(Object(Illuminate\\Http\\Request), Object(Closure))
#37 D:\\development\\CollaborateAgenToC\\AgentC\\vendor\\laravel\\framework\\src\\Illuminate\\Http\\Middleware\\ValidatePostSize.php(27): Illuminate\\Pipeline\\Pipeline->{closure:{closure:Illuminate\\Pipeline\\Pipeline::carry():183}:184}(Object(Illuminate\\Http\\Request))
#38 D:\\development\\CollaborateAgenToC\\AgentC\\vendor\\laravel\\framework\\src\\Illuminate\\Pipeline\\Pipeline.php(208): Illuminate\\Http\\Middleware\\ValidatePostSize->handle(Object(Illuminate\\Http\\Request), Object(Closure))
#39 D:\\development\\CollaborateAgenToC\\AgentC\\vendor\\laravel\\framework\\src\\Illuminate\\Foundation\\Http\\Middleware\\PreventRequestsDuringMaintenance.php(109): Illuminate\\Pipeline\\Pipeline->{closure:{closure:Illuminate\\Pipeline\\Pipeline::carry():183}:184}(Object(Illuminate\\Http\\Request))
#40 D:\\development\\CollaborateAgenToC\\AgentC\\vendor\\laravel\\framework\\src\\Illuminate\\Pipeline\\Pipeline.php(208): Illuminate\\Foundation\\Http\\Middleware\\PreventRequestsDuringMaintenance->handle(Object(Illuminate\\Http\\Request), Object(Closure))
#41 D:\\development\\CollaborateAgenToC\\AgentC\\vendor\\laravel\\framework\\src\\Illuminate\\Http\\Middleware\\HandleCors.php(48): Illuminate\\Pipeline\\Pipeline->{closure:{closure:Illuminate\\Pipeline\\Pipeline::carry():183}:184}(Object(Illuminate\\Http\\Request))
#42 D:\\development\\CollaborateAgenToC\\AgentC\\vendor\\laravel\\framework\\src\\Illuminate\\Pipeline\\Pipeline.php(208): Illuminate\\Http\\Middleware\\HandleCors->handle(Object(Illuminate\\Http\\Request), Object(Closure))
#43 D:\\development\\CollaborateAgenToC\\AgentC\\vendor\\laravel\\framework\\src\\Illuminate\\Http\\Middleware\\TrustProxies.php(58): Illuminate\\Pipeline\\Pipeline->{closure:{closure:Illuminate\\Pipeline\\Pipeline::carry():183}:184}(Object(Illuminate\\Http\\Request))
#44 D:\\development\\CollaborateAgenToC\\AgentC\\vendor\\laravel\\framework\\src\\Illuminate\\Pipeline\\Pipeline.php(208): Illuminate\\Http\\Middleware\\TrustProxies->handle(Object(Illuminate\\Http\\Request), Object(Closure))
#45 D:\\development\\CollaborateAgenToC\\AgentC\\vendor\\laravel\\framework\\src\\Illuminate\\Foundation\\Http\\Middleware\\InvokeDeferredCallbacks.php(22): Illuminate\\Pipeline\\Pipeline->{closure:{closure:Illuminate\\Pipeline\\Pipeline::carry():183}:184}(Object(Illuminate\\Http\\Request))
#46 D:\\development\\CollaborateAgenToC\\AgentC\\vendor\\laravel\\framework\\src\\Illuminate\\Pipeline\\Pipeline.php(208): Illuminate\\Foundation\\Http\\Middleware\\InvokeDeferredCallbacks->handle(Object(Illuminate\\Http\\Request), Object(Closure))
#47 D:\\development\\CollaborateAgenToC\\AgentC\\vendor\\laravel\\framework\\src\\Illuminate\\Http\\Middleware\\ValidatePathEncoding.php(26): Illuminate\\Pipeline\\Pipeline->{closure:{closure:Illuminate\\Pipeline\\Pipeline::carry():183}:184}(Object(Illuminate\\Http\\Request))
#48 D:\\development\\CollaborateAgenToC\\AgentC\\vendor\\laravel\\framework\\src\\Illuminate\\Pipeline\\Pipeline.php(208): Illuminate\\Http\\Middleware\\ValidatePathEncoding->handle(Object(Illuminate\\Http\\Request), Object(Closure))
#49 D:\\development\\CollaborateAgenToC\\AgentC\\vendor\\laravel\\framework\\src\\Illuminate\\Pipeline\\Pipeline.php(126): Illuminate\\Pipeline\\Pipeline->{closure:{closure:Illuminate\\Pipeline\\Pipeline::carry():183}:184}(Object(Illuminate\\Http\\Request))
#50 D:\\development\\CollaborateAgenToC\\AgentC\\vendor\\laravel\\framework\\src\\Illuminate\\Foundation\\Http\\Kernel.php(175): Illuminate\\Pipeline\\Pipeline->then(Object(Closure))
#51 D:\\development\\CollaborateAgenToC\\AgentC\\vendor\\laravel\\framework\\src\\Illuminate\\Foundation\\Http\\Kernel.php(144): Illuminate\\Foundation\\Http\\Kernel->sendRequestThroughRouter(Object(Illuminate\\Http\\Request))
#52 D:\\development\\CollaborateAgenToC\\AgentC\\vendor\\laravel\\framework\\src\\Illuminate\\Foundation\\Application.php(1219): Illuminate\\Foundation\\Http\\Kernel->handle(Object(Illuminate\\Http\\Request))
#53 D:\\development\\CollaborateAgenToC\\AgentC\\public\\index.php(20): Illuminate\\Foundation\\Application->handleRequest(Object(Illuminate\\Http\\Request))
#54 D:\\development\\CollaborateAgenToC\\AgentC\\vendor\\laravel\\framework\\src\\Illuminate\\Foundation\\resources\\server.php(23): require_once('D:\\\\development\\\\...')
#55 {main}

[previous exception] [object] (Error(code: 0): Call to a member function format() on string at D:\\development\\CollaborateAgenToC\\AgentC\\storage\\framework\\views\\a2c19a32c08e629f139836f12dd716ec.php:134)
[stacktrace]
#0 D:\\development\\CollaborateAgenToC\\AgentC\\vendor\\laravel\\framework\\src\\Illuminate\\Filesystem\\Filesystem.php(123): require()
#1 D:\\development\\CollaborateAgenToC\\AgentC\\vendor\\laravel\\framework\\src\\Illuminate\\Filesystem\\Filesystem.php(124): Illuminate\\Filesystem\\Filesystem::{closure:Illuminate\\Filesystem\\Filesystem::getRequire():120}()
#2 D:\\development\\CollaborateAgenToC\\AgentC\\vendor\\laravel\\framework\\src\\Illuminate\\View\\Engines\\PhpEngine.php(57): Illuminate\\Filesystem\\Filesystem->getRequire('D:\\\\development\\\\...', Array)
#3 D:\\development\\CollaborateAgenToC\\AgentC\\vendor\\laravel\\framework\\src\\Illuminate\\View\\Engines\\CompilerEngine.php(74): Illuminate\\View\\Engines\\PhpEngine->evaluatePath('D:\\\\development\\\\...', Array)
#4 D:\\development\\CollaborateAgenToC\\AgentC\\vendor\\laravel\\framework\\src\\Illuminate\\View\\View.php(208): Illuminate\\View\\Engines\\CompilerEngine->get('D:\\\\development\\\\...', Array)
#5 D:\\development\\CollaborateAgenToC\\AgentC\\vendor\\laravel\\framework\\src\\Illuminate\\View\\View.php(191): Illuminate\\View\\View->getContents()
#6 D:\\development\\CollaborateAgenToC\\AgentC\\vendor\\laravel\\framework\\src\\Illuminate\\View\\View.php(160): Illuminate\\View\\View->renderContents()
#7 D:\\development\\CollaborateAgenToC\\AgentC\\vendor\\laravel\\framework\\src\\Illuminate\\Http\\Response.php(78): Illuminate\\View\\View->render()
#8 D:\\development\\CollaborateAgenToC\\AgentC\\vendor\\laravel\\framework\\src\\Illuminate\\Http\\Response.php(34): Illuminate\\Http\\Response->setContent(Object(Illuminate\\View\\View))
#9 D:\\development\\CollaborateAgenToC\\AgentC\\vendor\\laravel\\framework\\src\\Illuminate\\Routing\\Router.php(924): Illuminate\\Http\\Response->__construct(Object(Illuminate\\View\\View), 200, Array)
#10 D:\\development\\CollaborateAgenToC\\AgentC\\vendor\\laravel\\framework\\src\\Illuminate\\Routing\\Router.php(891): Illuminate\\Routing\\Router::toResponse(Object(Illuminate\\Http\\Request), Object(Illuminate\\View\\View))
#11 D:\\development\\CollaborateAgenToC\\AgentC\\vendor\\laravel\\framework\\src\\Illuminate\\Routing\\Router.php(807): Illuminate\\Routing\\Router->prepareResponse(Object(Illuminate\\Http\\Request), Object(Illuminate\\View\\View))
#12 D:\\development\\CollaborateAgenToC\\AgentC\\vendor\\laravel\\framework\\src\\Illuminate\\Pipeline\\Pipeline.php(169): Illuminate\\Routing\\Router->{closure:Illuminate\\Routing\\Router::runRouteWithinStack():807}(Object(Illuminate\\Http\\Request))
#13 D:\\development\\CollaborateAgenToC\\AgentC\\vendor\\laravel\\framework\\src\\Illuminate\\Routing\\Middleware\\SubstituteBindings.php(50): Illuminate\\Pipeline\\Pipeline->{closure:Illuminate\\Pipeline\\Pipeline::prepareDestination():167}(Object(Illuminate\\Http\\Request))
#14 D:\\development\\CollaborateAgenToC\\AgentC\\vendor\\laravel\\framework\\src\\Illuminate\\Pipeline\\Pipeline.php(208): Illuminate\\Routing\\Middleware\\SubstituteBindings->handle(Object(Illuminate\\Http\\Request), Object(Closure))
#15 D:\\development\\CollaborateAgenToC\\AgentC\\vendor\\laravel\\framework\\src\\Illuminate\\Foundation\\Http\\Middleware\\VerifyCsrfToken.php(87): Illuminate\\Pipeline\\Pipeline->{closure:{closure:Illuminate\\Pipeline\\Pipeline::carry():183}:184}(Object(Illuminate\\Http\\Request))
#16 D:\\development\\CollaborateAgenToC\\AgentC\\vendor\\laravel\\framework\\src\\Illuminate\\Pipeline\\Pipeline.php(208): Illuminate\\Foundation\\Http\\Middleware\\VerifyCsrfToken->handle(Object(Illuminate\\Http\\Request), Object(Closure))
#17 D:\\development\\CollaborateAgenToC\\AgentC\\vendor\\laravel\\framework\\src\\Illuminate\\View\\Middleware\\ShareErrorsFromSession.php(48): Illuminate\\Pipeline\\Pipeline->{closure:{closure:Illuminate\\Pipeline\\Pipeline::carry():183}:184}(Object(Illuminate\\Http\\Request))
#18 D:\\development\\CollaborateAgenToC\\AgentC\\vendor\\laravel\\framework\\src\\Illuminate\\Pipeline\\Pipeline.php(208): Illuminate\\View\\Middleware\\ShareErrorsFromSession->handle(Object(Illuminate\\Http\\Request), Object(Closure))
#19 D:\\development\\CollaborateAgenToC\\AgentC\\vendor\\laravel\\framework\\src\\Illuminate\\Session\\Middleware\\StartSession.php(120): Illuminate\\Pipeline\\Pipeline->{closure:{closure:Illuminate\\Pipeline\\Pipeline::carry():183}:184}(Object(Illuminate\\Http\\Request))
#20 D:\\development\\CollaborateAgenToC\\AgentC\\vendor\\laravel\\framework\\src\\Illuminate\\Session\\Middleware\\StartSession.php(63): Illuminate\\Session\\Middleware\\StartSession->handleStatefulRequest(Object(Illuminate\\Http\\Request), Object(Illuminate\\Session\\Store), Object(Closure))
#21 D:\\development\\CollaborateAgenToC\\AgentC\\vendor\\laravel\\framework\\src\\Illuminate\\Pipeline\\Pipeline.php(208): Illuminate\\Session\\Middleware\\StartSession->handle(Object(Illuminate\\Http\\Request), Object(Closure))
#22 D:\\development\\CollaborateAgenToC\\AgentC\\vendor\\laravel\\framework\\src\\Illuminate\\Cookie\\Middleware\\AddQueuedCookiesToResponse.php(36): Illuminate\\Pipeline\\Pipeline->{closure:{closure:Illuminate\\Pipeline\\Pipeline::carry():183}:184}(Object(Illuminate\\Http\\Request))
#23 D:\\development\\CollaborateAgenToC\\AgentC\\vendor\\laravel\\framework\\src\\Illuminate\\Pipeline\\Pipeline.php(208): Illuminate\\Cookie\\Middleware\\AddQueuedCookiesToResponse->handle(Object(Illuminate\\Http\\Request), Object(Closure))
#24 D:\\development\\CollaborateAgenToC\\AgentC\\vendor\\laravel\\framework\\src\\Illuminate\\Cookie\\Middleware\\EncryptCookies.php(74): Illuminate\\Pipeline\\Pipeline->{closure:{closure:Illuminate\\Pipeline\\Pipeline::carry():183}:184}(Object(Illuminate\\Http\\Request))
#25 D:\\development\\CollaborateAgenToC\\AgentC\\vendor\\laravel\\framework\\src\\Illuminate\\Pipeline\\Pipeline.php(208): Illuminate\\Cookie\\Middleware\\EncryptCookies->handle(Object(Illuminate\\Http\\Request), Object(Closure))
#26 D:\\development\\CollaborateAgenToC\\AgentC\\vendor\\laravel\\framework\\src\\Illuminate\\Pipeline\\Pipeline.php(126): Illuminate\\Pipeline\\Pipeline->{closure:{closure:Illuminate\\Pipeline\\Pipeline::carry():183}:184}(Object(Illuminate\\Http\\Request))
#27 D:\\development\\CollaborateAgenToC\\AgentC\\vendor\\laravel\\framework\\src\\Illuminate\\Routing\\Router.php(807): Illuminate\\Pipeline\\Pipeline->then(Object(Closure))
#28 D:\\development\\CollaborateAgenToC\\AgentC\\vendor\\laravel\\framework\\src\\Illuminate\\Routing\\Router.php(786): Illuminate\\Routing\\Router->runRouteWithinStack(Object(Illuminate\\Routing\\Route), Object(Illuminate\\Http\\Request))
#29 D:\\development\\CollaborateAgenToC\\AgentC\\vendor\\laravel\\framework\\src\\Illuminate\\Routing\\Router.php(750): Illuminate\\Routing\\Router->runRoute(Object(Illuminate\\Http\\Request), Object(Illuminate\\Routing\\Route))
#30 D:\\development\\CollaborateAgenToC\\AgentC\\vendor\\laravel\\framework\\src\\Illuminate\\Routing\\Router.php(739): Illuminate\\Routing\\Router->dispatchToRoute(Object(Illuminate\\Http\\Request))
#31 D:\\development\\CollaborateAgenToC\\AgentC\\vendor\\laravel\\framework\\src\\Illuminate\\Foundation\\Http\\Kernel.php(200): Illuminate\\Routing\\Router->dispatch(Object(Illuminate\\Http\\Request))
#32 D:\\development\\CollaborateAgenToC\\AgentC\\vendor\\laravel\\framework\\src\\Illuminate\\Pipeline\\Pipeline.php(169): Illuminate\\Foundation\\Http\\Kernel->{closure:Illuminate\\Foundation\\Http\\Kernel::dispatchToRouter():197}(Object(Illuminate\\Http\\Request))
#33 D:\\development\\CollaborateAgenToC\\AgentC\\vendor\\laravel\\framework\\src\\Illuminate\\Foundation\\Http\\Middleware\\TransformsRequest.php(21): Illuminate\\Pipeline\\Pipeline->{closure:Illuminate\\Pipeline\\Pipeline::prepareDestination():167}(Object(Illuminate\\Http\\Request))
#34 D:\\development\\CollaborateAgenToC\\AgentC\\vendor\\laravel\\framework\\src\\Illuminate\\Foundation\\Http\\Middleware\\ConvertEmptyStringsToNull.php(31): Illuminate\\Foundation\\Http\\Middleware\\TransformsRequest->handle(Object(Illuminate\\Http\\Request), Object(Closure))
#35 D:\\development\\CollaborateAgenToC\\AgentC\\vendor\\laravel\\framework\\src\\Illuminate\\Pipeline\\Pipeline.php(208): Illuminate\\Foundation\\Http\\Middleware\\ConvertEmptyStringsToNull->handle(Object(Illuminate\\Http\\Request), Object(Closure))
#36 D:\\development\\CollaborateAgenToC\\AgentC\\vendor\\laravel\\framework\\src\\Illuminate\\Foundation\\Http\\Middleware\\TransformsRequest.php(21): Illuminate\\Pipeline\\Pipeline->{closure:{closure:Illuminate\\Pipeline\\Pipeline::carry():183}:184}(Object(Illuminate\\Http\\Request))
#37 D:\\development\\CollaborateAgenToC\\AgentC\\vendor\\laravel\\framework\\src\\Illuminate\\Foundation\\Http\\Middleware\\TrimStrings.php(51): Illuminate\\Foundation\\Http\\Middleware\\TransformsRequest->handle(Object(Illuminate\\Http\\Request), Object(Closure))
#38 D:\\development\\CollaborateAgenToC\\AgentC\\vendor\\laravel\\framework\\src\\Illuminate\\Pipeline\\Pipeline.php(208): Illuminate\\Foundation\\Http\\Middleware\\TrimStrings->handle(Object(Illuminate\\Http\\Request), Object(Closure))
#39 D:\\development\\CollaborateAgenToC\\AgentC\\vendor\\laravel\\framework\\src\\Illuminate\\Http\\Middleware\\ValidatePostSize.php(27): Illuminate\\Pipeline\\Pipeline->{closure:{closure:Illuminate\\Pipeline\\Pipeline::carry():183}:184}(Object(Illuminate\\Http\\Request))
#40 D:\\development\\CollaborateAgenToC\\AgentC\\vendor\\laravel\\framework\\src\\Illuminate\\Pipeline\\Pipeline.php(208): Illuminate\\Http\\Middleware\\ValidatePostSize->handle(Object(Illuminate\\Http\\Request), Object(Closure))
#41 D:\\development\\CollaborateAgenToC\\AgentC\\vendor\\laravel\\framework\\src\\Illuminate\\Foundation\\Http\\Middleware\\PreventRequestsDuringMaintenance.php(109): Illuminate\\Pipeline\\Pipeline->{closure:{closure:Illuminate\\Pipeline\\Pipeline::carry():183}:184}(Object(Illuminate\\Http\\Request))
#42 D:\\development\\CollaborateAgenToC\\AgentC\\vendor\\laravel\\framework\\src\\Illuminate\\Pipeline\\Pipeline.php(208): Illuminate\\Foundation\\Http\\Middleware\\PreventRequestsDuringMaintenance->handle(Object(Illuminate\\Http\\Request), Object(Closure))
#43 D:\\development\\CollaborateAgenToC\\AgentC\\vendor\\laravel\\framework\\src\\Illuminate\\Http\\Middleware\\HandleCors.php(48): Illuminate\\Pipeline\\Pipeline->{closure:{closure:Illuminate\\Pipeline\\Pipeline::carry():183}:184}(Object(Illuminate\\Http\\Request))
#44 D:\\development\\CollaborateAgenToC\\AgentC\\vendor\\laravel\\framework\\src\\Illuminate\\Pipeline\\Pipeline.php(208): Illuminate\\Http\\Middleware\\HandleCors->handle(Object(Illuminate\\Http\\Request), Object(Closure))
#45 D:\\development\\CollaborateAgenToC\\AgentC\\vendor\\laravel\\framework\\src\\Illuminate\\Http\\Middleware\\TrustProxies.php(58): Illuminate\\Pipeline\\Pipeline->{closure:{closure:Illuminate\\Pipeline\\Pipeline::carry():183}:184}(Object(Illuminate\\Http\\Request))
#46 D:\\development\\CollaborateAgenToC\\AgentC\\vendor\\laravel\\framework\\src\\Illuminate\\Pipeline\\Pipeline.php(208): Illuminate\\Http\\Middleware\\TrustProxies->handle(Object(Illuminate\\Http\\Request), Object(Closure))
#47 D:\\development\\CollaborateAgenToC\\AgentC\\vendor\\laravel\\framework\\src\\Illuminate\\Foundation\\Http\\Middleware\\InvokeDeferredCallbacks.php(22): Illuminate\\Pipeline\\Pipeline->{closure:{closure:Illuminate\\Pipeline\\Pipeline::carry():183}:184}(Object(Illuminate\\Http\\Request))
#48 D:\\development\\CollaborateAgenToC\\AgentC\\vendor\\laravel\\framework\\src\\Illuminate\\Pipeline\\Pipeline.php(208): Illuminate\\Foundation\\Http\\Middleware\\InvokeDeferredCallbacks->handle(Object(Illuminate\\Http\\Request), Object(Closure))
#49 D:\\development\\CollaborateAgenToC\\AgentC\\vendor\\laravel\\framework\\src\\Illuminate\\Http\\Middleware\\ValidatePathEncoding.php(26): Illuminate\\Pipeline\\Pipeline->{closure:{closure:Illuminate\\Pipeline\\Pipeline::carry():183}:184}(Object(Illuminate\\Http\\Request))
#50 D:\\development\\CollaborateAgenToC\\AgentC\\vendor\\laravel\\framework\\src\\Illuminate\\Pipeline\\Pipeline.php(208): Illuminate\\Http\\Middleware\\ValidatePathEncoding->handle(Object(Illuminate\\Http\\Request), Object(Closure))
#51 D:\\development\\CollaborateAgenToC\\AgentC\\vendor\\laravel\\framework\\src\\Illuminate\\Pipeline\\Pipeline.php(126): Illuminate\\Pipeline\\Pipeline->{closure:{closure:Illuminate\\Pipeline\\Pipeline::carry():183}:184}(Object(Illuminate\\Http\\Request))
#52 D:\\development\\CollaborateAgenToC\\AgentC\\vendor\\laravel\\framework\\src\\Illuminate\\Foundation\\Http\\Kernel.php(175): Illuminate\\Pipeline\\Pipeline->then(Object(Closure))
#53 D:\\development\\CollaborateAgenToC\\AgentC\\vendor\\laravel\\framework\\src\\Illuminate\\Foundation\\Http\\Kernel.php(144): Illuminate\\Foundation\\Http\\Kernel->sendRequestThroughRouter(Object(Illuminate\\Http\\Request))
#54 D:\\development\\CollaborateAgenToC\\AgentC\\vendor\\laravel\\framework\\src\\Illuminate\\Foundation\\Application.php(1219): Illuminate\\Foundation\\Http\\Kernel->handle(Object(Illuminate\\Http\\Request))
#55 D:\\development\\CollaborateAgenToC\\AgentC\\public\\index.php(20): Illuminate\\Foundation\\Application->handleRequest(Object(Illuminate\\Http\\Request))
#56 D:\\development\\CollaborateAgenToC\\AgentC\\vendor\\laravel\\framework\\src\\Illuminate\\Foundation\\resources\\server.php(23): require_once('D:\\\\development\\\\...')
#57 {main}
"} 
